<?xml version="1.0" encoding="UTF-8"?><ImplementationGuide xmlns="http://hl7.org/fhir"><id value="consent.id"/><text><status value="generated"/><div xmlns="http://www.w3.org/1999/xhtml"><p class="res-header-id"><b>Generated Narrative: ImplementationGuide consent.id</b></p><a name="consent.id"> </a><a name="hcconsent.id"> </a><a name="consent.id-en-US"> </a><h2>UTNConsentResource</h2><p>The official URL for this implementation guide is: </p><pre>http://utn/consentresource.com/ImplementationGuide/consent.id</pre></div></text><url value="http://utn/consentresource.com/ImplementationGuide/consent.id"/><version value="0.1.0"/><name value="UTNConsentResource"/><title value="University Telemedicine Network (UTN) FHIR Implementation Guide"/><status value="draft"/><date value="2025-03-26T13:23:18+01:00"/><publisher value="BIH-CEI"/><contact><name value="BIH-CEI"/><telecom><system value="url"/><value value="http://utn/consentresource.com"/></telecom></contact><packageId value="consent.id"/><license value="CC0-1.0"/><fhirVersion value="4.0.1"/><dependsOn id="hl7tx"><extension url="http://hl7.org/fhir/tools/StructureDefinition/implementationguide-dependency-comment"><valueMarkdown value="Automatically added as a dependency - all IGs depend on HL7 Terminology"/></extension><uri value="http://terminology.hl7.org/ImplementationGuide/hl7.terminology"/><packageId value="hl7.terminology.r4"/><version value="6.2.0"/></dependsOn><dependsOn id="hl7ext"><extension url="http://hl7.org/fhir/tools/StructureDefinition/implementationguide-dependency-comment"><valueMarkdown value="Automatically added as a dependency - all IGs depend on the HL7 Extension Pack"/></extension><uri value="http://hl7.org/fhir/extensions/ImplementationGuide/hl7.fhir.uv.extensions"/><packageId value="hl7.fhir.uv.extensions.r4"/><version value="5.2.0"/></dependsOn><dependsOn id="hl7_fhir_us_core"><uri value="http://hl7.org/fhir/us/core/ImplementationGuide/hl7.fhir.us.core"/><packageId value="hl7.fhir.us.core"/><version value="3.1.0"/></dependsOn><dependsOn id="mcode"><uri value="http://hl7.org/fhir/us/mcode/ImplementationGuide/hl7.fhir.us.mcode"/><packageId value="hl7.fhir.us.mcode"/><version value="1.0.0"/></dependsOn><dependsOn id="de_medizininformatikinitiative_kerndatensatz_consent"><uri value="de.medizininformatikinitiative.kerndatensatz.consent"/><packageId value="de.medizininformatikinitiative.kerndatensatz.consent"/><version value="1.0.7"/></dependsOn><dependsOn id="de_einwilligungsmanagement"><uri value="de.einwilligungsmanagement"/><packageId value="de.einwilligungsmanagement"/><version value="1.0.1"/></dependsOn><dependsOn id="de_medizininformatikinitiative_kerndatensatz_icu"><uri value="de.medizininformatikinitiative.kerndatensatz.icu"/><packageId value="de.medizininformatikinitiative.kerndatensatz.icu"/><version value="2025.0.2"/></dependsOn><dependsOn id="de_medizininformatikinitiative_kerndatensatz_laborbefund"><uri value="de.medizininformatikinitiative.kerndatensatz.laborbefund"/><packageId value="de.medizininformatikinitiative.kerndatensatz.laborbefund"/><version value="2025.0.2"/></dependsOn><dependsOn id="de_gematik_isik_vitalparameter"><uri value="de.gematik.isik-vitalparameter"/><packageId value="de.gematik.isik-vitalparameter"/><version value="4.0.0"/></dependsOn><dependsOn id="kbv_basis"><uri value="kbv.basis"/><packageId value="kbv.basis"/><version value="1.7.0"/></dependsOn><definition><extension url="http://hl7.org/fhir/tools/StructureDefinition/ig-parameter"><extension url="code"><valueString value="copyrightyear"/></extension><extension url="value"><valueString value="2024+"/></extension></extension><extension url="http://hl7.org/fhir/tools/StructureDefinition/ig-parameter"><extension url="code"><valueString value="releaselabel"/></extension><extension url="value"><valueString value="ci-build"/></extension></extension><extension url="http://hl7.org/fhir/tools/StructureDefinition/ig-parameter"><extension url="code"><valueString value="autoload-resources"/></extension><extension url="value"><valueString value="true"/></extension></extension><extension url="http://hl7.org/fhir/tools/StructureDefinition/ig-parameter"><extension url="code"><valueString value="path-liquid"/></extension><extension url="value"><valueString value="template/liquid"/></extension></extension><extension url="http://hl7.org/fhir/tools/StructureDefinition/ig-parameter"><extension url="code"><valueString value="path-liquid"/></extension><extension url="value"><valueString value="input/liquid"/></extension></extension><extension url="http://hl7.org/fhir/tools/StructureDefinition/ig-parameter"><extension url="code"><valueString value="path-qa"/></extension><extension url="value"><valueString value="temp/qa"/></extension></extension><extension url="http://hl7.org/fhir/tools/StructureDefinition/ig-parameter"><extension url="code"><valueString value="path-temp"/></extension><extension url="value"><valueString value="temp/pages"/></extension></extension><extension url="http://hl7.org/fhir/tools/StructureDefinition/ig-parameter"><extension url="code"><valueString value="path-output"/></extension><extension url="value"><valueString value="output"/></extension></extension><extension url="http://hl7.org/fhir/tools/StructureDefinition/ig-parameter"><extension url="code"><valueString value="path-suppressed-warnings"/></extension><extension url="value"><valueString value="input/ignoreWarnings.txt"/></extension></extension><extension url="http://hl7.org/fhir/tools/StructureDefinition/ig-parameter"><extension url="code"><valueString value="path-history"/></extension><extension url="value"><valueString value="http://utn/consentresource.com/history.html"/></extension></extension><extension url="http://hl7.org/fhir/tools/StructureDefinition/ig-parameter"><extension url="code"><valueString value="template-html"/></extension><extension url="value"><valueString value="template-page.html"/></extension></extension><extension url="http://hl7.org/fhir/tools/StructureDefinition/ig-parameter"><extension url="code"><valueString value="template-md"/></extension><extension url="value"><valueString value="template-page-md.html"/></extension></extension><extension url="http://hl7.org/fhir/tools/StructureDefinition/ig-parameter"><extension url="code"><valueString value="apply-contact"/></extension><extension url="value"><valueString value="true"/></extension></extension><extension url="http://hl7.org/fhir/tools/StructureDefinition/ig-parameter"><extension url="code"><valueString value="apply-context"/></extension><extension url="value"><valueString value="true"/></extension></extension><extension url="http://hl7.org/fhir/tools/StructureDefinition/ig-parameter"><extension url="code"><valueString value="apply-copyright"/></extension><extension url="value"><valueString value="true"/></extension></extension><extension url="http://hl7.org/fhir/tools/StructureDefinition/ig-parameter"><extension url="code"><valueString value="apply-jurisdiction"/></extension><extension url="value"><valueString value="true"/></extension></extension><extension url="http://hl7.org/fhir/tools/StructureDefinition/ig-parameter"><extension url="code"><valueString value="apply-license"/></extension><extension url="value"><valueString value="true"/></extension></extension><extension url="http://hl7.org/fhir/tools/StructureDefinition/ig-parameter"><extension url="code"><valueString value="apply-publisher"/></extension><extension url="value"><valueString value="true"/></extension></extension><extension url="http://hl7.org/fhir/tools/StructureDefinition/ig-parameter"><extension url="code"><valueString value="apply-version"/></extension><extension url="value"><valueString value="true"/></extension></extension><extension url="http://hl7.org/fhir/tools/StructureDefinition/ig-parameter"><extension url="code"><valueString value="apply-wg"/></extension><extension url="value"><valueString value="true"/></extension></extension><extension url="http://hl7.org/fhir/tools/StructureDefinition/ig-parameter"><extension url="code"><valueString value="active-tables"/></extension><extension url="value"><valueString value="true"/></extension></extension><extension url="http://hl7.org/fhir/tools/StructureDefinition/ig-parameter"><extension url="code"><valueString value="fmm-definition"/></extension><extension url="value"><valueString value="http://hl7.org/fhir/versions.html#maturity"/></extension></extension><extension url="http://hl7.org/fhir/tools/StructureDefinition/ig-parameter"><extension url="code"><valueString value="propagate-status"/></extension><extension url="value"><valueString value="true"/></extension></extension><extension url="http://hl7.org/fhir/tools/StructureDefinition/ig-parameter"><extension url="code"><valueString value="excludelogbinaryformat"/></extension><extension url="value"><valueString value="true"/></extension></extension><extension url="http://hl7.org/fhir/tools/StructureDefinition/ig-parameter"><extension url="code"><valueString value="tabbed-snapshots"/></extension><extension url="value"><valueString value="true"/></extension></extension><extension url="http://hl7.org/fhir/tools/StructureDefinition/ig-internal-dependency"><valueCode value="hl7.fhir.uv.tools.r4#0.4.1"/></extension><extension url="http://hl7.org/fhir/tools/StructureDefinition/ig-parameter"><extension url="code"><valueCode value="copyrightyear"/></extension><extension url="value"><valueString value="2024+"/></extension></extension><extension url="http://hl7.org/fhir/tools/StructureDefinition/ig-parameter"><extension url="code"><valueCode value="releaselabel"/></extension><extension url="value"><valueString value="ci-build"/></extension></extension><extension url="http://hl7.org/fhir/tools/StructureDefinition/ig-parameter"><extension url="code"><valueCode value="autoload-resources"/></extension><extension url="value"><valueString value="true"/></extension></extension><extension url="http://hl7.org/fhir/tools/StructureDefinition/ig-parameter"><extension url="code"><valueCode value="path-liquid"/></extension><extension url="value"><valueString value="template/liquid"/></extension></extension><extension url="http://hl7.org/fhir/tools/StructureDefinition/ig-parameter"><extension url="code"><valueCode value="path-liquid"/></extension><extension url="value"><valueString value="input/liquid"/></extension></extension><extension url="http://hl7.org/fhir/tools/StructureDefinition/ig-parameter"><extension url="code"><valueCode value="path-qa"/></extension><extension url="value"><valueString value="temp/qa"/></extension></extension><extension url="http://hl7.org/fhir/tools/StructureDefinition/ig-parameter"><extension url="code"><valueCode value="path-temp"/></extension><extension url="value"><valueString value="temp/pages"/></extension></extension><extension url="http://hl7.org/fhir/tools/StructureDefinition/ig-parameter"><extension url="code"><valueCode value="path-output"/></extension><extension url="value"><valueString value="output"/></extension></extension><extension url="http://hl7.org/fhir/tools/StructureDefinition/ig-parameter"><extension url="code"><valueCode value="path-suppressed-warnings"/></extension><extension url="value"><valueString value="input/ignoreWarnings.txt"/></extension></extension><extension url="http://hl7.org/fhir/tools/StructureDefinition/ig-parameter"><extension url="code"><valueCode value="path-history"/></extension><extension url="value"><valueString value="http://utn/consentresource.com/history.html"/></extension></extension><extension url="http://hl7.org/fhir/tools/StructureDefinition/ig-parameter"><extension url="code"><valueCode value="template-html"/></extension><extension url="value"><valueString value="template-page.html"/></extension></extension><extension url="http://hl7.org/fhir/tools/StructureDefinition/ig-parameter"><extension url="code"><valueCode value="template-md"/></extension><extension url="value"><valueString value="template-page-md.html"/></extension></extension><extension url="http://hl7.org/fhir/tools/StructureDefinition/ig-parameter"><extension url="code"><valueCode value="apply-contact"/></extension><extension url="value"><valueString value="true"/></extension></extension><extension url="http://hl7.org/fhir/tools/StructureDefinition/ig-parameter"><extension url="code"><valueCode value="apply-context"/></extension><extension url="value"><valueString value="true"/></extension></extension><extension url="http://hl7.org/fhir/tools/StructureDefinition/ig-parameter"><extension url="code"><valueCode value="apply-copyright"/></extension><extension url="value"><valueString value="true"/></extension></extension><extension url="http://hl7.org/fhir/tools/StructureDefinition/ig-parameter"><extension url="code"><valueCode value="apply-jurisdiction"/></extension><extension url="value"><valueString value="true"/></extension></extension><extension url="http://hl7.org/fhir/tools/StructureDefinition/ig-parameter"><extension url="code"><valueCode value="apply-license"/></extension><extension url="value"><valueString value="true"/></extension></extension><extension url="http://hl7.org/fhir/tools/StructureDefinition/ig-parameter"><extension url="code"><valueCode value="apply-publisher"/></extension><extension url="value"><valueString value="true"/></extension></extension><extension url="http://hl7.org/fhir/tools/StructureDefinition/ig-parameter"><extension url="code"><valueCode value="apply-version"/></extension><extension url="value"><valueString value="true"/></extension></extension><extension url="http://hl7.org/fhir/tools/StructureDefinition/ig-parameter"><extension url="code"><valueCode value="apply-wg"/></extension><extension url="value"><valueString value="true"/></extension></extension><extension url="http://hl7.org/fhir/tools/StructureDefinition/ig-parameter"><extension url="code"><valueCode value="active-tables"/></extension><extension url="value"><valueString value="true"/></extension></extension><extension url="http://hl7.org/fhir/tools/StructureDefinition/ig-parameter"><extension url="code"><valueCode value="fmm-definition"/></extension><extension url="value"><valueString value="http://hl7.org/fhir/versions.html#maturity"/></extension></extension><extension url="http://hl7.org/fhir/tools/StructureDefinition/ig-parameter"><extension url="code"><valueCode value="propagate-status"/></extension><extension url="value"><valueString value="true"/></extension></extension><extension url="http://hl7.org/fhir/tools/StructureDefinition/ig-parameter"><extension url="code"><valueCode value="excludelogbinaryformat"/></extension><extension url="value"><valueString value="true"/></extension></extension><extension url="http://hl7.org/fhir/tools/StructureDefinition/ig-parameter"><extension url="code"><valueCode value="tabbed-snapshots"/></extension><extension url="value"><valueString value="true"/></extension></extension><extension url="http://hl7.org/fhir/tools/StructureDefinition/ig-parameter"><extension url="code"><valueCode value="copyrightyear"/></extension><extension url="value"><valueString value="2024+"/></extension></extension><extension url="http://hl7.org/fhir/tools/StructureDefinition/ig-parameter"><extension url="code"><valueCode value="releaselabel"/></extension><extension url="value"><valueString value="ci-build"/></extension></extension><extension url="http://hl7.org/fhir/tools/StructureDefinition/ig-parameter"><extension url="code"><valueCode value="autoload-resources"/></extension><extension url="value"><valueString value="true"/></extension></extension><extension url="http://hl7.org/fhir/tools/StructureDefinition/ig-parameter"><extension url="code"><valueCode value="path-liquid"/></extension><extension url="value"><valueString value="template/liquid"/></extension></extension><extension url="http://hl7.org/fhir/tools/StructureDefinition/ig-parameter"><extension url="code"><valueCode value="path-liquid"/></extension><extension url="value"><valueString value="input/liquid"/></extension></extension><extension url="http://hl7.org/fhir/tools/StructureDefinition/ig-parameter"><extension url="code"><valueCode value="path-qa"/></extension><extension url="value"><valueString value="temp/qa"/></extension></extension><extension url="http://hl7.org/fhir/tools/StructureDefinition/ig-parameter"><extension url="code"><valueCode value="path-temp"/></extension><extension url="value"><valueString value="temp/pages"/></extension></extension><extension url="http://hl7.org/fhir/tools/StructureDefinition/ig-parameter"><extension url="code"><valueCode value="path-output"/></extension><extension url="value"><valueString value="output"/></extension></extension><extension url="http://hl7.org/fhir/tools/StructureDefinition/ig-parameter"><extension url="code"><valueCode value="path-suppressed-warnings"/></extension><extension url="value"><valueString value="input/ignoreWarnings.txt"/></extension></extension><extension url="http://hl7.org/fhir/tools/StructureDefinition/ig-parameter"><extension url="code"><valueCode value="path-history"/></extension><extension url="value"><valueString value="http://utn/consentresource.com/history.html"/></extension></extension><extension url="http://hl7.org/fhir/tools/StructureDefinition/ig-parameter"><extension url="code"><valueCode value="template-html"/></extension><extension url="value"><valueString value="template-page.html"/></extension></extension><extension url="http://hl7.org/fhir/tools/StructureDefinition/ig-parameter"><extension url="code"><valueCode value="template-md"/></extension><extension url="value"><valueString value="template-page-md.html"/></extension></extension><extension url="http://hl7.org/fhir/tools/StructureDefinition/ig-parameter"><extension url="code"><valueCode value="apply-contact"/></extension><extension url="value"><valueString value="true"/></extension></extension><extension url="http://hl7.org/fhir/tools/StructureDefinition/ig-parameter"><extension url="code"><valueCode value="apply-context"/></extension><extension url="value"><valueString value="true"/></extension></extension><extension url="http://hl7.org/fhir/tools/StructureDefinition/ig-parameter"><extension url="code"><valueCode value="apply-copyright"/></extension><extension url="value"><valueString value="true"/></extension></extension><extension url="http://hl7.org/fhir/tools/StructureDefinition/ig-parameter"><extension url="code"><valueCode value="apply-jurisdiction"/></extension><extension url="value"><valueString value="true"/></extension></extension><extension url="http://hl7.org/fhir/tools/StructureDefinition/ig-parameter"><extension url="code"><valueCode value="apply-license"/></extension><extension url="value"><valueString value="true"/></extension></extension><extension url="http://hl7.org/fhir/tools/StructureDefinition/ig-parameter"><extension url="code"><valueCode value="apply-publisher"/></extension><extension url="value"><valueString value="true"/></extension></extension><extension url="http://hl7.org/fhir/tools/StructureDefinition/ig-parameter"><extension url="code"><valueCode value="apply-version"/></extension><extension url="value"><valueString value="true"/></extension></extension><extension url="http://hl7.org/fhir/tools/StructureDefinition/ig-parameter"><extension url="code"><valueCode value="apply-wg"/></extension><extension url="value"><valueString value="true"/></extension></extension><extension url="http://hl7.org/fhir/tools/StructureDefinition/ig-parameter"><extension url="code"><valueCode value="active-tables"/></extension><extension url="value"><valueString value="true"/></extension></extension><extension url="http://hl7.org/fhir/tools/StructureDefinition/ig-parameter"><extension url="code"><valueCode value="fmm-definition"/></extension><extension url="value"><valueString value="http://hl7.org/fhir/versions.html#maturity"/></extension></extension><extension url="http://hl7.org/fhir/tools/StructureDefinition/ig-parameter"><extension url="code"><valueCode value="propagate-status"/></extension><extension url="value"><valueString value="true"/></extension></extension><extension url="http://hl7.org/fhir/tools/StructureDefinition/ig-parameter"><extension url="code"><valueCode value="excludelogbinaryformat"/></extension><extension url="value"><valueString value="true"/></extension></extension><extension url="http://hl7.org/fhir/tools/StructureDefinition/ig-parameter"><extension url="code"><valueCode value="tabbed-snapshots"/></extension><extension url="value"><valueString value="true"/></extension></extension><grouping id="-str-profile"><name value="Structures: Resource Profiles"/><description value="These define constraints on FHIR resources for systems conforming to this implementation guide."/></grouping><grouping id="-str-extension"><name value="Structures: Extension Definitions"/><description value="These define constraints on FHIR data types for systems conforming to this implementation guide."/></grouping><grouping id="-ex-example"><name value="Example: Example Instances"/><description value="These are example instances that show what data produced and consumed by systems conforming with this implementation guide might look like."/></grouping><resource><extension url="http://hl7.org/fhir/tools/StructureDefinition/resource-sort"><valueInteger value="999999999"/></extension><extension url="http://hl7.org/fhir/StructureDefinition/implementationguide-page"><valueUri value="StructureDefinition-utn-consent-documentreference-id.html"/></extension><reference><reference value="StructureDefinition/utn-consent-documentreference-id"/></reference><name value="UTN Consent Document Reference"/><description value="Dies ist das DocumentReference für Einwilligungsprofil für das Forschungsprojekt und die Videokonsultation"/><exampleBoolean value="false"/><groupingId value="-str-profile"/></resource><resource><extension url="http://hl7.org/fhir/tools/StructureDefinition/resource-sort"><valueInteger value="999999999"/></extension><extension url="http://hl7.org/fhir/StructureDefinition/implementationguide-page"><valueUri value="StructureDefinition-utn-consent-id.html"/></extension><reference><reference value="StructureDefinition/utn-consent-id"/></reference><name value="UTN Consent Forschungsvorhaben and Videosprechstunde"/><description value="Dies ist das Einwilligungsprofil für das Forschungsprojekt und die Videokonsultation"/><exampleBoolean value="false"/><groupingId value="-str-profile"/></resource><resource><extension url="http://hl7.org/fhir/tools/StructureDefinition/resource-sort"><valueInteger value="999999999"/></extension><extension url="http://hl7.org/fhir/StructureDefinition/implementationguide-page"><valueUri value="StructureDefinition-consent-management-provenance.html"/></extension><reference><reference value="StructureDefinition/consent-management-provenance"/></reference><name value="UTN Consent Management Provenance"/><exampleBoolean value="false"/><groupingId value="-str-profile"/></resource><resource><extension url="http://hl7.org/fhir/tools/StructureDefinition/resource-sort"><valueInteger value="999999999"/></extension><extension url="http://hl7.org/fhir/StructureDefinition/implementationguide-page"><valueUri value="StructureDefinition-profile-consent-management-questionnaireresponse.html"/></extension><reference><reference value="StructureDefinition/profile-consent-management-questionnaireresponse"/></reference><name value="UTN Consent Management QuestionnaireResponse"/><description value="Der ausgefüllte Fragebogen zur Einwilligung."/><exampleBoolean value="false"/><groupingId value="-str-profile"/></resource><resource><extension url="http://hl7.org/fhir/tools/StructureDefinition/resource-sort"><valueInteger value="999999999"/></extension><extension url="http://hl7.org/fhir/StructureDefinition/implementationguide-page"><valueUri value="StructureDefinition-healthcare-service-with-devices.html"/></extension><reference><reference value="StructureDefinition/healthcare-service-with-devices"/></reference><name value="UTN Healthcare Service with Devices"/><description value="A profile for HealthcareService to include references to non-medical devices used in teleconsultation."/><exampleBoolean value="false"/><groupingId value="-str-profile"/></resource><resource><extension url="http://hl7.org/fhir/tools/StructureDefinition/resource-sort"><valueInteger value="999999999"/></extension><extension url="http://hl7.org/fhir/StructureDefinition/implementationguide-page"><valueUri value="StructureDefinition-mii-kreatinin.html"/></extension><reference><reference value="StructureDefinition/mii-kreatinin"/></reference><name value="UTN Laboruntersuchung-Kreatinin"/><description value="Dieses Profil beschreibt eine Laborergebnis in der Medizininformatik-Initiative."/><exampleBoolean value="false"/><groupingId value="-str-profile"/></resource><resource><extension url="http://hl7.org/fhir/tools/StructureDefinition/resource-sort"><valueInteger value="999999999"/></extension><extension url="http://hl7.org/fhir/StructureDefinition/implementationguide-page"><valueUri value="StructureDefinition-utn-observation-arterieller-blutdruck.html"/></extension><reference><reference value="StructureDefinition/utn-observation-arterieller-blutdruck"/></reference><name value="UTN Observation Arterieller Blutdruck"/><description value="Profile for documenting arterial blood pressure observations within UTN."/><exampleBoolean value="false"/><groupingId value="-str-profile"/></resource><resource><extension url="http://hl7.org/fhir/tools/StructureDefinition/resource-sort"><valueInteger value="999999999"/></extension><extension url="http://hl7.org/fhir/StructureDefinition/implementationguide-page"><valueUri value="StructureDefinition-utn-isik-atemfrequenz.html"/></extension><reference><reference value="StructureDefinition/utn-isik-atemfrequenz"/></reference><name value="UTN Observation Atemfrequenz Profile"/><exampleBoolean value="false"/><groupingId value="-str-profile"/></resource><resource><extension url="http://hl7.org/fhir/tools/StructureDefinition/resource-sort"><valueInteger value="999999999"/></extension><extension url="http://hl7.org/fhir/StructureDefinition/implementationguide-page"><valueUri value="StructureDefinition-isik-herzfrequenz.html"/></extension><reference><reference value="StructureDefinition/isik-herzfrequenz"/></reference><name value="UTN Observation Herzfrequenz Profile"/><exampleBoolean value="false"/><groupingId value="-str-profile"/></resource><resource><extension url="http://hl7.org/fhir/tools/StructureDefinition/resource-sort"><valueInteger value="999999999"/></extension><extension url="http://hl7.org/fhir/StructureDefinition/implementationguide-page"><valueUri value="StructureDefinition-isik-koerpertemperatur.html"/></extension><reference><reference value="StructureDefinition/isik-koerpertemperatur"/></reference><name value="UTN Observation Koerper Temperatur Profile"/><exampleBoolean value="false"/><groupingId value="-str-profile"/></resource><resource><extension url="http://hl7.org/fhir/tools/StructureDefinition/resource-sort"><valueInteger value="999999999"/></extension><extension url="http://hl7.org/fhir/StructureDefinition/implementationguide-page"><valueUri value="StructureDefinition-isik-koerpergewicht.html"/></extension><reference><reference value="StructureDefinition/isik-koerpergewicht"/></reference><name value="UTN Observation Koerpergewicht Profile"/><exampleBoolean value="false"/><groupingId value="-str-profile"/></resource><resource><extension url="http://hl7.org/fhir/tools/StructureDefinition/resource-sort"><valueInteger value="999999999"/></extension><extension url="http://hl7.org/fhir/StructureDefinition/implementationguide-page"><valueUri value="StructureDefinition-consent-management-patient.html"/></extension><reference><reference value="StructureDefinition/consent-management-patient"/></reference><name value="UTN Patient"/><exampleBoolean value="false"/><groupingId value="-str-profile"/></resource><resource><extension url="http://hl7.org/fhir/tools/StructureDefinition/resource-sort"><valueInteger value="999999999"/></extension><extension url="http://hl7.org/fhir/StructureDefinition/implementationguide-page"><valueUri value="StructureDefinition-KBV-PR-Base-Practitioner.html"/></extension><reference><reference value="StructureDefinition/KBV-PR-Base-Practitioner"/></reference><name value="UTN Practitioner"/><description value="Dieses Profil bildet eine behandelnde Person ab."/><exampleBoolean value="false"/><groupingId value="-str-profile"/></resource><resource><extension url="http://hl7.org/fhir/tools/StructureDefinition/resource-sort"><valueInteger value="999999999"/></extension><extension url="http://hl7.org/fhir/StructureDefinition/implementationguide-page"><valueUri value="StructureDefinition-utn-PR-Base-PractitionerRole.html"/></extension><reference><reference value="StructureDefinition/utn-PR-Base-PractitionerRole"/></reference><name value="UTN Practitioner Role"/><description value="Dieses Profil bildet eine temporäre Rolle einer behandelnden Person in Bezug zu einer Einrichtung ab."/><exampleBoolean value="false"/><groupingId value="-str-profile"/></resource><resource><extension url="http://hl7.org/fhir/tools/StructureDefinition/resource-sort"><valueInteger value="999999999"/></extension><extension url="http://hl7.org/fhir/StructureDefinition/implementationguide-page"><valueUri value="StructureDefinition-utn-diagnostik-report.html"/></extension><reference><reference value="StructureDefinition/utn-diagnostik-report"/></reference><name value="UTNDiagnostikReport"/><description value="This is the Diagnostic Report of the UTN Patient"/><exampleBoolean value="false"/><groupingId value="-str-profile"/></resource><resource><extension url="http://hl7.org/fhir/tools/StructureDefinition/resource-sort"><valueInteger value="999999999"/></extension><extension url="http://hl7.org/fhir/StructureDefinition/implementationguide-page"><valueUri value="StructureDefinition-device-reference.html"/></extension><reference><reference value="StructureDefinition/device-reference"/></reference><name value="Device Reference"/><description value="Extension to reference devices in a HealthcareService"/><exampleBoolean value="false"/><groupingId value="-str-extension"/></resource><resource><extension url="http://hl7.org/fhir/tools/StructureDefinition/resource-sort"><valueInteger value="999999999"/></extension><extension url="http://hl7.org/fhir/StructureDefinition/implementationguide-page"><valueUri value="Device-camera-1.html"/></extension><reference><reference value="Device/camera-1"/></reference><name value="Camera Device"/><description value="An HD camera used for teleconsultation"/><exampleBoolean value="true"/><groupingId value="-ex-example"/></resource><resource><extension url="http://hl7.org/fhir/tools/StructureDefinition/resource-sort"><valueInteger value="999999999"/></extension><extension url="http://hl7.org/fhir/StructureDefinition/implementationguide-page"><valueUri value="Observation-Example-UTN-Arterieller-Blutdruck.html"/></extension><reference><reference value="Observation/Example-UTN-Arterieller-Blutdruck"/></reference><name value="Example UTN Arterieller Blutdruck Observation"/><description value="Example instance for documenting arterial blood pressure observations within UTN."/><exampleCanonical value="http://utn/consentresource.com/StructureDefinition/utn-observation-arterieller-blutdruck"/><groupingId value="-ex-example"/></resource><resource><extension url="http://hl7.org/fhir/tools/StructureDefinition/resource-sort"><valueInteger value="999999999"/></extension><extension url="http://hl7.org/fhir/StructureDefinition/implementationguide-page"><valueUri value="DocumentReference-Example-UTN-Consent-DocumentReference-Forschungsvorhaben.html"/></extension><reference><reference value="DocumentReference/Example-UTN-Consent-DocumentReference-Forschungsvorhaben"/></reference><name value="Example-UTN-Consent-DocumentReference-Forschungsvorhaben"/><exampleCanonical value="http://utn/consentresource.com/StructureDefinition/utn-consent-documentreference-id"/><groupingId value="-ex-example"/></resource><resource><extension url="http://hl7.org/fhir/tools/StructureDefinition/resource-sort"><valueInteger value="999999999"/></extension><extension url="http://hl7.org/fhir/StructureDefinition/implementationguide-page"><valueUri value="DocumentReference-Example-UTN-Consent-DocumentReference-Videosprechstunde.html"/></extension><reference><reference value="DocumentReference/Example-UTN-Consent-DocumentReference-Videosprechstunde"/></reference><name value="Example-UTN-Consent-DocumentReference-Videosprechstunde"/><exampleCanonical value="http://utn/consentresource.com/StructureDefinition/utn-consent-documentreference-id"/><groupingId value="-ex-example"/></resource><resource><extension url="http://hl7.org/fhir/tools/StructureDefinition/resource-sort"><valueInteger value="999999999"/></extension><extension url="http://hl7.org/fhir/StructureDefinition/implementationguide-page"><valueUri value="Consent-Example-UTN-Consent-Forschungsvorhaben.html"/></extension><reference><reference value="Consent/Example-UTN-Consent-Forschungsvorhaben"/></reference><name value="Example-UTN-Consent-Forschungsvorhaben"/><exampleCanonical value="http://utn/consentresource.com/StructureDefinition/utn-consent-id"/><groupingId value="-ex-example"/></resource><resource><extension url="http://hl7.org/fhir/tools/StructureDefinition/resource-sort"><valueInteger value="999999999"/></extension><extension url="http://hl7.org/fhir/StructureDefinition/implementationguide-page"><valueUri value="Provenance-Example-UTN-Consent-Provenance-Forschungsvorhaben.html"/></extension><reference><reference value="Provenance/Example-UTN-Consent-Provenance-Forschungsvorhaben"/></reference><name value="Example-UTN-Consent-Provenance-Forschungsvorhaben"/><exampleCanonical value="http://utn/consentresource.com/StructureDefinition/consent-management-provenance"/><groupingId value="-ex-example"/></resource><resource><extension url="http://hl7.org/fhir/tools/StructureDefinition/resource-sort"><valueInteger value="999999999"/></extension><extension url="http://hl7.org/fhir/StructureDefinition/implementationguide-page"><valueUri value="Provenance-Example-UTN-Consent-Provenance-Videosprechstunde.html"/></extension><reference><reference value="Provenance/Example-UTN-Consent-Provenance-Videosprechstunde"/></reference><name value="Example-UTN-Consent-Provenance-Videosprechstunde"/><exampleCanonical value="http://utn/consentresource.com/StructureDefinition/consent-management-provenance"/><groupingId value="-ex-example"/></resource><resource><extension url="http://hl7.org/fhir/tools/StructureDefinition/resource-sort"><valueInteger value="999999999"/></extension><extension url="http://hl7.org/fhir/StructureDefinition/implementationguide-page"><valueUri value="Consent-Example-UTN-Consent-Videosprechstunde.html"/></extension><reference><reference value="Consent/Example-UTN-Consent-Videosprechstunde"/></reference><name value="Example-UTN-Consent-Videosprechstunde"/><exampleCanonical value="http://utn/consentresource.com/StructureDefinition/utn-consent-id"/><groupingId value="-ex-example"/></resource><resource><extension url="http://hl7.org/fhir/tools/StructureDefinition/resource-sort"><valueInteger value="999999999"/></extension><extension url="http://hl7.org/fhir/StructureDefinition/implementationguide-page"><valueUri value="DiagnosticReport-Example-UTN-DiagnosticReport.html"/></extension><reference><reference value="DiagnosticReport/Example-UTN-DiagnosticReport"/></reference><name value="Example-UTN-DiagnosticReport"/><description value="Example instance of UTN Diagnostic Report"/><exampleCanonical value="http://utn/consentresource.com/StructureDefinition/utn-diagnostik-report"/><groupingId value="-ex-example"/></resource><resource><extension url="http://hl7.org/fhir/tools/StructureDefinition/resource-sort"><valueInteger value="999999999"/></extension><extension url="http://hl7.org/fhir/StructureDefinition/implementationguide-page"><valueUri value="Patient-consent-management-patient.html"/></extension><reference><reference value="Patient/consent-management-patient"/></reference><name value="Example-UTN-Patient"/><exampleCanonical value="http://utn/consentresource.com/StructureDefinition/consent-management-patient"/><groupingId value="-ex-example"/></resource><resource><extension url="http://hl7.org/fhir/tools/StructureDefinition/resource-sort"><valueInteger value="999999999"/></extension><extension url="http://hl7.org/fhir/StructureDefinition/implementationguide-page"><valueUri value="Observation-Example-UTNHerzfrequenz.html"/></extension><reference><reference value="Observation/Example-UTNHerzfrequenz"/></reference><name value="Example-UTNHerzfrequenz"/><exampleCanonical value="http://utn/consentresource.com/StructureDefinition/isik-herzfrequenz"/><groupingId value="-ex-example"/></resource><resource><extension url="http://hl7.org/fhir/tools/StructureDefinition/resource-sort"><valueInteger value="999999999"/></extension><extension url="http://hl7.org/fhir/StructureDefinition/implementationguide-page"><valueUri value="Observation-Example-UTNKoerpergewicht.html"/></extension><reference><reference value="Observation/Example-UTNKoerpergewicht"/></reference><name value="Example-UTNKoerpergewicht"/><exampleCanonical value="http://utn/consentresource.com/StructureDefinition/isik-koerpergewicht"/><groupingId value="-ex-example"/></resource><resource><extension url="http://hl7.org/fhir/tools/StructureDefinition/resource-sort"><valueInteger value="999999999"/></extension><extension url="http://hl7.org/fhir/StructureDefinition/implementationguide-page"><valueUri value="Observation-Example-UTNKoerpertemperatur.html"/></extension><reference><reference value="Observation/Example-UTNKoerpertemperatur"/></reference><name value="Example-UTNKoerpertemperatur"/><exampleCanonical value="http://utn/consentresource.com/StructureDefinition/isik-koerpertemperatur"/><groupingId value="-ex-example"/></resource><resource><extension url="http://hl7.org/fhir/tools/StructureDefinition/resource-sort"><valueInteger value="999999999"/></extension><extension url="http://hl7.org/fhir/StructureDefinition/implementationguide-page"><valueUri value="Observation-Example-UTNKreatinin.html"/></extension><reference><reference value="Observation/Example-UTNKreatinin"/></reference><name value="Example-UTNKreatinin"/><exampleCanonical value="http://utn/consentresource.com/StructureDefinition/mii-kreatinin"/><groupingId value="-ex-example"/></resource><resource><extension url="http://hl7.org/fhir/tools/StructureDefinition/resource-sort"><valueInteger value="999999999"/></extension><extension url="http://hl7.org/fhir/StructureDefinition/implementationguide-page"><valueUri value="Practitioner-Example-UTNPractitioner.html"/></extension><reference><reference value="Practitioner/Example-UTNPractitioner"/></reference><name value="Example-UTNPractitioner"/><exampleCanonical value="http://utn/consentresource.com/StructureDefinition/KBV-PR-Base-Practitioner"/><groupingId value="-ex-example"/></resource><resource><extension url="http://hl7.org/fhir/tools/StructureDefinition/resource-sort"><valueInteger value="999999999"/></extension><extension url="http://hl7.org/fhir/StructureDefinition/implementationguide-page"><valueUri value="PractitionerRole-Example-UTNPractitionerRole.html"/></extension><reference><reference value="PractitionerRole/Example-UTNPractitionerRole"/></reference><name value="Example-UTNPractitionerRole"/><exampleCanonical value="http://utn/consentresource.com/StructureDefinition/utn-PR-Base-PractitionerRole"/><groupingId value="-ex-example"/></resource><resource><extension url="http://hl7.org/fhir/tools/StructureDefinition/resource-sort"><valueInteger value="999999999"/></extension><extension url="http://hl7.org/fhir/StructureDefinition/implementationguide-page"><valueUri value="Observation-Example-UTNAtemfrequenz.html"/></extension><reference><reference value="Observation/Example-UTNAtemfrequenz"/></reference><name value="ISiKAtemfrequenz Example"/><description value="An example Observation for respiratory rate using ISiKAtemfrequenz profile."/><exampleCanonical value="http://utn/consentresource.com/StructureDefinition/utn-isik-atemfrequenz"/><groupingId value="-ex-example"/></resource><resource><extension url="http://hl7.org/fhir/tools/StructureDefinition/resource-sort"><valueInteger value="999999999"/></extension><extension url="http://hl7.org/fhir/StructureDefinition/implementationguide-page"><valueUri value="Device-phone-1.html"/></extension><reference><reference value="Device/phone-1"/></reference><name value="Phone Device"/><description value="A smartphone used for teleconsultation"/><exampleBoolean value="true"/><groupingId value="-ex-example"/></resource><resource><extension url="http://hl7.org/fhir/tools/StructureDefinition/resource-sort"><valueInteger value="999999999"/></extension><extension url="http://hl7.org/fhir/StructureDefinition/implementationguide-page"><valueUri value="HealthcareService-teleconsultation-service-1.html"/></extension><reference><reference value="HealthcareService/teleconsultation-service-1"/></reference><name value="Teleconsultation Service"/><description value="A teleconsultation service provided by Example Hospital"/><exampleCanonical value="http://utn/consentresource.com/StructureDefinition/healthcare-service-with-devices"/><groupingId value="-ex-example"/></resource><resource><extension url="http://hl7.org/fhir/tools/StructureDefinition/resource-sort"><valueInteger value="999999999"/></extension><extension url="http://hl7.org/fhir/StructureDefinition/implementationguide-page"><valueUri value="Location-UTNLocation.html"/></extension><reference><reference value="Location/UTNLocation"/></reference><name value="UTNLocation"/><exampleBoolean value="true"/><groupingId value="-ex-example"/></resource><page><extension url="http://hl7.org/fhir/tools/StructureDefinition/ig-page-name"><valueUrl value="toc.html"/></extension><nameUrl value="toc.html"/><title value="Table of Contents"/><generation value="html"/><page><extension url="http://hl7.org/fhir/tools/StructureDefinition/ig-page-name"><valueUrl value="index.html"/></extension><nameUrl value="index.html"/><title value="Home"/><generation value="markdown"/></page><page><extension url="http://hl7.org/fhir/tools/StructureDefinition/ig-page-name"><valueUrl value="the_specification.html"/></extension><nameUrl value="the_specification.html"/><title value="Specification"/><generation value="markdown"/></page><page><extension url="http://hl7.org/fhir/tools/StructureDefinition/ig-page-name"><valueUrl value="meta_instances.html"/></extension><nameUrl value="meta_instances.html"/><title value="Meta Instances"/><generation value="markdown"/></page><page><extension url="http://hl7.org/fhir/tools/StructureDefinition/ig-page-name"><valueUrl value="consent_instances.html"/></extension><nameUrl value="consent_instances.html"/><title value="Consent Instances"/><generation value="markdown"/></page><page><extension url="http://hl7.org/fhir/tools/StructureDefinition/ig-page-name"><valueUrl value="observation_instances.html"/></extension><nameUrl value="observation_instances.html"/><title value="Observation Instances"/><generation value="markdown"/></page><page><extension url="http://hl7.org/fhir/tools/StructureDefinition/ig-page-name"><valueUrl value="artifacts.html"/></extension><nameUrl value="artifacts.html"/><title value="Artifacts Summary"/><generation value="html"/><page><extension url="http://hl7.org/fhir/tools/StructureDefinition/ig-page-name"><valueUrl value="StructureDefinition-utn-consent-documentreference-id.html"/></extension><nameUrl value="StructureDefinition-utn-consent-documentreference-id.html"/><title value="UTN Consent Document Reference"/><generation value="generated"/></page><page><extension url="http://hl7.org/fhir/tools/StructureDefinition/ig-page-name"><valueUrl value="StructureDefinition-utn-consent-id.html"/></extension><nameUrl value="StructureDefinition-utn-consent-id.html"/><title value="UTN Consent Forschungsvorhaben and Videosprechstunde"/><generation value="generated"/></page><page><extension url="http://hl7.org/fhir/tools/StructureDefinition/ig-page-name"><valueUrl value="StructureDefinition-consent-management-provenance.html"/></extension><nameUrl value="StructureDefinition-consent-management-provenance.html"/><title value="UTN Consent Management Provenance"/><generation value="generated"/></page><page><extension url="http://hl7.org/fhir/tools/StructureDefinition/ig-page-name"><valueUrl value="StructureDefinition-profile-consent-management-questionnaireresponse.html"/></extension><nameUrl value="StructureDefinition-profile-consent-management-questionnaireresponse.html"/><title value="UTN Consent Management QuestionnaireResponse"/><generation value="generated"/></page><page><extension url="http://hl7.org/fhir/tools/StructureDefinition/ig-page-name"><valueUrl value="StructureDefinition-healthcare-service-with-devices.html"/></extension><nameUrl value="StructureDefinition-healthcare-service-with-devices.html"/><title value="UTN Healthcare Service with Devices"/><generation value="generated"/></page><page><extension url="http://hl7.org/fhir/tools/StructureDefinition/ig-page-name"><valueUrl value="StructureDefinition-mii-kreatinin.html"/></extension><nameUrl value="StructureDefinition-mii-kreatinin.html"/><title value="UTN Laboruntersuchung-Kreatinin"/><generation value="generated"/></page><page><extension url="http://hl7.org/fhir/tools/StructureDefinition/ig-page-name"><valueUrl value="StructureDefinition-utn-observation-arterieller-blutdruck.html"/></extension><nameUrl value="StructureDefinition-utn-observation-arterieller-blutdruck.html"/><title value="UTN Observation Arterieller Blutdruck"/><generation value="generated"/></page><page><extension url="http://hl7.org/fhir/tools/StructureDefinition/ig-page-name"><valueUrl value="StructureDefinition-utn-isik-atemfrequenz.html"/></extension><nameUrl value="StructureDefinition-utn-isik-atemfrequenz.html"/><title value="UTN Observation Atemfrequenz Profile"/><generation value="generated"/></page><page><extension url="http://hl7.org/fhir/tools/StructureDefinition/ig-page-name"><valueUrl value="StructureDefinition-isik-herzfrequenz.html"/></extension><nameUrl value="StructureDefinition-isik-herzfrequenz.html"/><title value="UTN Observation Herzfrequenz Profile"/><generation value="generated"/></page><page><extension url="http://hl7.org/fhir/tools/StructureDefinition/ig-page-name"><valueUrl value="StructureDefinition-isik-koerpertemperatur.html"/></extension><nameUrl value="StructureDefinition-isik-koerpertemperatur.html"/><title value="UTN Observation Koerper Temperatur Profile"/><generation value="generated"/></page><page><extension url="http://hl7.org/fhir/tools/StructureDefinition/ig-page-name"><valueUrl value="StructureDefinition-isik-koerpergewicht.html"/></extension><nameUrl value="StructureDefinition-isik-koerpergewicht.html"/><title value="UTN Observation Koerpergewicht Profile"/><generation value="generated"/></page><page><extension url="http://hl7.org/fhir/tools/StructureDefinition/ig-page-name"><valueUrl value="StructureDefinition-consent-management-patient.html"/></extension><nameUrl value="StructureDefinition-consent-management-patient.html"/><title value="UTN Patient"/><generation value="generated"/></page><page><extension url="http://hl7.org/fhir/tools/StructureDefinition/ig-page-name"><valueUrl value="StructureDefinition-KBV-PR-Base-Practitioner.html"/></extension><nameUrl value="StructureDefinition-KBV-PR-Base-Practitioner.html"/><title value="UTN Practitioner"/><generation value="generated"/></page><page><extension url="http://hl7.org/fhir/tools/StructureDefinition/ig-page-name"><valueUrl value="StructureDefinition-utn-PR-Base-PractitionerRole.html"/></extension><nameUrl value="StructureDefinition-utn-PR-Base-PractitionerRole.html"/><title value="UTN Practitioner Role"/><generation value="generated"/></page><page><extension url="http://hl7.org/fhir/tools/StructureDefinition/ig-page-name"><valueUrl value="StructureDefinition-utn-diagnostik-report.html"/></extension><nameUrl value="StructureDefinition-utn-diagnostik-report.html"/><title value="UTNDiagnostikReport"/><generation value="generated"/></page><page><extension url="http://hl7.org/fhir/tools/StructureDefinition/ig-page-name"><valueUrl value="StructureDefinition-device-reference.html"/></extension><nameUrl value="StructureDefinition-device-reference.html"/><title value="Device Reference"/><generation value="generated"/></page><page><extension url="http://hl7.org/fhir/tools/StructureDefinition/ig-page-name"><valueUrl value="Device-camera-1.html"/></extension><nameUrl value="Device-camera-1.html"/><title value="Camera Device"/><generation value="generated"/></page><page><extension url="http://hl7.org/fhir/tools/StructureDefinition/ig-page-name"><valueUrl value="Observation-Example-UTN-Arterieller-Blutdruck.html"/></extension><nameUrl value="Observation-Example-UTN-Arterieller-Blutdruck.html"/><title value="Example UTN Arterieller Blutdruck Observation"/><generation value="generated"/></page><page><extension url="http://hl7.org/fhir/tools/StructureDefinition/ig-page-name"><valueUrl value="DocumentReference-Example-UTN-Consent-DocumentReference-Forschungsvorhaben.html"/></extension><nameUrl value="DocumentReference-Example-UTN-Consent-DocumentReference-Forschungsvorhaben.html"/><title value="Example-UTN-Consent-DocumentReference-Forschungsvorhaben"/><generation value="generated"/></page><page><extension url="http://hl7.org/fhir/tools/StructureDefinition/ig-page-name"><valueUrl value="DocumentReference-Example-UTN-Consent-DocumentReference-Videosprechstunde.html"/></extension><nameUrl value="DocumentReference-Example-UTN-Consent-DocumentReference-Videosprechstunde.html"/><title value="Example-UTN-Consent-DocumentReference-Videosprechstunde"/><generation value="generated"/></page><page><extension url="http://hl7.org/fhir/tools/StructureDefinition/ig-page-name"><valueUrl value="Consent-Example-UTN-Consent-Forschungsvorhaben.html"/></extension><nameUrl value="Consent-Example-UTN-Consent-Forschungsvorhaben.html"/><title value="Example-UTN-Consent-Forschungsvorhaben"/><generation value="generated"/></page><page><extension url="http://hl7.org/fhir/tools/StructureDefinition/ig-page-name"><valueUrl value="Provenance-Example-UTN-Consent-Provenance-Forschungsvorhaben.html"/></extension><nameUrl value="Provenance-Example-UTN-Consent-Provenance-Forschungsvorhaben.html"/><title value="Example-UTN-Consent-Provenance-Forschungsvorhaben"/><generation value="generated"/></page><page><extension url="http://hl7.org/fhir/tools/StructureDefinition/ig-page-name"><valueUrl value="Provenance-Example-UTN-Consent-Provenance-Videosprechstunde.html"/></extension><nameUrl value="Provenance-Example-UTN-Consent-Provenance-Videosprechstunde.html"/><title value="Example-UTN-Consent-Provenance-Videosprechstunde"/><generation value="generated"/></page><page><extension url="http://hl7.org/fhir/tools/StructureDefinition/ig-page-name"><valueUrl value="Consent-Example-UTN-Consent-Videosprechstunde.html"/></extension><nameUrl value="Consent-Example-UTN-Consent-Videosprechstunde.html"/><title value="Example-UTN-Consent-Videosprechstunde"/><generation value="generated"/></page><page><extension url="http://hl7.org/fhir/tools/StructureDefinition/ig-page-name"><valueUrl value="DiagnosticReport-Example-UTN-DiagnosticReport.html"/></extension><nameUrl value="DiagnosticReport-Example-UTN-DiagnosticReport.html"/><title value="Example-UTN-DiagnosticReport"/><generation value="generated"/></page><page><extension url="http://hl7.org/fhir/tools/StructureDefinition/ig-page-name"><valueUrl value="Patient-consent-management-patient.html"/></extension><nameUrl value="Patient-consent-management-patient.html"/><title value="Example-UTN-Patient"/><generation value="generated"/></page><page><extension url="http://hl7.org/fhir/tools/StructureDefinition/ig-page-name"><valueUrl value="Observation-Example-UTNHerzfrequenz.html"/></extension><nameUrl value="Observation-Example-UTNHerzfrequenz.html"/><title value="Example-UTNHerzfrequenz"/><generation value="generated"/></page><page><extension url="http://hl7.org/fhir/tools/StructureDefinition/ig-page-name"><valueUrl value="Observation-Example-UTNKoerpergewicht.html"/></extension><nameUrl value="Observation-Example-UTNKoerpergewicht.html"/><title value="Example-UTNKoerpergewicht"/><generation value="generated"/></page><page><extension url="http://hl7.org/fhir/tools/StructureDefinition/ig-page-name"><valueUrl value="Observation-Example-UTNKoerpertemperatur.html"/></extension><nameUrl value="Observation-Example-UTNKoerpertemperatur.html"/><title value="Example-UTNKoerpertemperatur"/><generation value="generated"/></page><page><extension url="http://hl7.org/fhir/tools/StructureDefinition/ig-page-name"><valueUrl value="Observation-Example-UTNKreatinin.html"/></extension><nameUrl value="Observation-Example-UTNKreatinin.html"/><title value="Example-UTNKreatinin"/><generation value="generated"/></page><page><extension url="http://hl7.org/fhir/tools/StructureDefinition/ig-page-name"><valueUrl value="Practitioner-Example-UTNPractitioner.html"/></extension><nameUrl value="Practitioner-Example-UTNPractitioner.html"/><title value="Example-UTNPractitioner"/><generation value="generated"/></page><page><extension url="http://hl7.org/fhir/tools/StructureDefinition/ig-page-name"><valueUrl value="PractitionerRole-Example-UTNPractitionerRole.html"/></extension><nameUrl value="PractitionerRole-Example-UTNPractitionerRole.html"/><title value="Example-UTNPractitionerRole"/><generation value="generated"/></page><page><extension url="http://hl7.org/fhir/tools/StructureDefinition/ig-page-name"><valueUrl value="Observation-Example-UTNAtemfrequenz.html"/></extension><nameUrl value="Observation-Example-UTNAtemfrequenz.html"/><title value="ISiKAtemfrequenz Example"/><generation value="generated"/></page><page><extension url="http://hl7.org/fhir/tools/StructureDefinition/ig-page-name"><valueUrl value="Device-phone-1.html"/></extension><nameUrl value="Device-phone-1.html"/><title value="Phone Device"/><generation value="generated"/></page><page><extension url="http://hl7.org/fhir/tools/StructureDefinition/ig-page-name"><valueUrl value="HealthcareService-teleconsultation-service-1.html"/></extension><nameUrl value="HealthcareService-teleconsultation-service-1.html"/><title value="Teleconsultation Service"/><generation value="generated"/></page><page><extension url="http://hl7.org/fhir/tools/StructureDefinition/ig-page-name"><valueUrl value="Location-UTNLocation.html"/></extension><nameUrl value="Location-UTNLocation.html"/><title value="UTNLocation"/><generation value="generated"/></page></page></page><parameter><code value="path-resource"/><value value="input/capabilities"/></parameter><parameter><code value="path-resource"/><value value="input/examples"/></parameter><parameter><code value="path-resource"/><value value="input/extensions"/></parameter><parameter><code value="path-resource"/><value value="input/models"/></parameter><parameter><code value="path-resource"/><value value="input/operations"/></parameter><parameter><code value="path-resource"/><value value="input/profiles"/></parameter><parameter><code value="path-resource"/><value value="input/resources"/></parameter><parameter><code value="path-resource"/><value value="input/vocabulary"/></parameter><parameter><code value="path-resource"/><value value="input/maps"/></parameter><parameter><code value="path-resource"/><value value="input/testing"/></parameter><parameter><code value="path-resource"/><value value="input/history"/></parameter><parameter><code value="path-resource"/><value value="fsh-generated/resources"/></parameter><parameter><code value="path-pages"/><value value="template/config"/></parameter><parameter><code value="path-pages"/><value value="input/images"/></parameter><parameter><code value="path-tx-cache"/><value value="input-cache/txcache"/></parameter></definition></ImplementationGuide>