<?xml version="1.0" encoding="UTF-8"?><ImplementationGuide xmlns="http://hl7.org/fhir"><id value="num.utn"/><text><status value="generated"/><div xmlns="http://www.w3.org/1999/xhtml"><p class="res-header-id"><b>Generated Narrative: ImplementationGuide num.utn</b></p><a name="num.utn"> </a><a name="hcnum.utn"> </a><h2>UTNTelemedicineImplementationGuide</h2><p>The official URL for this implementation guide is: </p><pre>https://www.utn-num.de/fhir/ImplementationGuide/num.utn</pre></div></text><url value="https://www.utn-num.de/fhir/ImplementationGuide/num.utn"/><version value="0.1.0"/><name value="UTNTelemedicineImplementationGuide"/><title value="University Telemedicine Network (UTN) FHIR Implementation Guide"/><status value="draft"/><date value="2025-06-18T14:35:27+02:00"/><publisher value="BIH at Charité - Core Unit Digital Medicine and Interoperability"/><contact><name value="BIH at Charité - Core Unit Digital Medicine and Interoperability"/><telecom><system value="url"/><value value="https://www.bihealth.org/de/forschung/arbeitsgruppen/interoperabilitaet/home"/></telecom></contact><packageId value="num.utn"/><license value="CC0-1.0"/><fhirVersion value="4.0.1"/><dependsOn id="hl7tx"><extension url="http://hl7.org/fhir/tools/StructureDefinition/implementationguide-dependency-comment"><valueMarkdown value="Automatically added as a dependency - all IGs depend on HL7 Terminology"/></extension><uri value="http://terminology.hl7.org/ImplementationGuide/hl7.terminology"/><packageId value="hl7.terminology.r4"/><version value="6.4.0"/></dependsOn><dependsOn id="hl7ext"><extension url="http://hl7.org/fhir/tools/StructureDefinition/implementationguide-dependency-comment"><valueMarkdown value="Automatically added as a dependency - all IGs depend on the HL7 Extension Pack"/></extension><uri value="http://hl7.org/fhir/extensions/ImplementationGuide/hl7.fhir.uv.extensions"/><packageId value="hl7.fhir.uv.extensions.r4"/><version value="5.2.0"/></dependsOn><dependsOn id="hl7_fhir_us_core"><uri value="http://hl7.org/fhir/us/core/ImplementationGuide/hl7.fhir.us.core"/><packageId value="hl7.fhir.us.core"/><version value="3.1.0"/></dependsOn><dependsOn id="mcode"><uri value="http://hl7.org/fhir/us/mcode/ImplementationGuide/hl7.fhir.us.mcode"/><packageId value="hl7.fhir.us.mcode"/><version value="1.0.0"/></dependsOn><dependsOn id="de_medizininformatikinitiative_kerndatensatz_consent"><uri value="de.medizininformatikinitiative.kerndatensatz.consent"/><packageId value="de.medizininformatikinitiative.kerndatensatz.consent"/><version value="2025.0.4"/></dependsOn><dependsOn id="de_einwilligungsmanagement"><uri value="de.einwilligungsmanagement"/><packageId value="de.einwilligungsmanagement"/><version value="1.0.1"/></dependsOn><dependsOn id="de_medizininformatikinitiative_kerndatensatz_icu"><uri value="de.medizininformatikinitiative.kerndatensatz.icu"/><packageId value="de.medizininformatikinitiative.kerndatensatz.icu"/><version value="2025.0.4"/></dependsOn><dependsOn id="de_medizininformatikinitiative_kerndatensatz_laborbefund"><uri value="de.medizininformatikinitiative.kerndatensatz.laborbefund"/><packageId value="de.medizininformatikinitiative.kerndatensatz.laborbefund"/><version value="2025.0.2"/></dependsOn><dependsOn id="de_gematik_isik_vitalparameter"><uri value="de.gematik.isik-vitalparameter"/><packageId value="de.gematik.isik-vitalparameter"/><version value="4.0.0"/></dependsOn><dependsOn id="de_gematik_isik_basismodul"><uri value="de.gematik.isik-basismodul"/><packageId value="de.gematik.isik-basismodul"/><version value="4.0.3"/></dependsOn><dependsOn id="kbv_basis"><uri value="kbv.basis"/><packageId value="kbv.basis"/><version value="1.7.0"/></dependsOn><dependsOn id="de_medizininformatikinitiative_kerndatensatz_fall"><uri value="de.medizininformatikinitiative.kerndatensatz.fall"/><packageId value="de.medizininformatikinitiative.kerndatensatz.fall"/><version value="2025.0.0"/></dependsOn><dependsOn id="de_medizininformatikinitiative_kerndatensatz_medikation"><uri value="de.medizininformatikinitiative.kerndatensatz.medikation"/><packageId value="de.medizininformatikinitiative.kerndatensatz.medikation"/><version value="2025.0.0"/></dependsOn><dependsOn id="de_medizininformatikinitiative_kerndatensatz_prozedur"><uri value="de.medizininformatikinitiative.kerndatensatz.prozedur"/><packageId value="de.medizininformatikinitiative.kerndatensatz.prozedur"/><version value="2025.0.0"/></dependsOn><definition><extension url="http://hl7.org/fhir/tools/StructureDefinition/ig-parameter"><extension url="code"><valueString value="copyrightyear"/></extension><extension url="value"><valueString value="2024+"/></extension></extension><extension url="http://hl7.org/fhir/tools/StructureDefinition/ig-parameter"><extension url="code"><valueString value="releaselabel"/></extension><extension url="value"><valueString value="ci-build"/></extension></extension><extension url="http://hl7.org/fhir/tools/StructureDefinition/ig-parameter"><extension url="code"><valueString value="autoload-resources"/></extension><extension url="value"><valueString value="true"/></extension></extension><extension url="http://hl7.org/fhir/tools/StructureDefinition/ig-parameter"><extension url="code"><valueString value="path-liquid"/></extension><extension url="value"><valueString value="template/liquid"/></extension></extension><extension url="http://hl7.org/fhir/tools/StructureDefinition/ig-parameter"><extension url="code"><valueString value="path-liquid"/></extension><extension url="value"><valueString value="input/liquid"/></extension></extension><extension url="http://hl7.org/fhir/tools/StructureDefinition/ig-parameter"><extension url="code"><valueString value="path-qa"/></extension><extension url="value"><valueString value="temp/qa"/></extension></extension><extension url="http://hl7.org/fhir/tools/StructureDefinition/ig-parameter"><extension url="code"><valueString value="path-temp"/></extension><extension url="value"><valueString value="temp/pages"/></extension></extension><extension url="http://hl7.org/fhir/tools/StructureDefinition/ig-parameter"><extension url="code"><valueString value="path-output"/></extension><extension url="value"><valueString value="output"/></extension></extension><extension url="http://hl7.org/fhir/tools/StructureDefinition/ig-parameter"><extension url="code"><valueString value="path-suppressed-warnings"/></extension><extension url="value"><valueString value="input/ignoreWarnings.txt"/></extension></extension><extension url="http://hl7.org/fhir/tools/StructureDefinition/ig-parameter"><extension url="code"><valueString value="path-history"/></extension><extension url="value"><valueString value="https://www.utn-num.de/fhir/history.html"/></extension></extension><extension url="http://hl7.org/fhir/tools/StructureDefinition/ig-parameter"><extension url="code"><valueString value="template-html"/></extension><extension url="value"><valueString value="template-page.html"/></extension></extension><extension url="http://hl7.org/fhir/tools/StructureDefinition/ig-parameter"><extension url="code"><valueString value="template-md"/></extension><extension url="value"><valueString value="template-page-md.html"/></extension></extension><extension url="http://hl7.org/fhir/tools/StructureDefinition/ig-parameter"><extension url="code"><valueString value="apply-contact"/></extension><extension url="value"><valueString value="true"/></extension></extension><extension url="http://hl7.org/fhir/tools/StructureDefinition/ig-parameter"><extension url="code"><valueString value="apply-context"/></extension><extension url="value"><valueString value="true"/></extension></extension><extension url="http://hl7.org/fhir/tools/StructureDefinition/ig-parameter"><extension url="code"><valueString value="apply-copyright"/></extension><extension url="value"><valueString value="true"/></extension></extension><extension url="http://hl7.org/fhir/tools/StructureDefinition/ig-parameter"><extension url="code"><valueString value="apply-jurisdiction"/></extension><extension url="value"><valueString value="true"/></extension></extension><extension url="http://hl7.org/fhir/tools/StructureDefinition/ig-parameter"><extension url="code"><valueString value="apply-license"/></extension><extension url="value"><valueString value="true"/></extension></extension><extension url="http://hl7.org/fhir/tools/StructureDefinition/ig-parameter"><extension url="code"><valueString value="apply-publisher"/></extension><extension url="value"><valueString value="true"/></extension></extension><extension url="http://hl7.org/fhir/tools/StructureDefinition/ig-parameter"><extension url="code"><valueString value="apply-version"/></extension><extension url="value"><valueString value="true"/></extension></extension><extension url="http://hl7.org/fhir/tools/StructureDefinition/ig-parameter"><extension url="code"><valueString value="apply-wg"/></extension><extension url="value"><valueString value="true"/></extension></extension><extension url="http://hl7.org/fhir/tools/StructureDefinition/ig-parameter"><extension url="code"><valueString value="active-tables"/></extension><extension url="value"><valueString value="true"/></extension></extension><extension url="http://hl7.org/fhir/tools/StructureDefinition/ig-parameter"><extension url="code"><valueString value="fmm-definition"/></extension><extension url="value"><valueString value="http://hl7.org/fhir/versions.html#maturity"/></extension></extension><extension url="http://hl7.org/fhir/tools/StructureDefinition/ig-parameter"><extension url="code"><valueString value="propagate-status"/></extension><extension url="value"><valueString value="true"/></extension></extension><extension url="http://hl7.org/fhir/tools/StructureDefinition/ig-parameter"><extension url="code"><valueString value="excludelogbinaryformat"/></extension><extension url="value"><valueString value="true"/></extension></extension><extension url="http://hl7.org/fhir/tools/StructureDefinition/ig-parameter"><extension url="code"><valueString value="tabbed-snapshots"/></extension><extension url="value"><valueString value="true"/></extension></extension><extension url="http://hl7.org/fhir/tools/StructureDefinition/ig-internal-dependency"><valueCode value="hl7.fhir.uv.tools.r4#0.5.0"/></extension><extension url="http://hl7.org/fhir/tools/StructureDefinition/ig-parameter"><extension url="code"><valueCode value="copyrightyear"/></extension><extension url="value"><valueString value="2024+"/></extension></extension><extension url="http://hl7.org/fhir/tools/StructureDefinition/ig-parameter"><extension url="code"><valueCode value="releaselabel"/></extension><extension url="value"><valueString value="ci-build"/></extension></extension><extension url="http://hl7.org/fhir/tools/StructureDefinition/ig-parameter"><extension url="code"><valueCode value="autoload-resources"/></extension><extension url="value"><valueString value="true"/></extension></extension><extension url="http://hl7.org/fhir/tools/StructureDefinition/ig-parameter"><extension url="code"><valueCode value="path-liquid"/></extension><extension url="value"><valueString value="template/liquid"/></extension></extension><extension url="http://hl7.org/fhir/tools/StructureDefinition/ig-parameter"><extension url="code"><valueCode value="path-liquid"/></extension><extension url="value"><valueString value="input/liquid"/></extension></extension><extension url="http://hl7.org/fhir/tools/StructureDefinition/ig-parameter"><extension url="code"><valueCode value="path-qa"/></extension><extension url="value"><valueString value="temp/qa"/></extension></extension><extension url="http://hl7.org/fhir/tools/StructureDefinition/ig-parameter"><extension url="code"><valueCode value="path-temp"/></extension><extension url="value"><valueString value="temp/pages"/></extension></extension><extension url="http://hl7.org/fhir/tools/StructureDefinition/ig-parameter"><extension url="code"><valueCode value="path-output"/></extension><extension url="value"><valueString value="output"/></extension></extension><extension url="http://hl7.org/fhir/tools/StructureDefinition/ig-parameter"><extension url="code"><valueCode value="path-suppressed-warnings"/></extension><extension url="value"><valueString value="input/ignoreWarnings.txt"/></extension></extension><extension url="http://hl7.org/fhir/tools/StructureDefinition/ig-parameter"><extension url="code"><valueCode value="path-history"/></extension><extension url="value"><valueString value="https://www.utn-num.de/fhir/history.html"/></extension></extension><extension url="http://hl7.org/fhir/tools/StructureDefinition/ig-parameter"><extension url="code"><valueCode value="template-html"/></extension><extension url="value"><valueString value="template-page.html"/></extension></extension><extension url="http://hl7.org/fhir/tools/StructureDefinition/ig-parameter"><extension url="code"><valueCode value="template-md"/></extension><extension url="value"><valueString value="template-page-md.html"/></extension></extension><extension url="http://hl7.org/fhir/tools/StructureDefinition/ig-parameter"><extension url="code"><valueCode value="apply-contact"/></extension><extension url="value"><valueString value="true"/></extension></extension><extension url="http://hl7.org/fhir/tools/StructureDefinition/ig-parameter"><extension url="code"><valueCode value="apply-context"/></extension><extension url="value"><valueString value="true"/></extension></extension><extension url="http://hl7.org/fhir/tools/StructureDefinition/ig-parameter"><extension url="code"><valueCode value="apply-copyright"/></extension><extension url="value"><valueString value="true"/></extension></extension><extension url="http://hl7.org/fhir/tools/StructureDefinition/ig-parameter"><extension url="code"><valueCode value="apply-jurisdiction"/></extension><extension url="value"><valueString value="true"/></extension></extension><extension url="http://hl7.org/fhir/tools/StructureDefinition/ig-parameter"><extension url="code"><valueCode value="apply-license"/></extension><extension url="value"><valueString value="true"/></extension></extension><extension url="http://hl7.org/fhir/tools/StructureDefinition/ig-parameter"><extension url="code"><valueCode value="apply-publisher"/></extension><extension url="value"><valueString value="true"/></extension></extension><extension url="http://hl7.org/fhir/tools/StructureDefinition/ig-parameter"><extension url="code"><valueCode value="apply-version"/></extension><extension url="value"><valueString value="true"/></extension></extension><extension url="http://hl7.org/fhir/tools/StructureDefinition/ig-parameter"><extension url="code"><valueCode value="apply-wg"/></extension><extension url="value"><valueString value="true"/></extension></extension><extension url="http://hl7.org/fhir/tools/StructureDefinition/ig-parameter"><extension url="code"><valueCode value="active-tables"/></extension><extension url="value"><valueString value="true"/></extension></extension><extension url="http://hl7.org/fhir/tools/StructureDefinition/ig-parameter"><extension url="code"><valueCode value="fmm-definition"/></extension><extension url="value"><valueString value="http://hl7.org/fhir/versions.html#maturity"/></extension></extension><extension url="http://hl7.org/fhir/tools/StructureDefinition/ig-parameter"><extension url="code"><valueCode value="propagate-status"/></extension><extension url="value"><valueString value="true"/></extension></extension><extension url="http://hl7.org/fhir/tools/StructureDefinition/ig-parameter"><extension url="code"><valueCode value="excludelogbinaryformat"/></extension><extension url="value"><valueString value="true"/></extension></extension><extension url="http://hl7.org/fhir/tools/StructureDefinition/ig-parameter"><extension url="code"><valueCode value="tabbed-snapshots"/></extension><extension url="value"><valueString value="true"/></extension></extension><extension url="http://hl7.org/fhir/tools/StructureDefinition/ig-parameter"><extension url="code"><valueCode value="copyrightyear"/></extension><extension url="value"><valueString value="2024+"/></extension></extension><extension url="http://hl7.org/fhir/tools/StructureDefinition/ig-parameter"><extension url="code"><valueCode value="releaselabel"/></extension><extension url="value"><valueString value="ci-build"/></extension></extension><extension url="http://hl7.org/fhir/tools/StructureDefinition/ig-parameter"><extension url="code"><valueCode value="autoload-resources"/></extension><extension url="value"><valueString value="true"/></extension></extension><extension url="http://hl7.org/fhir/tools/StructureDefinition/ig-parameter"><extension url="code"><valueCode value="path-liquid"/></extension><extension url="value"><valueString value="template/liquid"/></extension></extension><extension url="http://hl7.org/fhir/tools/StructureDefinition/ig-parameter"><extension url="code"><valueCode value="path-liquid"/></extension><extension url="value"><valueString value="input/liquid"/></extension></extension><extension url="http://hl7.org/fhir/tools/StructureDefinition/ig-parameter"><extension url="code"><valueCode value="path-qa"/></extension><extension url="value"><valueString value="temp/qa"/></extension></extension><extension url="http://hl7.org/fhir/tools/StructureDefinition/ig-parameter"><extension url="code"><valueCode value="path-temp"/></extension><extension url="value"><valueString value="temp/pages"/></extension></extension><extension url="http://hl7.org/fhir/tools/StructureDefinition/ig-parameter"><extension url="code"><valueCode value="path-output"/></extension><extension url="value"><valueString value="output"/></extension></extension><extension url="http://hl7.org/fhir/tools/StructureDefinition/ig-parameter"><extension url="code"><valueCode value="path-suppressed-warnings"/></extension><extension url="value"><valueString value="input/ignoreWarnings.txt"/></extension></extension><extension url="http://hl7.org/fhir/tools/StructureDefinition/ig-parameter"><extension url="code"><valueCode value="path-history"/></extension><extension url="value"><valueString value="https://www.utn-num.de/fhir/history.html"/></extension></extension><extension url="http://hl7.org/fhir/tools/StructureDefinition/ig-parameter"><extension url="code"><valueCode value="template-html"/></extension><extension url="value"><valueString value="template-page.html"/></extension></extension><extension url="http://hl7.org/fhir/tools/StructureDefinition/ig-parameter"><extension url="code"><valueCode value="template-md"/></extension><extension url="value"><valueString value="template-page-md.html"/></extension></extension><extension url="http://hl7.org/fhir/tools/StructureDefinition/ig-parameter"><extension url="code"><valueCode value="apply-contact"/></extension><extension url="value"><valueString value="true"/></extension></extension><extension url="http://hl7.org/fhir/tools/StructureDefinition/ig-parameter"><extension url="code"><valueCode value="apply-context"/></extension><extension url="value"><valueString value="true"/></extension></extension><extension url="http://hl7.org/fhir/tools/StructureDefinition/ig-parameter"><extension url="code"><valueCode value="apply-copyright"/></extension><extension url="value"><valueString value="true"/></extension></extension><extension url="http://hl7.org/fhir/tools/StructureDefinition/ig-parameter"><extension url="code"><valueCode value="apply-jurisdiction"/></extension><extension url="value"><valueString value="true"/></extension></extension><extension url="http://hl7.org/fhir/tools/StructureDefinition/ig-parameter"><extension url="code"><valueCode value="apply-license"/></extension><extension url="value"><valueString value="true"/></extension></extension><extension url="http://hl7.org/fhir/tools/StructureDefinition/ig-parameter"><extension url="code"><valueCode value="apply-publisher"/></extension><extension url="value"><valueString value="true"/></extension></extension><extension url="http://hl7.org/fhir/tools/StructureDefinition/ig-parameter"><extension url="code"><valueCode value="apply-version"/></extension><extension url="value"><valueString value="true"/></extension></extension><extension url="http://hl7.org/fhir/tools/StructureDefinition/ig-parameter"><extension url="code"><valueCode value="apply-wg"/></extension><extension url="value"><valueString value="true"/></extension></extension><extension url="http://hl7.org/fhir/tools/StructureDefinition/ig-parameter"><extension url="code"><valueCode value="active-tables"/></extension><extension url="value"><valueString value="true"/></extension></extension><extension url="http://hl7.org/fhir/tools/StructureDefinition/ig-parameter"><extension url="code"><valueCode value="fmm-definition"/></extension><extension url="value"><valueString value="http://hl7.org/fhir/versions.html#maturity"/></extension></extension><extension url="http://hl7.org/fhir/tools/StructureDefinition/ig-parameter"><extension url="code"><valueCode value="propagate-status"/></extension><extension url="value"><valueString value="true"/></extension></extension><extension url="http://hl7.org/fhir/tools/StructureDefinition/ig-parameter"><extension url="code"><valueCode value="excludelogbinaryformat"/></extension><extension url="value"><valueString value="true"/></extension></extension><extension url="http://hl7.org/fhir/tools/StructureDefinition/ig-parameter"><extension url="code"><valueCode value="tabbed-snapshots"/></extension><extension url="value"><valueString value="true"/></extension></extension><grouping id="-str-profile"><name value="Structures: Resource Profiles"/><description value="These define constraints on FHIR resources for systems conforming to this implementation guide."/></grouping><grouping id="-str-extension"><name value="Structures: Extension Definitions"/><description value="These define constraints on FHIR data types for systems conforming to this implementation guide."/></grouping><grouping id="-term-valueset"><name value="Terminology: Value Sets"/><description value="These define sets of codes used by systems conforming to this implementation guide."/></grouping><grouping id="-term-codesystem"><name value="Terminology: Code Systems"/><description value="These define new code systems used by systems conforming to this implementation guide."/></grouping><grouping id="-ex-example"><name value="Example: Example Instances"/><description value="These are example instances that show what data produced and consumed by systems conforming with this implementation guide might look like."/></grouping><resource><extension url="http://hl7.org/fhir/tools/StructureDefinition/resource-sort"><valueInteger value="999999999"/></extension><extension url="http://hl7.org/fhir/StructureDefinition/implementationguide-page"><valueUri value="StructureDefinition-utn-icu-extrakorporales-verfahren.html"/></extension><reference><reference value="StructureDefinition/utn-icu-extrakorporales-verfahren"/></reference><name value="MII PR ICU Extrakorporales Verfahren"/><exampleBoolean value="false"/><groupingId value="-str-profile"/></resource><resource><extension url="http://hl7.org/fhir/tools/StructureDefinition/resource-sort"><valueInteger value="999999999"/></extension><extension url="http://hl7.org/fhir/StructureDefinition/implementationguide-page"><valueUri value="StructureDefinition-utn-consent-documentreference-id.html"/></extension><reference><reference value="StructureDefinition/utn-consent-documentreference-id"/></reference><name value="UTN Consent Document Reference"/><description value="This is the Document Reference profile for the consent profile of the Forschungsvorhaben and Videosprechstunde"/><exampleBoolean value="false"/><groupingId value="-str-profile"/></resource><resource><extension url="http://hl7.org/fhir/tools/StructureDefinition/resource-sort"><valueInteger value="999999999"/></extension><extension url="http://hl7.org/fhir/StructureDefinition/implementationguide-page"><valueUri value="StructureDefinition-utn-consent-id.html"/></extension><reference><reference value="StructureDefinition/utn-consent-id"/></reference><name value="UTN Consent Forschungsvorhaben and Videosprechstunde"/><description value="This is the consent profile for the research project and the video consultation"/><exampleBoolean value="false"/><groupingId value="-str-profile"/></resource><resource><extension url="http://hl7.org/fhir/tools/StructureDefinition/resource-sort"><valueInteger value="999999999"/></extension><extension url="http://hl7.org/fhir/StructureDefinition/implementationguide-page"><valueUri value="StructureDefinition-consent-management-provenance.html"/></extension><reference><reference value="StructureDefinition/consent-management-provenance"/></reference><name value="UTN Consent Management Provenance"/><description value="This is the consent management provenance profile for the consent profile of the Forschungsvorhaben and Videosprechstunde"/><exampleBoolean value="false"/><groupingId value="-str-profile"/></resource><resource><extension url="http://hl7.org/fhir/tools/StructureDefinition/resource-sort"><valueInteger value="999999999"/></extension><extension url="http://hl7.org/fhir/StructureDefinition/implementationguide-page"><valueUri value="StructureDefinition-profile-consent-management-questionnaireresponse.html"/></extension><reference><reference value="StructureDefinition/profile-consent-management-questionnaireresponse"/></reference><name value="UTN Consent Management QuestionnaireResponse"/><description value="The completed questionnaire."/><exampleBoolean value="false"/><groupingId value="-str-profile"/></resource><resource><extension url="http://hl7.org/fhir/tools/StructureDefinition/resource-sort"><valueInteger value="999999999"/></extension><extension url="http://hl7.org/fhir/StructureDefinition/implementationguide-page"><valueUri value="StructureDefinition-utn-encounter.html"/></extension><reference><reference value="StructureDefinition/utn-encounter"/></reference><name value="UTN Encounter"/><description value="This is the profile of Enocunter within UTN"/><exampleBoolean value="false"/><groupingId value="-str-profile"/></resource><resource><extension url="http://hl7.org/fhir/tools/StructureDefinition/resource-sort"><valueInteger value="999999999"/></extension><extension url="http://hl7.org/fhir/StructureDefinition/implementationguide-page"><valueUri value="StructureDefinition-healthcare-service.html"/></extension><reference><reference value="StructureDefinition/healthcare-service"/></reference><name value="UTN Healthcare Service with Devices"/><description value="A profile for HealthcareService to include references to non-medical devices used in teleconsultation."/><exampleBoolean value="false"/><groupingId value="-str-profile"/></resource><resource><extension url="http://hl7.org/fhir/tools/StructureDefinition/resource-sort"><valueInteger value="999999999"/></extension><extension url="http://hl7.org/fhir/StructureDefinition/implementationguide-page"><valueUri value="StructureDefinition-mii-kreatinin.html"/></extension><reference><reference value="StructureDefinition/mii-kreatinin"/></reference><name value="UTN Laboruntersuchung-Kreatinin"/><description value="Profile for documenting Creatinin within UTN."/><exampleBoolean value="false"/><groupingId value="-str-profile"/></resource><resource><extension url="http://hl7.org/fhir/tools/StructureDefinition/resource-sort"><valueInteger value="999999999"/></extension><extension url="http://hl7.org/fhir/StructureDefinition/implementationguide-page"><valueUri value="StructureDefinition-utn-observation-arterieller-blutdruck.html"/></extension><reference><reference value="StructureDefinition/utn-observation-arterieller-blutdruck"/></reference><name value="UTN Observation Arterieller Blutdruck"/><description value="Profile for documenting arterial blood pressure observations within UTN."/><exampleBoolean value="false"/><groupingId value="-str-profile"/></resource><resource><extension url="http://hl7.org/fhir/tools/StructureDefinition/resource-sort"><valueInteger value="999999999"/></extension><extension url="http://hl7.org/fhir/StructureDefinition/implementationguide-page"><valueUri value="StructureDefinition-utn-isik-atemfrequenz.html"/></extension><reference><reference value="StructureDefinition/utn-isik-atemfrequenz"/></reference><name value="UTN Observation Atemfrequenz Profile"/><description value="Profile for documenting Atemfrequenz observations within UTN."/><exampleBoolean value="false"/><groupingId value="-str-profile"/></resource><resource><extension url="http://hl7.org/fhir/tools/StructureDefinition/resource-sort"><valueInteger value="999999999"/></extension><extension url="http://hl7.org/fhir/StructureDefinition/implementationguide-page"><valueUri value="StructureDefinition-isik-herzfrequenz.html"/></extension><reference><reference value="StructureDefinition/isik-herzfrequenz"/></reference><name value="UTN Observation Heart rate Profile"/><description value="Profile for documenting Herzfrequenz observations within UTN."/><exampleBoolean value="false"/><groupingId value="-str-profile"/></resource><resource><extension url="http://hl7.org/fhir/tools/StructureDefinition/resource-sort"><valueInteger value="999999999"/></extension><extension url="http://hl7.org/fhir/StructureDefinition/implementationguide-page"><valueUri value="StructureDefinition-isik-koerpergewicht.html"/></extension><reference><reference value="StructureDefinition/isik-koerpergewicht"/></reference><name value="UTN Observation Koerpergewicht Profile"/><description value="Profile for documenting Koerpergewicht observations within UTN."/><exampleBoolean value="false"/><groupingId value="-str-profile"/></resource><resource><extension url="http://hl7.org/fhir/tools/StructureDefinition/resource-sort"><valueInteger value="999999999"/></extension><extension url="http://hl7.org/fhir/StructureDefinition/implementationguide-page"><valueUri value="StructureDefinition-isik-koerpertemperatur.html"/></extension><reference><reference value="StructureDefinition/isik-koerpertemperatur"/></reference><name value="UTN Observation Koerpertemperatur Profile"/><description value="Profile for documenting Koerpertemperatur observations within UTN."/><exampleBoolean value="false"/><groupingId value="-str-profile"/></resource><resource><extension url="http://hl7.org/fhir/tools/StructureDefinition/resource-sort"><valueInteger value="999999999"/></extension><extension url="http://hl7.org/fhir/StructureDefinition/implementationguide-page"><valueUri value="StructureDefinition-utn-patient.html"/></extension><reference><reference value="StructureDefinition/utn-patient"/></reference><name value="UTN Patient"/><description value="The profile of the UTN Patient"/><exampleBoolean value="false"/><groupingId value="-str-profile"/></resource><resource><extension url="http://hl7.org/fhir/tools/StructureDefinition/resource-sort"><valueInteger value="999999999"/></extension><extension url="http://hl7.org/fhir/StructureDefinition/implementationguide-page"><valueUri value="StructureDefinition-KBV-PR-Base-Practitioner.html"/></extension><reference><reference value="StructureDefinition/KBV-PR-Base-Practitioner"/></reference><name value="UTN Practitioner"/><description value="The profile of the UTN Practitoner"/><exampleBoolean value="false"/><groupingId value="-str-profile"/></resource><resource><extension url="http://hl7.org/fhir/tools/StructureDefinition/resource-sort"><valueInteger value="999999999"/></extension><extension url="http://hl7.org/fhir/StructureDefinition/implementationguide-page"><valueUri value="StructureDefinition-utn-PR-Base-PractitionerRole.html"/></extension><reference><reference value="StructureDefinition/utn-PR-Base-PractitionerRole"/></reference><name value="UTN Practitioner Role"/><description value="The profile of the UTN Practitoner Role"/><exampleBoolean value="false"/><groupingId value="-str-profile"/></resource><resource><extension url="http://hl7.org/fhir/tools/StructureDefinition/resource-sort"><valueInteger value="999999999"/></extension><extension url="http://hl7.org/fhir/StructureDefinition/implementationguide-page"><valueUri value="StructureDefinition-utn-procedure.html"/></extension><reference><reference value="StructureDefinition/utn-procedure"/></reference><name value="UTN Procedure"/><description value="This profile explains a Prcedure in UTN"/><exampleBoolean value="false"/><groupingId value="-str-profile"/></resource><resource><extension url="http://hl7.org/fhir/tools/StructureDefinition/resource-sort"><valueInteger value="999999999"/></extension><extension url="http://hl7.org/fhir/StructureDefinition/implementationguide-page"><valueUri value="StructureDefinition-utn-procedure-beatmung.html"/></extension><reference><reference value="StructureDefinition/utn-procedure-beatmung"/></reference><name value="UTN Procedure Beatmung"/><description value="Profil für die Beatmungsprozedur"/><exampleBoolean value="false"/><groupingId value="-str-profile"/></resource><resource><extension url="http://hl7.org/fhir/tools/StructureDefinition/resource-sort"><valueInteger value="999999999"/></extension><extension url="http://hl7.org/fhir/StructureDefinition/implementationguide-page"><valueUri value="StructureDefinition-utn-service-request.html"/></extension><reference><reference value="StructureDefinition/utn-service-request"/></reference><name value="UTN Teleconsultation Service Request"/><description value="This profile shows how to create service request for teleconsultation"/><exampleBoolean value="false"/><groupingId value="-str-profile"/></resource><resource><extension url="http://hl7.org/fhir/tools/StructureDefinition/resource-sort"><valueInteger value="999999999"/></extension><extension url="http://hl7.org/fhir/StructureDefinition/implementationguide-page"><valueUri value="StructureDefinition-utn-icu-allergyintolerance.html"/></extension><reference><reference value="StructureDefinition/utn-icu-allergyintolerance"/></reference><name value="UTNAllergyIntolerance"/><description value="This profile enables the documentation of allergies and intolerances"/><exampleBoolean value="false"/><groupingId value="-str-profile"/></resource><resource><extension url="http://hl7.org/fhir/tools/StructureDefinition/resource-sort"><valueInteger value="999999999"/></extension><extension url="http://hl7.org/fhir/StructureDefinition/implementationguide-page"><valueUri value="StructureDefinition-composition-basedon-servicerequest.html"/></extension><reference><reference value="StructureDefinition/composition-basedon-servicerequest"/></reference><name value="Composition BasedOn ServiceRequest"/><description value="Links a Composition to the ServiceRequest it is based on."/><exampleBoolean value="false"/><groupingId value="-str-extension"/></resource><resource><extension url="http://hl7.org/fhir/tools/StructureDefinition/resource-sort"><valueInteger value="999999999"/></extension><extension url="http://hl7.org/fhir/StructureDefinition/implementationguide-page"><valueUri value="ValueSet-gridhamd-answer-options-vs-q1.html"/></extension><reference><reference value="ValueSet/gridhamd-answer-options-vs-q1"/></reference><name value="GRID-HAMD Answer Options ValueSet"/><description value="ValueSet including Q1 of the GRID-HAMD Questionnaire answer options."/><exampleBoolean value="false"/><groupingId value="-term-valueset"/></resource><resource><extension url="http://hl7.org/fhir/tools/StructureDefinition/resource-sort"><valueInteger value="999999999"/></extension><extension url="http://hl7.org/fhir/StructureDefinition/implementationguide-page"><valueUri value="ValueSet-gridhamd-answer-options-vs-q10.html"/></extension><reference><reference value="ValueSet/gridhamd-answer-options-vs-q10"/></reference><name value="GRID-HAMD Answer Options ValueSet"/><description value="ValueSet including Q10 of the GRID-HAMD Questionnaire answer options."/><exampleBoolean value="false"/><groupingId value="-term-valueset"/></resource><resource><extension url="http://hl7.org/fhir/tools/StructureDefinition/resource-sort"><valueInteger value="999999999"/></extension><extension url="http://hl7.org/fhir/StructureDefinition/implementationguide-page"><valueUri value="ValueSet-gridhamd-answer-options-vs-q11.html"/></extension><reference><reference value="ValueSet/gridhamd-answer-options-vs-q11"/></reference><name value="GRID-HAMD Answer Options ValueSet"/><description value="ValueSet including Q11 of the GRID-HAMD Questionnaire answer options."/><exampleBoolean value="false"/><groupingId value="-term-valueset"/></resource><resource><extension url="http://hl7.org/fhir/tools/StructureDefinition/resource-sort"><valueInteger value="999999999"/></extension><extension url="http://hl7.org/fhir/StructureDefinition/implementationguide-page"><valueUri value="ValueSet-gridhamd-answer-options-vs-q12.html"/></extension><reference><reference value="ValueSet/gridhamd-answer-options-vs-q12"/></reference><name value="GRID-HAMD Answer Options ValueSet"/><description value="ValueSet including Q12 of the GRID-HAMD Questionnaire answer options."/><exampleBoolean value="false"/><groupingId value="-term-valueset"/></resource><resource><extension url="http://hl7.org/fhir/tools/StructureDefinition/resource-sort"><valueInteger value="999999999"/></extension><extension url="http://hl7.org/fhir/StructureDefinition/implementationguide-page"><valueUri value="ValueSet-gridhamd-answer-options-vs-q13.html"/></extension><reference><reference value="ValueSet/gridhamd-answer-options-vs-q13"/></reference><name value="GRID-HAMD Answer Options ValueSet"/><description value="ValueSet including Q13 of the GRID-HAMD Questionnaire answer options."/><exampleBoolean value="false"/><groupingId value="-term-valueset"/></resource><resource><extension url="http://hl7.org/fhir/tools/StructureDefinition/resource-sort"><valueInteger value="999999999"/></extension><extension url="http://hl7.org/fhir/StructureDefinition/implementationguide-page"><valueUri value="ValueSet-gridhamd-answer-options-vs-q14.html"/></extension><reference><reference value="ValueSet/gridhamd-answer-options-vs-q14"/></reference><name value="GRID-HAMD Answer Options ValueSet"/><description value="ValueSet including Q14 of the GRID-HAMD Questionnaire answer options."/><exampleBoolean value="false"/><groupingId value="-term-valueset"/></resource><resource><extension url="http://hl7.org/fhir/tools/StructureDefinition/resource-sort"><valueInteger value="999999999"/></extension><extension url="http://hl7.org/fhir/StructureDefinition/implementationguide-page"><valueUri value="ValueSet-gridhamd-answer-options-vs-q15.html"/></extension><reference><reference value="ValueSet/gridhamd-answer-options-vs-q15"/></reference><name value="GRID-HAMD Answer Options ValueSet"/><description value="ValueSet including Q15 of the GRID-HAMD Questionnaire answer options."/><exampleBoolean value="false"/><groupingId value="-term-valueset"/></resource><resource><extension url="http://hl7.org/fhir/tools/StructureDefinition/resource-sort"><valueInteger value="999999999"/></extension><extension url="http://hl7.org/fhir/StructureDefinition/implementationguide-page"><valueUri value="ValueSet-gridhamd-answer-options-vs-q16.html"/></extension><reference><reference value="ValueSet/gridhamd-answer-options-vs-q16"/></reference><name value="GRID-HAMD Answer Options ValueSet"/><description value="ValueSet including Q16 of the GRID-HAMD Questionnaire answer options."/><exampleBoolean value="false"/><groupingId value="-term-valueset"/></resource><resource><extension url="http://hl7.org/fhir/tools/StructureDefinition/resource-sort"><valueInteger value="999999999"/></extension><extension url="http://hl7.org/fhir/StructureDefinition/implementationguide-page"><valueUri value="ValueSet-gridhamd-answer-options-vs-q17.html"/></extension><reference><reference value="ValueSet/gridhamd-answer-options-vs-q17"/></reference><name value="GRID-HAMD Answer Options ValueSet"/><description value="ValueSet including Q17 of the GRID-HAMD Questionnaire answer options."/><exampleBoolean value="false"/><groupingId value="-term-valueset"/></resource><resource><extension url="http://hl7.org/fhir/tools/StructureDefinition/resource-sort"><valueInteger value="999999999"/></extension><extension url="http://hl7.org/fhir/StructureDefinition/implementationguide-page"><valueUri value="ValueSet-gridhamd-answer-options-vs-q2.html"/></extension><reference><reference value="ValueSet/gridhamd-answer-options-vs-q2"/></reference><name value="GRID-HAMD Answer Options ValueSet"/><description value="ValueSet including Q2 of the GRID-HAMD Questionnaire answer options."/><exampleBoolean value="false"/><groupingId value="-term-valueset"/></resource><resource><extension url="http://hl7.org/fhir/tools/StructureDefinition/resource-sort"><valueInteger value="999999999"/></extension><extension url="http://hl7.org/fhir/StructureDefinition/implementationguide-page"><valueUri value="ValueSet-gridhamd-answer-options-vs-q3.html"/></extension><reference><reference value="ValueSet/gridhamd-answer-options-vs-q3"/></reference><name value="GRID-HAMD Answer Options ValueSet"/><description value="ValueSet including Q3 of the GRID-HAMD Questionnaire answer options."/><exampleBoolean value="false"/><groupingId value="-term-valueset"/></resource><resource><extension url="http://hl7.org/fhir/tools/StructureDefinition/resource-sort"><valueInteger value="999999999"/></extension><extension url="http://hl7.org/fhir/StructureDefinition/implementationguide-page"><valueUri value="ValueSet-gridhamd-answer-options-vs-q4.html"/></extension><reference><reference value="ValueSet/gridhamd-answer-options-vs-q4"/></reference><name value="GRID-HAMD Answer Options ValueSet"/><description value="ValueSet including Q4 of the GRID-HAMD Questionnaire answer options."/><exampleBoolean value="false"/><groupingId value="-term-valueset"/></resource><resource><extension url="http://hl7.org/fhir/tools/StructureDefinition/resource-sort"><valueInteger value="999999999"/></extension><extension url="http://hl7.org/fhir/StructureDefinition/implementationguide-page"><valueUri value="ValueSet-gridhamd-answer-options-vs-q5.html"/></extension><reference><reference value="ValueSet/gridhamd-answer-options-vs-q5"/></reference><name value="GRID-HAMD Answer Options ValueSet"/><description value="ValueSet including Q5 of the GRID-HAMD Questionnaire answer options."/><exampleBoolean value="false"/><groupingId value="-term-valueset"/></resource><resource><extension url="http://hl7.org/fhir/tools/StructureDefinition/resource-sort"><valueInteger value="999999999"/></extension><extension url="http://hl7.org/fhir/StructureDefinition/implementationguide-page"><valueUri value="ValueSet-gridhamd-answer-options-vs-q6.html"/></extension><reference><reference value="ValueSet/gridhamd-answer-options-vs-q6"/></reference><name value="GRID-HAMD Answer Options ValueSet"/><description value="ValueSet including Q6 of the GRID-HAMD Questionnaire answer options."/><exampleBoolean value="false"/><groupingId value="-term-valueset"/></resource><resource><extension url="http://hl7.org/fhir/tools/StructureDefinition/resource-sort"><valueInteger value="999999999"/></extension><extension url="http://hl7.org/fhir/StructureDefinition/implementationguide-page"><valueUri value="ValueSet-gridhamd-answer-options-vs-q7.html"/></extension><reference><reference value="ValueSet/gridhamd-answer-options-vs-q7"/></reference><name value="GRID-HAMD Answer Options ValueSet"/><description value="ValueSet including Q7 of the GRID-HAMD Questionnaire answer options."/><exampleBoolean value="false"/><groupingId value="-term-valueset"/></resource><resource><extension url="http://hl7.org/fhir/tools/StructureDefinition/resource-sort"><valueInteger value="999999999"/></extension><extension url="http://hl7.org/fhir/StructureDefinition/implementationguide-page"><valueUri value="ValueSet-gridhamd-answer-options-vs-q8.html"/></extension><reference><reference value="ValueSet/gridhamd-answer-options-vs-q8"/></reference><name value="GRID-HAMD Answer Options ValueSet"/><description value="ValueSet including Q8 of the GRID-HAMD Questionnaire answer options."/><exampleBoolean value="false"/><groupingId value="-term-valueset"/></resource><resource><extension url="http://hl7.org/fhir/tools/StructureDefinition/resource-sort"><valueInteger value="999999999"/></extension><extension url="http://hl7.org/fhir/StructureDefinition/implementationguide-page"><valueUri value="ValueSet-gridhamd-answer-options-vs-q9.html"/></extension><reference><reference value="ValueSet/gridhamd-answer-options-vs-q9"/></reference><name value="GRID-HAMD Answer Options ValueSet"/><description value="ValueSet including Q9 of the GRID-HAMD Questionnaire answer options."/><exampleBoolean value="false"/><groupingId value="-term-valueset"/></resource><resource><extension url="http://hl7.org/fhir/tools/StructureDefinition/resource-sort"><valueInteger value="999999999"/></extension><extension url="http://hl7.org/fhir/StructureDefinition/implementationguide-page"><valueUri value="CodeSystem-gridhamd-answer-options-cs.html"/></extension><reference><reference value="CodeSystem/gridhamd-answer-options-cs"/></reference><name value="GRID-HAMD Answer Options CodeSystem"/><description value="CodeSystem defining codes for all answer options used in GRID-HAMD Questionnaire."/><exampleBoolean value="false"/><groupingId value="-term-codesystem"/></resource><resource><extension url="http://hl7.org/fhir/tools/StructureDefinition/resource-sort"><valueInteger value="999999999"/></extension><extension url="http://hl7.org/fhir/StructureDefinition/implementationguide-page"><valueUri value="AllergyIntolerance-Example-UTN-AllergyIntolerance.html"/></extension><reference><reference value="AllergyIntolerance/Example-UTN-AllergyIntolerance"/></reference><name value="Allergies of the Patient"/><description value="Indicates that the patient has no known allergies."/><exampleBoolean value="true"/><groupingId value="-ex-example"/></resource><resource><extension url="http://hl7.org/fhir/tools/StructureDefinition/resource-sort"><valueInteger value="999999999"/></extension><extension url="http://hl7.org/fhir/StructureDefinition/implementationguide-page"><valueUri value="Encounter-Example-UTN-Encounter-PTtoPR.html"/></extension><reference><reference value="Encounter/Example-UTN-Encounter-PTtoPR"/></reference><name value="Encounter 1"/><description value="Encounter which is between patient to practitioner"/><exampleCanonical value="https://www.utn-num.de/fhir/StructureDefinition/utn-encounter"/><groupingId value="-ex-example"/></resource><resource><extension url="http://hl7.org/fhir/tools/StructureDefinition/resource-sort"><valueInteger value="999999999"/></extension><extension url="http://hl7.org/fhir/StructureDefinition/implementationguide-page"><valueUri value="Encounter-Example-UTN-Encounter-PRtoPR.html"/></extension><reference><reference value="Encounter/Example-UTN-Encounter-PRtoPR"/></reference><name value="Encounter 2"/><description value="Encounter which is between practitioner to practitioner"/><exampleCanonical value="https://www.utn-num.de/fhir/StructureDefinition/utn-encounter"/><groupingId value="-ex-example"/></resource><resource><extension url="http://hl7.org/fhir/tools/StructureDefinition/resource-sort"><valueInteger value="999999999"/></extension><extension url="http://hl7.org/fhir/StructureDefinition/implementationguide-page"><valueUri value="Observation-Example-UTN-Arterieller-Blutdruck.html"/></extension><reference><reference value="Observation/Example-UTN-Arterieller-Blutdruck"/></reference><name value="Example UTN Arterieller Blutdruck Observation"/><description value="Example instance for documenting arterial blood pressure observations within UTN."/><exampleCanonical value="https://www.utn-num.de/fhir/StructureDefinition/utn-observation-arterieller-blutdruck"/><groupingId value="-ex-example"/></resource><resource><extension url="http://hl7.org/fhir/tools/StructureDefinition/resource-sort"><valueInteger value="999999999"/></extension><extension url="http://hl7.org/fhir/StructureDefinition/implementationguide-page"><valueUri value="Condition-Example-UTN-Condition.html"/></extension><reference><reference value="Condition/Example-UTN-Condition"/></reference><name value="Example of Hypertonus Condition"/><description value="Represents a condition of systemic hypertension"/><exampleBoolean value="true"/><groupingId value="-ex-example"/></resource><resource><extension url="http://hl7.org/fhir/tools/StructureDefinition/resource-sort"><valueInteger value="999999999"/></extension><extension url="http://hl7.org/fhir/StructureDefinition/implementationguide-page"><valueUri value="Procedure-Example-UTN-Invasive-Beatmung.html"/></extension><reference><reference value="Procedure/Example-UTN-Invasive-Beatmung"/></reference><name value="Example of UTN Procedure Beatmung"/><description value="Example instance of a ventilation procedure conforming to UTN_Procedure_Beatmung profile"/><exampleCanonical value="https://www.utn-num.de/fhir/StructureDefinition/utn-procedure-beatmung"/><groupingId value="-ex-example"/></resource><resource><extension url="http://hl7.org/fhir/tools/StructureDefinition/resource-sort"><valueInteger value="999999999"/></extension><extension url="http://hl7.org/fhir/StructureDefinition/implementationguide-page"><valueUri value="DocumentReference-Example-UTN-Consent-DocumentReference-Forschungsvorhaben.html"/></extension><reference><reference value="DocumentReference/Example-UTN-Consent-DocumentReference-Forschungsvorhaben"/></reference><name value="Example-UTN-Consent-DocumentReference-Forschungsvorhaben"/><description value="Example of Documentreference for Forschungsvorhaben"/><exampleCanonical value="https://www.utn-num.de/fhir/StructureDefinition/utn-consent-documentreference-id"/><groupingId value="-ex-example"/></resource><resource><extension url="http://hl7.org/fhir/tools/StructureDefinition/resource-sort"><valueInteger value="999999999"/></extension><extension url="http://hl7.org/fhir/StructureDefinition/implementationguide-page"><valueUri value="DocumentReference-Example-UTN-Consent-DocumentReference-Videosprechstunde.html"/></extension><reference><reference value="DocumentReference/Example-UTN-Consent-DocumentReference-Videosprechstunde"/></reference><name value="Example-UTN-Consent-DocumentReference-Videosprechstunde"/><description value="Example of Documentreference for Videosprechstunde"/><exampleCanonical value="https://www.utn-num.de/fhir/StructureDefinition/utn-consent-documentreference-id"/><groupingId value="-ex-example"/></resource><resource><extension url="http://hl7.org/fhir/tools/StructureDefinition/resource-sort"><valueInteger value="999999999"/></extension><extension url="http://hl7.org/fhir/StructureDefinition/implementationguide-page"><valueUri value="Consent-Example-UTN-Consent-Forschungsvorhaben.html"/></extension><reference><reference value="Consent/Example-UTN-Consent-Forschungsvorhaben"/></reference><name value="Example-UTN-Consent-Forschungsvorhaben"/><description value="This example shows how the 'Forschungsvorhaben Consent form' should be strucutured"/><exampleCanonical value="https://www.utn-num.de/fhir/StructureDefinition/utn-consent-id"/><groupingId value="-ex-example"/></resource><resource><extension url="http://hl7.org/fhir/tools/StructureDefinition/resource-sort"><valueInteger value="999999999"/></extension><extension url="http://hl7.org/fhir/StructureDefinition/implementationguide-page"><valueUri value="Provenance-Example-UTN-Consent-Provenance-Forschungsvorhaben.html"/></extension><reference><reference value="Provenance/Example-UTN-Consent-Provenance-Forschungsvorhaben"/></reference><name value="Example-UTN-Consent-Provenance-Forschungsvorhaben"/><description value="Example of Provenance for Forschungsvorhaben"/><exampleCanonical value="https://www.utn-num.de/fhir/StructureDefinition/consent-management-provenance"/><groupingId value="-ex-example"/></resource><resource><extension url="http://hl7.org/fhir/tools/StructureDefinition/resource-sort"><valueInteger value="999999999"/></extension><extension url="http://hl7.org/fhir/StructureDefinition/implementationguide-page"><valueUri value="Provenance-Example-UTN-Consent-Provenance-Videosprechstunde.html"/></extension><reference><reference value="Provenance/Example-UTN-Consent-Provenance-Videosprechstunde"/></reference><name value="Example-UTN-Consent-Provenance-Videosprechstunde"/><description value="Example of Provenance for Videosprechstunde"/><exampleCanonical value="https://www.utn-num.de/fhir/StructureDefinition/consent-management-provenance"/><groupingId value="-ex-example"/></resource><resource><extension url="http://hl7.org/fhir/tools/StructureDefinition/resource-sort"><valueInteger value="999999999"/></extension><extension url="http://hl7.org/fhir/StructureDefinition/implementationguide-page"><valueUri value="Consent-Example-UTN-Consent-Videosprechstunde.html"/></extension><reference><reference value="Consent/Example-UTN-Consent-Videosprechstunde"/></reference><name value="Example-UTN-Consent-Videosprechstunde"/><description value="This example shows how the 'Videosprechstunde Consent form' should be strucutured"/><exampleCanonical value="https://www.utn-num.de/fhir/StructureDefinition/utn-consent-id"/><groupingId value="-ex-example"/></resource><resource><extension url="http://hl7.org/fhir/tools/StructureDefinition/resource-sort"><valueInteger value="999999999"/></extension><extension url="http://hl7.org/fhir/StructureDefinition/implementationguide-page"><valueUri value="Observation-Example-UTN-Koerpergroesse.html"/></extension><reference><reference value="Observation/Example-UTN-Koerpergroesse"/></reference><name value="Example-UTN-Koerpergroesse"/><exampleBoolean value="true"/><groupingId value="-ex-example"/></resource><resource><extension url="http://hl7.org/fhir/tools/StructureDefinition/resource-sort"><valueInteger value="999999999"/></extension><extension url="http://hl7.org/fhir/StructureDefinition/implementationguide-page"><valueUri value="Patient-utn-patient-1.html"/></extension><reference><reference value="Patient/utn-patient-1"/></reference><name value="Example-UTN-Patient"/><description value="Example UTN Patient 1"/><exampleCanonical value="https://www.utn-num.de/fhir/StructureDefinition/utn-patient"/><groupingId value="-ex-example"/></resource><resource><extension url="http://hl7.org/fhir/tools/StructureDefinition/resource-sort"><valueInteger value="999999999"/></extension><extension url="http://hl7.org/fhir/StructureDefinition/implementationguide-page"><valueUri value="Patient-utn-patient-2.html"/></extension><reference><reference value="Patient/utn-patient-2"/></reference><name value="Example-UTN-Patient-2"/><description value="Example UTN Patient 2"/><exampleCanonical value="https://www.utn-num.de/fhir/StructureDefinition/utn-patient"/><groupingId value="-ex-example"/></resource><resource><extension url="http://hl7.org/fhir/tools/StructureDefinition/resource-sort"><valueInteger value="999999999"/></extension><extension url="http://hl7.org/fhir/StructureDefinition/implementationguide-page"><valueUri value="Practitioner-Example-UTN-Practitioner-PR1.html"/></extension><reference><reference value="Practitioner/Example-UTN-Practitioner-PR1"/></reference><name value="Example-UTN-Practitioner-PR1"/><description value="Example UTN Practitioner 1"/><exampleCanonical value="https://www.utn-num.de/fhir/StructureDefinition/KBV-PR-Base-Practitioner"/><groupingId value="-ex-example"/></resource><resource><extension url="http://hl7.org/fhir/tools/StructureDefinition/resource-sort"><valueInteger value="999999999"/></extension><extension url="http://hl7.org/fhir/StructureDefinition/implementationguide-page"><valueUri value="Practitioner-Example-UTN-Practitioner-PR2.html"/></extension><reference><reference value="Practitioner/Example-UTN-Practitioner-PR2"/></reference><name value="Example-UTN-Practitioner-PR2"/><description value="Example UTN Practitioner 2"/><exampleCanonical value="https://www.utn-num.de/fhir/StructureDefinition/KBV-PR-Base-Practitioner"/><groupingId value="-ex-example"/></resource><resource><extension url="http://hl7.org/fhir/tools/StructureDefinition/resource-sort"><valueInteger value="999999999"/></extension><extension url="http://hl7.org/fhir/StructureDefinition/implementationguide-page"><valueUri value="PractitionerRole-Example-UTN-PractitionerRole-PR1.html"/></extension><reference><reference value="PractitionerRole/Example-UTN-PractitionerRole-PR1"/></reference><name value="Example-UTN-PractitionerRole-PR1"/><description value="Example UTN PractitionerRole PR1"/><exampleCanonical value="https://www.utn-num.de/fhir/StructureDefinition/utn-PR-Base-PractitionerRole"/><groupingId value="-ex-example"/></resource><resource><extension url="http://hl7.org/fhir/tools/StructureDefinition/resource-sort"><valueInteger value="999999999"/></extension><extension url="http://hl7.org/fhir/StructureDefinition/implementationguide-page"><valueUri value="PractitionerRole-Example-UTN-PractitionerRole-PR2.html"/></extension><reference><reference value="PractitionerRole/Example-UTN-PractitionerRole-PR2"/></reference><name value="Example-UTN-PractitionerRole-PR2"/><description value="Example UTN PractitionerRole PR 2"/><exampleCanonical value="https://www.utn-num.de/fhir/StructureDefinition/utn-PR-Base-PractitionerRole"/><groupingId value="-ex-example"/></resource><resource><extension url="http://hl7.org/fhir/tools/StructureDefinition/resource-sort"><valueInteger value="999999999"/></extension><extension url="http://hl7.org/fhir/StructureDefinition/implementationguide-page"><valueUri value="Observation-Example-UTNAtemfrequenz.html"/></extension><reference><reference value="Observation/Example-UTNAtemfrequenz"/></reference><name value="Example-UTNAtemfrequenz"/><description value="An example Observation for respiratory rate using Atemfrequenz profile."/><exampleCanonical value="https://www.utn-num.de/fhir/StructureDefinition/utn-isik-atemfrequenz"/><groupingId value="-ex-example"/></resource><resource><extension url="http://hl7.org/fhir/tools/StructureDefinition/resource-sort"><valueInteger value="999999999"/></extension><extension url="http://hl7.org/fhir/StructureDefinition/implementationguide-page"><valueUri value="Observation-Example-UTNHerzfrequenz.html"/></extension><reference><reference value="Observation/Example-UTNHerzfrequenz"/></reference><name value="Example-UTNHerzfrequenz"/><description value="An example Observation for heart rate."/><exampleCanonical value="https://www.utn-num.de/fhir/StructureDefinition/isik-herzfrequenz"/><groupingId value="-ex-example"/></resource><resource><extension url="http://hl7.org/fhir/tools/StructureDefinition/resource-sort"><valueInteger value="999999999"/></extension><extension url="http://hl7.org/fhir/StructureDefinition/implementationguide-page"><valueUri value="Observation-Example-UTNKoerpergewicht.html"/></extension><reference><reference value="Observation/Example-UTNKoerpergewicht"/></reference><name value="Example-UTNKoerpergewicht"/><description value="An example Observation for Body Weight."/><exampleCanonical value="https://www.utn-num.de/fhir/StructureDefinition/isik-koerpergewicht"/><groupingId value="-ex-example"/></resource><resource><extension url="http://hl7.org/fhir/tools/StructureDefinition/resource-sort"><valueInteger value="999999999"/></extension><extension url="http://hl7.org/fhir/StructureDefinition/implementationguide-page"><valueUri value="Observation-Example-UTNKoerpertemperatur.html"/></extension><reference><reference value="Observation/Example-UTNKoerpertemperatur"/></reference><name value="Example-UTNKoerpertemperatur"/><description value="An example Observation for Body Temperature."/><exampleCanonical value="https://www.utn-num.de/fhir/StructureDefinition/isik-koerpertemperatur"/><groupingId value="-ex-example"/></resource><resource><extension url="http://hl7.org/fhir/tools/StructureDefinition/resource-sort"><valueInteger value="999999999"/></extension><extension url="http://hl7.org/fhir/StructureDefinition/implementationguide-page"><valueUri value="Observation-Example-UTNKreatinin.html"/></extension><reference><reference value="Observation/Example-UTNKreatinin"/></reference><name value="Example-UTNKreatinin"/><description value="An example Observation for Creatinin."/><exampleCanonical value="https://www.utn-num.de/fhir/StructureDefinition/mii-kreatinin"/><groupingId value="-ex-example"/></resource><resource><extension url="http://hl7.org/fhir/tools/StructureDefinition/resource-sort"><valueInteger value="999999999"/></extension><extension url="http://hl7.org/fhir/StructureDefinition/implementationguide-page"><valueUri value="Questionnaire-GRIDHAMDQuestionnaire.html"/></extension><reference><reference value="Questionnaire/GRIDHAMDQuestionnaire"/></reference><name value="GRID Hamilton Depression Rating Scale"/><description value="A structured clinical questionnaire for assessing depression severity."/><exampleBoolean value="true"/><groupingId value="-ex-example"/></resource><resource><extension url="http://hl7.org/fhir/tools/StructureDefinition/resource-sort"><valueInteger value="999999999"/></extension><extension url="http://hl7.org/fhir/StructureDefinition/implementationguide-page"><valueUri value="MedicationStatement-Example-UTN-MedikationStatement.html"/></extension><reference><reference value="MedicationStatement/Example-UTN-MedikationStatement"/></reference><name value="Ramipril"/><description value="The medication of the patient during the encounter of ICU"/><exampleBoolean value="true"/><groupingId value="-ex-example"/></resource><resource><extension url="http://hl7.org/fhir/tools/StructureDefinition/resource-sort"><valueInteger value="999999999"/></extension><extension url="http://hl7.org/fhir/StructureDefinition/implementationguide-page"><valueUri value="Condition-Example-UTN-Sepsis.html"/></extension><reference><reference value="Condition/Example-UTN-Sepsis"/></reference><name value="Sepsis Condition"/><description value="Represents an active sepsis condition observed during an ICU encounter."/><exampleBoolean value="true"/><groupingId value="-ex-example"/></resource><resource><extension url="http://hl7.org/fhir/tools/StructureDefinition/resource-sort"><valueInteger value="999999999"/></extension><extension url="http://hl7.org/fhir/StructureDefinition/implementationguide-page"><valueUri value="ServiceRequest-UTN-Teleconsultation-PRtoPR-ServiceRequest.html"/></extension><reference><reference value="ServiceRequest/UTN-Teleconsultation-PRtoPR-ServiceRequest"/></reference><name value="Teleconsultation Request"/><description value="Request for a teleconsultation from practitioner to practitioner"/><exampleBoolean value="true"/><groupingId value="-ex-example"/></resource><resource><extension url="http://hl7.org/fhir/tools/StructureDefinition/resource-sort"><valueInteger value="999999999"/></extension><extension url="http://hl7.org/fhir/StructureDefinition/implementationguide-page"><valueUri value="HealthcareService-teleconsultation-service-charite.html"/></extension><reference><reference value="HealthcareService/teleconsultation-service-charite"/></reference><name value="Teleconsultation Service - Charité"/><description value="Teleconsultation service provided by Charité – Universitätsmedizin Berlin"/><exampleCanonical value="https://www.utn-num.de/fhir/StructureDefinition/healthcare-service"/><groupingId value="-ex-example"/></resource><resource><extension url="http://hl7.org/fhir/tools/StructureDefinition/resource-sort"><valueInteger value="999999999"/></extension><extension url="http://hl7.org/fhir/StructureDefinition/implementationguide-page"><valueUri value="HealthcareService-teleconsultation-service-wuerzburg.html"/></extension><reference><reference value="HealthcareService/teleconsultation-service-wuerzburg"/></reference><name value="Teleconsultation Service - Uniklinik Würzburg"/><description value="Teleconsultation service provided by Universitätsklinikum Würzburg"/><exampleCanonical value="https://www.utn-num.de/fhir/StructureDefinition/healthcare-service"/><groupingId value="-ex-example"/></resource><resource><extension url="http://hl7.org/fhir/tools/StructureDefinition/resource-sort"><valueInteger value="999999999"/></extension><extension url="http://hl7.org/fhir/StructureDefinition/implementationguide-page"><valueUri value="Composition-Example-UTN-Teleconsultation-PTtoPR.html"/></extension><reference><reference value="Composition/Example-UTN-Teleconsultation-PTtoPR"/></reference><name value="Teleconsultation note between patient and practitioner"/><exampleBoolean value="true"/><groupingId value="-ex-example"/></resource><resource><extension url="http://hl7.org/fhir/tools/StructureDefinition/resource-sort"><valueInteger value="999999999"/></extension><extension url="http://hl7.org/fhir/StructureDefinition/implementationguide-page"><valueUri value="Composition-Example-UTN-Teleconsultation-PRtoPR.html"/></extension><reference><reference value="Composition/Example-UTN-Teleconsultation-PRtoPR"/></reference><name value="Teleconsultation note between practitioner and practitioner"/><description value="Teleconsultation note sent to practitioner as part of the Service Request"/><exampleBoolean value="true"/><groupingId value="-ex-example"/></resource><resource><extension url="http://hl7.org/fhir/tools/StructureDefinition/resource-sort"><valueInteger value="999999999"/></extension><extension url="http://hl7.org/fhir/StructureDefinition/implementationguide-page"><valueUri value="Composition-Example-UTN-Teleconsultation-PRtoPR-Return.html"/></extension><reference><reference value="Composition/Example-UTN-Teleconsultation-PRtoPR-Return"/></reference><name value="Teleconsultation note between practitioner and practitioner"/><description value="Teleconsultation note sent back to practitioner based on the Service Request"/><exampleBoolean value="true"/><groupingId value="-ex-example"/></resource><resource><extension url="http://hl7.org/fhir/tools/StructureDefinition/resource-sort"><valueInteger value="999999999"/></extension><extension url="http://hl7.org/fhir/StructureDefinition/implementationguide-page"><valueUri value="Location-UTNLocation.html"/></extension><reference><reference value="Location/UTNLocation"/></reference><name value="UTNLocation"/><description value="Example location for UTN"/><exampleBoolean value="true"/><groupingId value="-ex-example"/></resource><resource><extension url="http://hl7.org/fhir/tools/StructureDefinition/resource-sort"><valueInteger value="999999999"/></extension><extension url="http://hl7.org/fhir/StructureDefinition/implementationguide-page"><valueUri value="Procedure-Example-UTN-Procedure.html"/></extension><reference><reference value="Procedure/Example-UTN-Procedure"/></reference><name value="Ultrasound Procedure with Stone Outcome"/><description value="An example Procedure resource conforming to the MII profile where sonography reveals a stone."/><exampleCanonical value="https://www.utn-num.de/fhir/StructureDefinition/utn-procedure"/><groupingId value="-ex-example"/></resource><resource><extension url="http://hl7.org/fhir/tools/StructureDefinition/resource-sort"><valueInteger value="999999999"/></extension><extension url="http://hl7.org/fhir/StructureDefinition/implementationguide-page"><valueUri value="Procedure-Example-UTN-VVECMO.html"/></extension><reference><reference value="Procedure/Example-UTN-VVECMO"/></reference><name value="Venovenous ECMO Procedure"/><description value="venovenous extracorporeal membrane oxygenation procedure"/><exampleCanonical value="https://www.utn-num.de/fhir/StructureDefinition/utn-icu-extrakorporales-verfahren"/><groupingId value="-ex-example"/></resource><page><extension url="http://hl7.org/fhir/tools/StructureDefinition/ig-page-name"><valueUrl value="toc.html"/></extension><nameUrl value="toc.html"/><title value="Table of Contents"/><generation value="html"/><page><extension url="http://hl7.org/fhir/tools/StructureDefinition/ig-page-name"><valueUrl value="index.html"/></extension><nameUrl value="index.html"/><title value="Home"/><generation value="markdown"/></page><page><extension url="http://hl7.org/fhir/tools/StructureDefinition/ig-page-name"><valueUrl value="the_specification.html"/></extension><nameUrl value="the_specification.html"/><title value="Specification"/><generation value="markdown"/></page><page><extension url="http://hl7.org/fhir/tools/StructureDefinition/ig-page-name"><valueUrl value="profiles.html"/></extension><nameUrl value="profiles.html"/><title value="UTN Profiles"/><generation value="markdown"/></page><page><extension url="http://hl7.org/fhir/tools/StructureDefinition/ig-page-name"><valueUrl value="instances.html"/></extension><nameUrl value="instances.html"/><title value="UTN Instances"/><generation value="markdown"/></page><page><extension url="http://hl7.org/fhir/tools/StructureDefinition/ig-page-name"><valueUrl value="scenario_depressionandanxiety.html"/></extension><nameUrl value="scenario_depressionandanxiety.html"/><title value="Scenario Remote Assessment of Depression and Anxiety Severity"/><generation value="markdown"/></page><page><extension url="http://hl7.org/fhir/tools/StructureDefinition/ig-page-name"><valueUrl value="scenario_teleconsultation.html"/></extension><nameUrl value="scenario_teleconsultation.html"/><title value="Scenario Teleconsultation"/><generation value="markdown"/></page><page><extension url="http://hl7.org/fhir/tools/StructureDefinition/ig-page-name"><valueUrl value="artifacts.html"/></extension><nameUrl value="artifacts.html"/><title value="Artifacts Summary"/><generation value="html"/><page><extension url="http://hl7.org/fhir/tools/StructureDefinition/ig-page-name"><valueUrl value="StructureDefinition-utn-icu-extrakorporales-verfahren.html"/></extension><nameUrl value="StructureDefinition-utn-icu-extrakorporales-verfahren.html"/><title value="MII PR ICU Extrakorporales Verfahren"/><generation value="generated"/></page><page><extension url="http://hl7.org/fhir/tools/StructureDefinition/ig-page-name"><valueUrl value="StructureDefinition-utn-consent-documentreference-id.html"/></extension><nameUrl value="StructureDefinition-utn-consent-documentreference-id.html"/><title value="UTN Consent Document Reference"/><generation value="generated"/></page><page><extension url="http://hl7.org/fhir/tools/StructureDefinition/ig-page-name"><valueUrl value="StructureDefinition-utn-consent-id.html"/></extension><nameUrl value="StructureDefinition-utn-consent-id.html"/><title value="UTN Consent Forschungsvorhaben and Videosprechstunde"/><generation value="generated"/></page><page><extension url="http://hl7.org/fhir/tools/StructureDefinition/ig-page-name"><valueUrl value="StructureDefinition-consent-management-provenance.html"/></extension><nameUrl value="StructureDefinition-consent-management-provenance.html"/><title value="UTN Consent Management Provenance"/><generation value="generated"/></page><page><extension url="http://hl7.org/fhir/tools/StructureDefinition/ig-page-name"><valueUrl value="StructureDefinition-profile-consent-management-questionnaireresponse.html"/></extension><nameUrl value="StructureDefinition-profile-consent-management-questionnaireresponse.html"/><title value="UTN Consent Management QuestionnaireResponse"/><generation value="generated"/></page><page><extension url="http://hl7.org/fhir/tools/StructureDefinition/ig-page-name"><valueUrl value="StructureDefinition-utn-encounter.html"/></extension><nameUrl value="StructureDefinition-utn-encounter.html"/><title value="UTN Encounter"/><generation value="generated"/></page><page><extension url="http://hl7.org/fhir/tools/StructureDefinition/ig-page-name"><valueUrl value="StructureDefinition-healthcare-service.html"/></extension><nameUrl value="StructureDefinition-healthcare-service.html"/><title value="UTN Healthcare Service with Devices"/><generation value="generated"/></page><page><extension url="http://hl7.org/fhir/tools/StructureDefinition/ig-page-name"><valueUrl value="StructureDefinition-mii-kreatinin.html"/></extension><nameUrl value="StructureDefinition-mii-kreatinin.html"/><title value="UTN Laboruntersuchung-Kreatinin"/><generation value="generated"/></page><page><extension url="http://hl7.org/fhir/tools/StructureDefinition/ig-page-name"><valueUrl value="StructureDefinition-utn-observation-arterieller-blutdruck.html"/></extension><nameUrl value="StructureDefinition-utn-observation-arterieller-blutdruck.html"/><title value="UTN Observation Arterieller Blutdruck"/><generation value="generated"/></page><page><extension url="http://hl7.org/fhir/tools/StructureDefinition/ig-page-name"><valueUrl value="StructureDefinition-utn-isik-atemfrequenz.html"/></extension><nameUrl value="StructureDefinition-utn-isik-atemfrequenz.html"/><title value="UTN Observation Atemfrequenz Profile"/><generation value="generated"/></page><page><extension url="http://hl7.org/fhir/tools/StructureDefinition/ig-page-name"><valueUrl value="StructureDefinition-isik-herzfrequenz.html"/></extension><nameUrl value="StructureDefinition-isik-herzfrequenz.html"/><title value="UTN Observation Heart rate Profile"/><generation value="generated"/></page><page><extension url="http://hl7.org/fhir/tools/StructureDefinition/ig-page-name"><valueUrl value="StructureDefinition-isik-koerpergewicht.html"/></extension><nameUrl value="StructureDefinition-isik-koerpergewicht.html"/><title value="UTN Observation Koerpergewicht Profile"/><generation value="generated"/></page><page><extension url="http://hl7.org/fhir/tools/StructureDefinition/ig-page-name"><valueUrl value="StructureDefinition-isik-koerpertemperatur.html"/></extension><nameUrl value="StructureDefinition-isik-koerpertemperatur.html"/><title value="UTN Observation Koerpertemperatur Profile"/><generation value="generated"/></page><page><extension url="http://hl7.org/fhir/tools/StructureDefinition/ig-page-name"><valueUrl value="StructureDefinition-utn-patient.html"/></extension><nameUrl value="StructureDefinition-utn-patient.html"/><title value="UTN Patient"/><generation value="generated"/></page><page><extension url="http://hl7.org/fhir/tools/StructureDefinition/ig-page-name"><valueUrl value="StructureDefinition-KBV-PR-Base-Practitioner.html"/></extension><nameUrl value="StructureDefinition-KBV-PR-Base-Practitioner.html"/><title value="UTN Practitioner"/><generation value="generated"/></page><page><extension url="http://hl7.org/fhir/tools/StructureDefinition/ig-page-name"><valueUrl value="StructureDefinition-utn-PR-Base-PractitionerRole.html"/></extension><nameUrl value="StructureDefinition-utn-PR-Base-PractitionerRole.html"/><title value="UTN Practitioner Role"/><generation value="generated"/></page><page><extension url="http://hl7.org/fhir/tools/StructureDefinition/ig-page-name"><valueUrl value="StructureDefinition-utn-procedure.html"/></extension><nameUrl value="StructureDefinition-utn-procedure.html"/><title value="UTN Procedure"/><generation value="generated"/></page><page><extension url="http://hl7.org/fhir/tools/StructureDefinition/ig-page-name"><valueUrl value="StructureDefinition-utn-procedure-beatmung.html"/></extension><nameUrl value="StructureDefinition-utn-procedure-beatmung.html"/><title value="UTN Procedure Beatmung"/><generation value="generated"/></page><page><extension url="http://hl7.org/fhir/tools/StructureDefinition/ig-page-name"><valueUrl value="StructureDefinition-utn-service-request.html"/></extension><nameUrl value="StructureDefinition-utn-service-request.html"/><title value="UTN Teleconsultation Service Request"/><generation value="generated"/></page><page><extension url="http://hl7.org/fhir/tools/StructureDefinition/ig-page-name"><valueUrl value="StructureDefinition-utn-icu-allergyintolerance.html"/></extension><nameUrl value="StructureDefinition-utn-icu-allergyintolerance.html"/><title value="UTNAllergyIntolerance"/><generation value="generated"/></page><page><extension url="http://hl7.org/fhir/tools/StructureDefinition/ig-page-name"><valueUrl value="StructureDefinition-composition-basedon-servicerequest.html"/></extension><nameUrl value="StructureDefinition-composition-basedon-servicerequest.html"/><title value="Composition BasedOn ServiceRequest"/><generation value="generated"/></page><page><extension url="http://hl7.org/fhir/tools/StructureDefinition/ig-page-name"><valueUrl value="ValueSet-gridhamd-answer-options-vs-q1.html"/></extension><nameUrl value="ValueSet-gridhamd-answer-options-vs-q1.html"/><title value="GRID-HAMD Answer Options ValueSet"/><generation value="generated"/></page><page><extension url="http://hl7.org/fhir/tools/StructureDefinition/ig-page-name"><valueUrl value="ValueSet-gridhamd-answer-options-vs-q2.html"/></extension><nameUrl value="ValueSet-gridhamd-answer-options-vs-q2.html"/><title value="GRID-HAMD Answer Options ValueSet"/><generation value="generated"/></page><page><extension url="http://hl7.org/fhir/tools/StructureDefinition/ig-page-name"><valueUrl value="ValueSet-gridhamd-answer-options-vs-q3.html"/></extension><nameUrl value="ValueSet-gridhamd-answer-options-vs-q3.html"/><title value="GRID-HAMD Answer Options ValueSet"/><generation value="generated"/></page><page><extension url="http://hl7.org/fhir/tools/StructureDefinition/ig-page-name"><valueUrl value="ValueSet-gridhamd-answer-options-vs-q4.html"/></extension><nameUrl value="ValueSet-gridhamd-answer-options-vs-q4.html"/><title value="GRID-HAMD Answer Options ValueSet"/><generation value="generated"/></page><page><extension url="http://hl7.org/fhir/tools/StructureDefinition/ig-page-name"><valueUrl value="ValueSet-gridhamd-answer-options-vs-q5.html"/></extension><nameUrl value="ValueSet-gridhamd-answer-options-vs-q5.html"/><title value="GRID-HAMD Answer Options ValueSet"/><generation value="generated"/></page><page><extension url="http://hl7.org/fhir/tools/StructureDefinition/ig-page-name"><valueUrl value="ValueSet-gridhamd-answer-options-vs-q6.html"/></extension><nameUrl value="ValueSet-gridhamd-answer-options-vs-q6.html"/><title value="GRID-HAMD Answer Options ValueSet"/><generation value="generated"/></page><page><extension url="http://hl7.org/fhir/tools/StructureDefinition/ig-page-name"><valueUrl value="ValueSet-gridhamd-answer-options-vs-q7.html"/></extension><nameUrl value="ValueSet-gridhamd-answer-options-vs-q7.html"/><title value="GRID-HAMD Answer Options ValueSet"/><generation value="generated"/></page><page><extension url="http://hl7.org/fhir/tools/StructureDefinition/ig-page-name"><valueUrl value="ValueSet-gridhamd-answer-options-vs-q8.html"/></extension><nameUrl value="ValueSet-gridhamd-answer-options-vs-q8.html"/><title value="GRID-HAMD Answer Options ValueSet"/><generation value="generated"/></page><page><extension url="http://hl7.org/fhir/tools/StructureDefinition/ig-page-name"><valueUrl value="ValueSet-gridhamd-answer-options-vs-q9.html"/></extension><nameUrl value="ValueSet-gridhamd-answer-options-vs-q9.html"/><title value="GRID-HAMD Answer Options ValueSet"/><generation value="generated"/></page><page><extension url="http://hl7.org/fhir/tools/StructureDefinition/ig-page-name"><valueUrl value="ValueSet-gridhamd-answer-options-vs-q10.html"/></extension><nameUrl value="ValueSet-gridhamd-answer-options-vs-q10.html"/><title value="GRID-HAMD Answer Options ValueSet"/><generation value="generated"/></page><page><extension url="http://hl7.org/fhir/tools/StructureDefinition/ig-page-name"><valueUrl value="ValueSet-gridhamd-answer-options-vs-q11.html"/></extension><nameUrl value="ValueSet-gridhamd-answer-options-vs-q11.html"/><title value="GRID-HAMD Answer Options ValueSet"/><generation value="generated"/></page><page><extension url="http://hl7.org/fhir/tools/StructureDefinition/ig-page-name"><valueUrl value="ValueSet-gridhamd-answer-options-vs-q12.html"/></extension><nameUrl value="ValueSet-gridhamd-answer-options-vs-q12.html"/><title value="GRID-HAMD Answer Options ValueSet"/><generation value="generated"/></page><page><extension url="http://hl7.org/fhir/tools/StructureDefinition/ig-page-name"><valueUrl value="ValueSet-gridhamd-answer-options-vs-q13.html"/></extension><nameUrl value="ValueSet-gridhamd-answer-options-vs-q13.html"/><title value="GRID-HAMD Answer Options ValueSet"/><generation value="generated"/></page><page><extension url="http://hl7.org/fhir/tools/StructureDefinition/ig-page-name"><valueUrl value="ValueSet-gridhamd-answer-options-vs-q14.html"/></extension><nameUrl value="ValueSet-gridhamd-answer-options-vs-q14.html"/><title value="GRID-HAMD Answer Options ValueSet"/><generation value="generated"/></page><page><extension url="http://hl7.org/fhir/tools/StructureDefinition/ig-page-name"><valueUrl value="ValueSet-gridhamd-answer-options-vs-q15.html"/></extension><nameUrl value="ValueSet-gridhamd-answer-options-vs-q15.html"/><title value="GRID-HAMD Answer Options ValueSet"/><generation value="generated"/></page><page><extension url="http://hl7.org/fhir/tools/StructureDefinition/ig-page-name"><valueUrl value="ValueSet-gridhamd-answer-options-vs-q16.html"/></extension><nameUrl value="ValueSet-gridhamd-answer-options-vs-q16.html"/><title value="GRID-HAMD Answer Options ValueSet"/><generation value="generated"/></page><page><extension url="http://hl7.org/fhir/tools/StructureDefinition/ig-page-name"><valueUrl value="ValueSet-gridhamd-answer-options-vs-q17.html"/></extension><nameUrl value="ValueSet-gridhamd-answer-options-vs-q17.html"/><title value="GRID-HAMD Answer Options ValueSet"/><generation value="generated"/></page><page><extension url="http://hl7.org/fhir/tools/StructureDefinition/ig-page-name"><valueUrl value="CodeSystem-gridhamd-answer-options-cs.html"/></extension><nameUrl value="CodeSystem-gridhamd-answer-options-cs.html"/><title value="GRID-HAMD Answer Options CodeSystem"/><generation value="generated"/></page><page><extension url="http://hl7.org/fhir/tools/StructureDefinition/ig-page-name"><valueUrl value="AllergyIntolerance-Example-UTN-AllergyIntolerance.html"/></extension><nameUrl value="AllergyIntolerance-Example-UTN-AllergyIntolerance.html"/><title value="Allergies of the Patient"/><generation value="generated"/></page><page><extension url="http://hl7.org/fhir/tools/StructureDefinition/ig-page-name"><valueUrl value="Encounter-Example-UTN-Encounter-PTtoPR.html"/></extension><nameUrl value="Encounter-Example-UTN-Encounter-PTtoPR.html"/><title value="Encounter 1"/><generation value="generated"/></page><page><extension url="http://hl7.org/fhir/tools/StructureDefinition/ig-page-name"><valueUrl value="Encounter-Example-UTN-Encounter-PRtoPR.html"/></extension><nameUrl value="Encounter-Example-UTN-Encounter-PRtoPR.html"/><title value="Encounter 2"/><generation value="generated"/></page><page><extension url="http://hl7.org/fhir/tools/StructureDefinition/ig-page-name"><valueUrl value="Condition-Example-UTN-Condition.html"/></extension><nameUrl value="Condition-Example-UTN-Condition.html"/><title value="Example of Hypertonus Condition"/><generation value="generated"/></page><page><extension url="http://hl7.org/fhir/tools/StructureDefinition/ig-page-name"><valueUrl value="Procedure-Example-UTN-Invasive-Beatmung.html"/></extension><nameUrl value="Procedure-Example-UTN-Invasive-Beatmung.html"/><title value="Example of UTN Procedure Beatmung"/><generation value="generated"/></page><page><extension url="http://hl7.org/fhir/tools/StructureDefinition/ig-page-name"><valueUrl value="Observation-Example-UTN-Arterieller-Blutdruck.html"/></extension><nameUrl value="Observation-Example-UTN-Arterieller-Blutdruck.html"/><title value="Example UTN Arterieller Blutdruck Observation"/><generation value="generated"/></page><page><extension url="http://hl7.org/fhir/tools/StructureDefinition/ig-page-name"><valueUrl value="DocumentReference-Example-UTN-Consent-DocumentReference-Forschungsvorhaben.html"/></extension><nameUrl value="DocumentReference-Example-UTN-Consent-DocumentReference-Forschungsvorhaben.html"/><title value="Example-UTN-Consent-DocumentReference-Forschungsvorhaben"/><generation value="generated"/></page><page><extension url="http://hl7.org/fhir/tools/StructureDefinition/ig-page-name"><valueUrl value="DocumentReference-Example-UTN-Consent-DocumentReference-Videosprechstunde.html"/></extension><nameUrl value="DocumentReference-Example-UTN-Consent-DocumentReference-Videosprechstunde.html"/><title value="Example-UTN-Consent-DocumentReference-Videosprechstunde"/><generation value="generated"/></page><page><extension url="http://hl7.org/fhir/tools/StructureDefinition/ig-page-name"><valueUrl value="Consent-Example-UTN-Consent-Forschungsvorhaben.html"/></extension><nameUrl value="Consent-Example-UTN-Consent-Forschungsvorhaben.html"/><title value="Example-UTN-Consent-Forschungsvorhaben"/><generation value="generated"/></page><page><extension url="http://hl7.org/fhir/tools/StructureDefinition/ig-page-name"><valueUrl value="Provenance-Example-UTN-Consent-Provenance-Forschungsvorhaben.html"/></extension><nameUrl value="Provenance-Example-UTN-Consent-Provenance-Forschungsvorhaben.html"/><title value="Example-UTN-Consent-Provenance-Forschungsvorhaben"/><generation value="generated"/></page><page><extension url="http://hl7.org/fhir/tools/StructureDefinition/ig-page-name"><valueUrl value="Provenance-Example-UTN-Consent-Provenance-Videosprechstunde.html"/></extension><nameUrl value="Provenance-Example-UTN-Consent-Provenance-Videosprechstunde.html"/><title value="Example-UTN-Consent-Provenance-Videosprechstunde"/><generation value="generated"/></page><page><extension url="http://hl7.org/fhir/tools/StructureDefinition/ig-page-name"><valueUrl value="Consent-Example-UTN-Consent-Videosprechstunde.html"/></extension><nameUrl value="Consent-Example-UTN-Consent-Videosprechstunde.html"/><title value="Example-UTN-Consent-Videosprechstunde"/><generation value="generated"/></page><page><extension url="http://hl7.org/fhir/tools/StructureDefinition/ig-page-name"><valueUrl value="Observation-Example-UTN-Koerpergroesse.html"/></extension><nameUrl value="Observation-Example-UTN-Koerpergroesse.html"/><title value="Example-UTN-Koerpergroesse"/><generation value="generated"/></page><page><extension url="http://hl7.org/fhir/tools/StructureDefinition/ig-page-name"><valueUrl value="Patient-utn-patient-1.html"/></extension><nameUrl value="Patient-utn-patient-1.html"/><title value="Example-UTN-Patient"/><generation value="generated"/></page><page><extension url="http://hl7.org/fhir/tools/StructureDefinition/ig-page-name"><valueUrl value="Patient-utn-patient-2.html"/></extension><nameUrl value="Patient-utn-patient-2.html"/><title value="Example-UTN-Patient-2"/><generation value="generated"/></page><page><extension url="http://hl7.org/fhir/tools/StructureDefinition/ig-page-name"><valueUrl value="Practitioner-Example-UTN-Practitioner-PR1.html"/></extension><nameUrl value="Practitioner-Example-UTN-Practitioner-PR1.html"/><title value="Example-UTN-Practitioner-PR1"/><generation value="generated"/></page><page><extension url="http://hl7.org/fhir/tools/StructureDefinition/ig-page-name"><valueUrl value="Practitioner-Example-UTN-Practitioner-PR2.html"/></extension><nameUrl value="Practitioner-Example-UTN-Practitioner-PR2.html"/><title value="Example-UTN-Practitioner-PR2"/><generation value="generated"/></page><page><extension url="http://hl7.org/fhir/tools/StructureDefinition/ig-page-name"><valueUrl value="PractitionerRole-Example-UTN-PractitionerRole-PR1.html"/></extension><nameUrl value="PractitionerRole-Example-UTN-PractitionerRole-PR1.html"/><title value="Example-UTN-PractitionerRole-PR1"/><generation value="generated"/></page><page><extension url="http://hl7.org/fhir/tools/StructureDefinition/ig-page-name"><valueUrl value="PractitionerRole-Example-UTN-PractitionerRole-PR2.html"/></extension><nameUrl value="PractitionerRole-Example-UTN-PractitionerRole-PR2.html"/><title value="Example-UTN-PractitionerRole-PR2"/><generation value="generated"/></page><page><extension url="http://hl7.org/fhir/tools/StructureDefinition/ig-page-name"><valueUrl value="Observation-Example-UTNAtemfrequenz.html"/></extension><nameUrl value="Observation-Example-UTNAtemfrequenz.html"/><title value="Example-UTNAtemfrequenz"/><generation value="generated"/></page><page><extension url="http://hl7.org/fhir/tools/StructureDefinition/ig-page-name"><valueUrl value="Observation-Example-UTNHerzfrequenz.html"/></extension><nameUrl value="Observation-Example-UTNHerzfrequenz.html"/><title value="Example-UTNHerzfrequenz"/><generation value="generated"/></page><page><extension url="http://hl7.org/fhir/tools/StructureDefinition/ig-page-name"><valueUrl value="Observation-Example-UTNKoerpergewicht.html"/></extension><nameUrl value="Observation-Example-UTNKoerpergewicht.html"/><title value="Example-UTNKoerpergewicht"/><generation value="generated"/></page><page><extension url="http://hl7.org/fhir/tools/StructureDefinition/ig-page-name"><valueUrl value="Observation-Example-UTNKoerpertemperatur.html"/></extension><nameUrl value="Observation-Example-UTNKoerpertemperatur.html"/><title value="Example-UTNKoerpertemperatur"/><generation value="generated"/></page><page><extension url="http://hl7.org/fhir/tools/StructureDefinition/ig-page-name"><valueUrl value="Observation-Example-UTNKreatinin.html"/></extension><nameUrl value="Observation-Example-UTNKreatinin.html"/><title value="Example-UTNKreatinin"/><generation value="generated"/></page><page><extension url="http://hl7.org/fhir/tools/StructureDefinition/ig-page-name"><valueUrl value="Questionnaire-GRIDHAMDQuestionnaire.html"/></extension><nameUrl value="Questionnaire-GRIDHAMDQuestionnaire.html"/><title value="GRID Hamilton Depression Rating Scale"/><generation value="generated"/></page><page><extension url="http://hl7.org/fhir/tools/StructureDefinition/ig-page-name"><valueUrl value="MedicationStatement-Example-UTN-MedikationStatement.html"/></extension><nameUrl value="MedicationStatement-Example-UTN-MedikationStatement.html"/><title value="Ramipril"/><generation value="generated"/></page><page><extension url="http://hl7.org/fhir/tools/StructureDefinition/ig-page-name"><valueUrl value="Condition-Example-UTN-Sepsis.html"/></extension><nameUrl value="Condition-Example-UTN-Sepsis.html"/><title value="Sepsis Condition"/><generation value="generated"/></page><page><extension url="http://hl7.org/fhir/tools/StructureDefinition/ig-page-name"><valueUrl value="Composition-Example-UTN-Teleconsultation-PTtoPR.html"/></extension><nameUrl value="Composition-Example-UTN-Teleconsultation-PTtoPR.html"/><title value="Teleconsultation note between patient and practitioner"/><generation value="generated"/></page><page><extension url="http://hl7.org/fhir/tools/StructureDefinition/ig-page-name"><valueUrl value="Composition-Example-UTN-Teleconsultation-PRtoPR.html"/></extension><nameUrl value="Composition-Example-UTN-Teleconsultation-PRtoPR.html"/><title value="Teleconsultation note between practitioner and practitioner"/><generation value="generated"/></page><page><extension url="http://hl7.org/fhir/tools/StructureDefinition/ig-page-name"><valueUrl value="Composition-Example-UTN-Teleconsultation-PRtoPR-Return.html"/></extension><nameUrl value="Composition-Example-UTN-Teleconsultation-PRtoPR-Return.html"/><title value="Teleconsultation note between practitioner and practitioner"/><generation value="generated"/></page><page><extension url="http://hl7.org/fhir/tools/StructureDefinition/ig-page-name"><valueUrl value="ServiceRequest-UTN-Teleconsultation-PRtoPR-ServiceRequest.html"/></extension><nameUrl value="ServiceRequest-UTN-Teleconsultation-PRtoPR-ServiceRequest.html"/><title value="Teleconsultation Request"/><generation value="generated"/></page><page><extension url="http://hl7.org/fhir/tools/StructureDefinition/ig-page-name"><valueUrl value="HealthcareService-teleconsultation-service-charite.html"/></extension><nameUrl value="HealthcareService-teleconsultation-service-charite.html"/><title value="Teleconsultation Service - Charité"/><generation value="generated"/></page><page><extension url="http://hl7.org/fhir/tools/StructureDefinition/ig-page-name"><valueUrl value="HealthcareService-teleconsultation-service-wuerzburg.html"/></extension><nameUrl value="HealthcareService-teleconsultation-service-wuerzburg.html"/><title value="Teleconsultation Service - Uniklinik Würzburg"/><generation value="generated"/></page><page><extension url="http://hl7.org/fhir/tools/StructureDefinition/ig-page-name"><valueUrl value="Procedure-Example-UTN-Procedure.html"/></extension><nameUrl value="Procedure-Example-UTN-Procedure.html"/><title value="Ultrasound Procedure with Stone Outcome"/><generation value="generated"/></page><page><extension url="http://hl7.org/fhir/tools/StructureDefinition/ig-page-name"><valueUrl value="Location-UTNLocation.html"/></extension><nameUrl value="Location-UTNLocation.html"/><title value="UTNLocation"/><generation value="generated"/></page><page><extension url="http://hl7.org/fhir/tools/StructureDefinition/ig-page-name"><valueUrl value="Procedure-Example-UTN-VVECMO.html"/></extension><nameUrl value="Procedure-Example-UTN-VVECMO.html"/><title value="Venovenous ECMO Procedure"/><generation value="generated"/></page></page></page><parameter><code value="path-resource"/><value value="input/capabilities"/></parameter><parameter><code value="path-resource"/><value value="input/examples"/></parameter><parameter><code value="path-resource"/><value value="input/extensions"/></parameter><parameter><code value="path-resource"/><value value="input/models"/></parameter><parameter><code value="path-resource"/><value value="input/operations"/></parameter><parameter><code value="path-resource"/><value value="input/profiles"/></parameter><parameter><code value="path-resource"/><value value="input/resources"/></parameter><parameter><code value="path-resource"/><value value="input/vocabulary"/></parameter><parameter><code value="path-resource"/><value value="input/maps"/></parameter><parameter><code value="path-resource"/><value value="input/testing"/></parameter><parameter><code value="path-resource"/><value value="input/history"/></parameter><parameter><code value="path-resource"/><value value="fsh-generated/resources"/></parameter><parameter><code value="path-pages"/><value value="template/config"/></parameter><parameter><code value="path-pages"/><value value="input/images"/></parameter><parameter><code value="path-tx-cache"/><value value="input-cache/txcache"/></parameter></definition></ImplementationGuide>