<?xml version="1.0" encoding="UTF-8"?><ValueSet xmlns="http://hl7.org/fhir"><id value="gridhamd-answer-options-vs-q12"/><text><status value="generated"/><div xmlns="http://www.w3.org/1999/xhtml"><p class="res-header-id"><b>Generated Narrative: ValueSet gridhamd-answer-options-vs-q12</b></p><a name="gridhamd-answer-options-vs-q12"> </a><a name="hcgridhamd-answer-options-vs-q12"> </a><a name="gridhamd-answer-options-vs-q12-en-US"> </a><ul><li>Include these codes as defined in <a href="CodeSystem-gridhamd-answer-options-cs.html"><code>http://example.org/fhir/CodeSystem/gridhamd-answer-options-cs</code></a><table class="none"><tr><td style="white-space:nowrap"><b>Code</b></td><td><b>Display</b></td></tr><tr><td><a href="CodeSystem-gridhamd-answer-options-cs.html#gridhamd-answer-options-cs-Q12-1">Q12-1</a></td><td>Absent and Absent or clinically insignificant</td></tr><tr><td><a href="CodeSystem-gridhamd-answer-options-cs.html#gridhamd-answer-options-cs-Q12-2">Q12-2</a></td><td>Mild (Some loss of appetite but eating without encouragement; less interest or pleasure in eating) and Absent or clinically insignificant</td></tr><tr><td><a href="CodeSystem-gridhamd-answer-options-cs.html#gridhamd-answer-options-cs-Q12-3">Q12-3</a></td><td>Mild (Some loss of appetite but eating without encouragement; less interest or pleasure in eating) and Occasional</td></tr><tr><td><a href="CodeSystem-gridhamd-answer-options-cs.html#gridhamd-answer-options-cs-Q12-4">Q12-4</a></td><td>Mild (Some loss of appetite but eating without encouragement; less interest or pleasure in eating) and Much of the time</td></tr><tr><td><a href="CodeSystem-gridhamd-answer-options-cs.html#gridhamd-answer-options-cs-Q12-5">Q12-5</a></td><td>Mild (Some loss of appetite but eating without encouragement; less interest or pleasure in eating)and Almost all the time</td></tr><tr><td><a href="CodeSystem-gridhamd-answer-options-cs.html#gridhamd-answer-options-cs-Q12-6">Q12-6</a></td><td>Marked (Marked loss of appetite, very little interest or pleasure in eating (e.g., forcing self to eat)) and Occasional</td></tr><tr><td><a href="CodeSystem-gridhamd-answer-options-cs.html#gridhamd-answer-options-cs-Q12-7">Q12-7</a></td><td>Marked (Marked loss of appetite, very little interest or pleasure in eating (e.g., forcing self to eat)) and Much of the time</td></tr><tr><td><a href="CodeSystem-gridhamd-answer-options-cs.html#gridhamd-answer-options-cs-Q12-8">Q12-8</a></td><td>Marked (Marked loss of appetite, very little interest or pleasure in eating (e.g., forcing self to eat))  and Almost all the time</td></tr></table></li></ul></div></text><url value="http://example.org/fhir/CodeSystem/gridhamd-answer-options-vs12"/><version value="0.1.0"/><name value="GRIDHAMDAnswerOptionsVSQ12"/><title value="GRID-HAMD Answer Options ValueSet"/><status value="draft"/><date value="2025-06-12T14:08:24+02:00"/><publisher value="BIH-CEI"/><contact><name value="BIH-CEI"/><telecom><system value="url"/><value value="http://utn/consentresource.com"/></telecom></contact><description value="ValueSet including Q12 of the GRID-HAMD Questionnaire answer options."/><compose><include><system value="http://example.org/fhir/CodeSystem/gridhamd-answer-options-cs"/><concept><code value="Q12-1"/><display value="Absent and Absent or clinically insignificant"/></concept><concept><code value="Q12-2"/><display value="Mild (Some loss of appetite but eating without encouragement; less interest or pleasure in eating) and Absent or clinically insignificant"/></concept><concept><code value="Q12-3"/><display value="Mild (Some loss of appetite but eating without encouragement; less interest or pleasure in eating) and Occasional"/></concept><concept><code value="Q12-4"/><display value="Mild (Some loss of appetite but eating without encouragement; less interest or pleasure in eating) and Much of the time"/></concept><concept><code value="Q12-5"/><display value="Mild (Some loss of appetite but eating without encouragement; less interest or pleasure in eating)and Almost all the time"/></concept><concept><code value="Q12-6"/><display value="Marked (Marked loss of appetite, very little interest or pleasure in eating (e.g., forcing self to eat)) and Occasional"/></concept><concept><code value="Q12-7"/><display value="Marked (Marked loss of appetite, very little interest or pleasure in eating (e.g., forcing self to eat)) and Much of the time"/></concept><concept><code value="Q12-8"/><display value="Marked (Marked loss of appetite, very little interest or pleasure in eating (e.g., forcing self to eat))  and Almost all the time"/></concept></include></compose></ValueSet>