<?xml version="1.0" encoding="UTF-8"?><ValueSet xmlns="http://hl7.org/fhir"><id value="gridhamd-answer-options-vs-q6"/><text><status value="generated"/><div xmlns="http://www.w3.org/1999/xhtml"><p class="res-header-id"><b>Generated Narrative: ValueSet gridhamd-answer-options-vs-q6</b></p><a name="gridhamd-answer-options-vs-q6"> </a><a name="hcgridhamd-answer-options-vs-q6"> </a><a name="gridhamd-answer-options-vs-q6-en-US"> </a><ul><li>Include these codes as defined in <a href="CodeSystem-gridhamd-answer-options-cs.html"><code>http://example.org/fhir/CodeSystem/gridhamd-answer-options-cs</code></a><table class="none"><tr><td style="white-space:nowrap"><b>Code</b></td><td><b>Display</b></td></tr><tr><td><a href="CodeSystem-gridhamd-answer-options-cs.html#gridhamd-answer-options-cs-Q6-1">Q6-1</a></td><td>Absent and Absent or clinically insignificant</td></tr><tr><td><a href="CodeSystem-gridhamd-answer-options-cs.html#gridhamd-answer-options-cs-Q6-2">Q6-2</a></td><td>Mild (30 – 59 minutes awake)  and Absent or clinically insignificant</td></tr><tr><td><a href="CodeSystem-gridhamd-answer-options-cs.html#gridhamd-answer-options-cs-Q6-3">Q6-3</a></td><td>Mild (30 – 59 minutes awake) and Occasional</td></tr><tr><td><a href="CodeSystem-gridhamd-answer-options-cs.html#gridhamd-answer-options-cs-Q6-4">Q6-4</a></td><td>Mild (30 – 59 minutes awake) and Much of the time</td></tr><tr><td><a href="CodeSystem-gridhamd-answer-options-cs.html#gridhamd-answer-options-cs-Q6-5">Q6-5</a></td><td>Mild (30 – 59 minutes awake) and Almost all the time</td></tr><tr><td><a href="CodeSystem-gridhamd-answer-options-cs.html#gridhamd-answer-options-cs-Q6-6">Q6-6</a></td><td>Marked (1 hour or more awake) and Occasional</td></tr><tr><td><a href="CodeSystem-gridhamd-answer-options-cs.html#gridhamd-answer-options-cs-Q6-7">Q6-7</a></td><td>Marked (1 hour or more awake) and Much of the time</td></tr><tr><td><a href="CodeSystem-gridhamd-answer-options-cs.html#gridhamd-answer-options-cs-Q6-8">Q6-8</a></td><td>Marked (1 hour or more awake) and Almost all the time</td></tr></table></li></ul></div></text><url value="http://example.org/fhir/CodeSystem/gridhamd-answer-options-vs6"/><version value="0.1.0"/><name value="GRIDHAMDAnswerOptionsVSQ6"/><title value="GRID-HAMD Answer Options ValueSet"/><status value="draft"/><date value="2025-06-12T14:08:24+02:00"/><publisher value="BIH-CEI"/><contact><name value="BIH-CEI"/><telecom><system value="url"/><value value="http://utn/consentresource.com"/></telecom></contact><description value="ValueSet including Q6 of the GRID-HAMD Questionnaire answer options."/><compose><include><system value="http://example.org/fhir/CodeSystem/gridhamd-answer-options-cs"/><concept><code value="Q6-1"/><display value="Absent and Absent or clinically insignificant"/></concept><concept><code value="Q6-2"/><display value="Mild (30 – 59 minutes awake)  and Absent or clinically insignificant"/></concept><concept><code value="Q6-3"/><display value="Mild (30 – 59 minutes awake) and Occasional"/></concept><concept><code value="Q6-4"/><display value="Mild (30 – 59 minutes awake) and Much of the time"/></concept><concept><code value="Q6-5"/><display value="Mild (30 – 59 minutes awake) and Almost all the time"/></concept><concept><code value="Q6-6"/><display value="Marked (1 hour or more awake) and Occasional"/></concept><concept><code value="Q6-7"/><display value="Marked (1 hour or more awake) and Much of the time"/></concept><concept><code value="Q6-8"/><display value="Marked (1 hour or more awake) and Almost all the time"/></concept></include></compose></ValueSet>