<?xml version="1.0" encoding="UTF-8"?><ValueSet xmlns="http://hl7.org/fhir"><id value="gridhamd-answer-options-vs-q13"/><text><status value="generated"/><div xmlns="http://www.w3.org/1999/xhtml"><p class="res-header-id"><b>Generated Narrative: ValueSet gridhamd-answer-options-vs-q13</b></p><a name="gridhamd-answer-options-vs-q13"> </a><a name="hcgridhamd-answer-options-vs-q13"> </a><a name="gridhamd-answer-options-vs-q13-en-US"> </a><ul><li>Include these codes as defined in <a href="CodeSystem-gridhamd-answer-options-cs.html"><code>http://example.org/fhir/CodeSystem/gridhamd-answer-options-cs</code></a><table class="none"><tr><td style="white-space:nowrap"><b>Code</b></td><td><b>Display</b></td></tr><tr><td><a href="CodeSystem-gridhamd-answer-options-cs.html#gridhamd-answer-options-cs-Q13-1">Q13-1</a></td><td>Absent and Absent or clinically insignificant</td></tr><tr><td><a href="CodeSystem-gridhamd-answer-options-cs.html#gridhamd-answer-options-cs-Q13-2">Q13-2</a></td><td>Mild (mild tiredness, loss of energy, fatigue, feelings of heaviness in limbs or being weighted down, or muscular aches or pains) and Absent or clinically insignificant</td></tr><tr><td><a href="CodeSystem-gridhamd-answer-options-cs.html#gridhamd-answer-options-cs-Q13-3">Q13-3</a></td><td>Mild (mild tiredness, loss of energy, fatigue, feelings of heaviness in limbs or being weighted down, or muscular aches or pains) and Occasional</td></tr><tr><td><a href="CodeSystem-gridhamd-answer-options-cs.html#gridhamd-answer-options-cs-Q13-4">Q13-4</a></td><td>Mild (mild tiredness, loss of energy, fatigue, feelings of heaviness in limbs or being weighted down, or muscular aches or pains) and Much of the time</td></tr><tr><td><a href="CodeSystem-gridhamd-answer-options-cs.html#gridhamd-answer-options-cs-Q13-5">Q13-5</a></td><td>Mild (mild tiredness, loss of energy, fatigue, feelings of heaviness in limbs or being weighted down, or muscular aches or pains) and Almost all the time</td></tr><tr><td><a href="CodeSystem-gridhamd-answer-options-cs.html#gridhamd-answer-options-cs-Q13-6">Q13-6</a></td><td>Marked (prominent tiredness, loss of energy, fatigue, feelings of heaviness in limbs or being weighted down, or muscular aches or pains) and Occasional</td></tr><tr><td><a href="CodeSystem-gridhamd-answer-options-cs.html#gridhamd-answer-options-cs-Q13-7">Q13-7</a></td><td>Marked (prominent tiredness, loss of energy, fatigue, feelings of heaviness in limbs or being weighted down, or muscular aches or pains)and Much of the time</td></tr><tr><td><a href="CodeSystem-gridhamd-answer-options-cs.html#gridhamd-answer-options-cs-Q13-8">Q13-8</a></td><td>Marked (prominent tiredness, loss of energy, fatigue, feelings of heaviness in limbs or being weighted down, or muscular aches or pains)  and Almost all the time</td></tr></table></li></ul></div></text><url value="http://example.org/fhir/CodeSystem/gridhamd-answer-options-vs13"/><version value="0.1.0"/><name value="GRIDHAMDAnswerOptionsVSQ13"/><title value="GRID-HAMD Answer Options ValueSet"/><status value="draft"/><date value="2025-06-12T14:08:24+02:00"/><publisher value="BIH-CEI"/><contact><name value="BIH-CEI"/><telecom><system value="url"/><value value="http://utn/consentresource.com"/></telecom></contact><description value="ValueSet including Q13 of the GRID-HAMD Questionnaire answer options."/><compose><include><system value="http://example.org/fhir/CodeSystem/gridhamd-answer-options-cs"/><concept><code value="Q13-1"/><display value="Absent and Absent or clinically insignificant"/></concept><concept><code value="Q13-2"/><display value="Mild (mild tiredness, loss of energy, fatigue, feelings of heaviness in limbs or being weighted down, or muscular aches or pains) and Absent or clinically insignificant"/></concept><concept><code value="Q13-3"/><display value="Mild (mild tiredness, loss of energy, fatigue, feelings of heaviness in limbs or being weighted down, or muscular aches or pains) and Occasional"/></concept><concept><code value="Q13-4"/><display value="Mild (mild tiredness, loss of energy, fatigue, feelings of heaviness in limbs or being weighted down, or muscular aches or pains) and Much of the time"/></concept><concept><code value="Q13-5"/><display value="Mild (mild tiredness, loss of energy, fatigue, feelings of heaviness in limbs or being weighted down, or muscular aches or pains) and Almost all the time"/></concept><concept><code value="Q13-6"/><display value="Marked (prominent tiredness, loss of energy, fatigue, feelings of heaviness in limbs or being weighted down, or muscular aches or pains) and Occasional"/></concept><concept><code value="Q13-7"/><display value="Marked (prominent tiredness, loss of energy, fatigue, feelings of heaviness in limbs or being weighted down, or muscular aches or pains)and Much of the time"/></concept><concept><code value="Q13-8"/><display value="Marked (prominent tiredness, loss of energy, fatigue, feelings of heaviness in limbs or being weighted down, or muscular aches or pains)  and Almost all the time"/></concept></include></compose></ValueSet>