<?xml version="1.0" encoding="UTF-8"?><ValueSet xmlns="http://hl7.org/fhir"><id value="gridhamd-answer-options-vs-q3"/><text><status value="generated"/><div xmlns="http://www.w3.org/1999/xhtml"><p class="res-header-id"><b>Generated Narrative: ValueSet gridhamd-answer-options-vs-q3</b></p><a name="gridhamd-answer-options-vs-q3"> </a><a name="hcgridhamd-answer-options-vs-q3"> </a><a name="gridhamd-answer-options-vs-q3-en-US"> </a><ul><li>Include these codes as defined in <a href="CodeSystem-gridhamd-answer-options-cs.html"><code>http://example.org/fhir/CodeSystem/gridhamd-answer-options-cs</code></a><table class="none"><tr><td style="white-space:nowrap"><b>Code</b></td><td><b>Display</b></td></tr><tr><td><a href="CodeSystem-gridhamd-answer-options-cs.html#gridhamd-answer-options-cs-Q3-1">Q3-1</a></td><td>Absent and Absent or clinically insignificant</td></tr><tr><td><a href="CodeSystem-gridhamd-answer-options-cs.html#gridhamd-answer-options-cs-Q3-2">Q3-2</a></td><td>Mild (Feels life is not worth living, but expresses no wish to die, e.g., “I don’t care if I live or die”)  and Absent or clinically insignificant</td></tr><tr><td><a href="CodeSystem-gridhamd-answer-options-cs.html#gridhamd-answer-options-cs-Q3-3">Q3-3</a></td><td>Mild (Feels life is not worth living, but expresses no wish to die, e.g., “I don’t care if I live or die”)  and Occasional</td></tr><tr><td><a href="CodeSystem-gridhamd-answer-options-cs.html#gridhamd-answer-options-cs-Q3-4">Q3-4</a></td><td>Mild (Feels life is not worth living, but expresses no wish to die, e.g., “I don’t care if I live or die”) and Much of the time</td></tr><tr><td><a href="CodeSystem-gridhamd-answer-options-cs.html#gridhamd-answer-options-cs-Q3-5">Q3-5</a></td><td>Mild (Feels life is not worth living, but expresses nowish to die, e.g., “I don’t care if I live or die”)   and Almost all the time</td></tr><tr><td><a href="CodeSystem-gridhamd-answer-options-cs.html#gridhamd-answer-options-cs-Q3-6">Q3-6</a></td><td>Moderate (Wishes to be dead; thoughts of dying, but no specific plan or intent, e.g., “If I got hit by a bus, I wouldn’t care,” “I’d like to go to sleep and never wake up”)  and Occasional</td></tr><tr><td><a href="CodeSystem-gridhamd-answer-options-cs.html#gridhamd-answer-options-cs-Q3-7">Q3-7</a></td><td>Moderate (Wishes to be dead; thoughts of dying, but no specific plan or intent, e.g., “If I got hit by a bus, I wouldn’t care,” “I’d like to go to sleep and never wake up”)  and Much of the time</td></tr><tr><td><a href="CodeSystem-gridhamd-answer-options-cs.html#gridhamd-answer-options-cs-Q3-8">Q3-8</a></td><td>Moderate (Wishes to be dead; thoughts of dying, but no specific plan or intent, e.g., “If I got hit by a bus, I wouldn’t care,” “I’d like to go to sleep and never wake up”)  and Almost all the time</td></tr><tr><td><a href="CodeSystem-gridhamd-answer-options-cs.html#gridhamd-answer-options-cs-Q3-9">Q3-9</a></td><td>Severe (Clear suicidal plan or intent; suicidal gesture, e.g., taking a few sleeping pills)  and Occasional</td></tr><tr><td><a href="CodeSystem-gridhamd-answer-options-cs.html#gridhamd-answer-options-cs-Q3-10">Q3-10</a></td><td>Severe (Clear suicidal plan or intent; suicidal gesture, e.g., taking a few sleeping pills)  and Much of the time</td></tr><tr><td><a href="CodeSystem-gridhamd-answer-options-cs.html#gridhamd-answer-options-cs-Q3-11">Q3-11</a></td><td>Severe (Clear suicidal plan or intent; suicidal gesture, e.g., taking a few sleeping pills)  and almost all of the time&quot;4</td></tr><tr><td><a href="CodeSystem-gridhamd-answer-options-cs.html#gridhamd-answer-options-cs-Q3-12">Q3-12</a></td><td>Very severe (Attempts at suicide)  and Occasional</td></tr><tr><td><a href="CodeSystem-gridhamd-answer-options-cs.html#gridhamd-answer-options-cs-Q3-13">Q3-13</a></td><td>Very severe (Attempts at suicide)  and Much off the time</td></tr><tr><td><a href="CodeSystem-gridhamd-answer-options-cs.html#gridhamd-answer-options-cs-Q3-14">Q3-14</a></td><td>Very severe (Attempts at suicide)  and Almost all of the time</td></tr></table></li></ul></div></text><url value="http://example.org/fhir/CodeSystem/gridhamd-answer-options-vs3"/><version value="0.1.0"/><name value="GRIDHAMDAnswerOptionsVSQ3"/><title value="GRID-HAMD Answer Options ValueSet"/><status value="draft"/><date value="2025-06-13T14:46:42+02:00"/><publisher value="BIH-CEI"/><contact><name value="BIH-CEI"/><telecom><system value="url"/><value value="http://utn/consentresource.com"/></telecom></contact><description value="ValueSet including Q3 of the GRID-HAMD Questionnaire answer options."/><compose><include><system value="http://example.org/fhir/CodeSystem/gridhamd-answer-options-cs"/><concept><code value="Q3-1"/><display value="Absent and Absent or clinically insignificant"/></concept><concept><code value="Q3-2"/><display value="Mild (Feels life is not worth living, but expresses no wish to die, e.g., “I don’t care if I live or die”)  and Absent or clinically insignificant"/></concept><concept><code value="Q3-3"/><display value="Mild (Feels life is not worth living, but expresses no wish to die, e.g., “I don’t care if I live or die”)  and Occasional"/></concept><concept><code value="Q3-4"/><display value="Mild (Feels life is not worth living, but expresses no wish to die, e.g., “I don’t care if I live or die”) and Much of the time"/></concept><concept><code value="Q3-5"/><display value="Mild (Feels life is not worth living, but expresses nowish to die, e.g., “I don’t care if I live or die”)   and Almost all the time"/></concept><concept><code value="Q3-6"/><display value="Moderate (Wishes to be dead; thoughts of dying, but no specific plan or intent, e.g., “If I got hit by a bus, I wouldn’t care,” “I’d like to go to sleep and never wake up”)  and Occasional"/></concept><concept><code value="Q3-7"/><display value="Moderate (Wishes to be dead; thoughts of dying, but no specific plan or intent, e.g., “If I got hit by a bus, I wouldn’t care,” “I’d like to go to sleep and never wake up”)  and Much of the time"/></concept><concept><code value="Q3-8"/><display value="Moderate (Wishes to be dead; thoughts of dying, but no specific plan or intent, e.g., “If I got hit by a bus, I wouldn’t care,” “I’d like to go to sleep and never wake up”)  and Almost all the time"/></concept><concept><code value="Q3-9"/><display value="Severe (Clear suicidal plan or intent; suicidal gesture, e.g., taking a few sleeping pills)  and Occasional"/></concept><concept><code value="Q3-10"/><display value="Severe (Clear suicidal plan or intent; suicidal gesture, e.g., taking a few sleeping pills)  and Much of the time"/></concept><concept><code value="Q3-11"/><display value="Severe (Clear suicidal plan or intent; suicidal gesture, e.g., taking a few sleeping pills)  and almost all of the time&quot;4"/></concept><concept><code value="Q3-12"/><display value="Very severe (Attempts at suicide)  and Occasional"/></concept><concept><code value="Q3-13"/><display value="Very severe (Attempts at suicide)  and Much off the time"/></concept><concept><code value="Q3-14"/><display value="Very severe (Attempts at suicide)  and Almost all of the time"/></concept></include></compose></ValueSet>