<?xml version="1.0" encoding="UTF-8"?><ValueSet xmlns="http://hl7.org/fhir"><id value="gridhamd-answer-options-vs-q14"/><text><status value="generated"/><div xmlns="http://www.w3.org/1999/xhtml"><p class="res-header-id"><b>Generated Narrative: ValueSet gridhamd-answer-options-vs-q14</b></p><a name="gridhamd-answer-options-vs-q14"> </a><a name="hcgridhamd-answer-options-vs-q14"> </a><ul><li>Include these codes as defined in <a href="CodeSystem-gridhamd-answer-options-cs.html"><code>http://example.org/fhir/CodeSystem/gridhamd-answer-options-cs</code></a><table class="none"><tr><td style="white-space:nowrap"><b>Code</b></td><td><b>Display</b></td></tr><tr><td><a href="CodeSystem-gridhamd-answer-options-cs.html#gridhamd-answer-options-cs-Q14-1">Q14-1</a></td><td>Absent</td></tr><tr><td><a href="CodeSystem-gridhamd-answer-options-cs.html#gridhamd-answer-options-cs-Q14-2">Q14-2</a></td><td>Mild (Some loss of interest or pleasure)</td></tr><tr><td><a href="CodeSystem-gridhamd-answer-options-cs.html#gridhamd-answer-options-cs-Q14-3">Q14-3</a></td><td>Marked (Marked loss of interest or pleasure)</td></tr></table></li></ul></div></text><url value="http://example.org/fhir/CodeSystem/gridhamd-answer-options-vs14"/><version value="0.1.0"/><name value="GRIDHAMDAnswerOptionsVSQ14"/><title value="GRID-HAMD Answer Options ValueSet"/><status value="draft"/><date value="2025-06-18T11:50:53+02:00"/><publisher value="BIH at Charité - Core Unit Digital Medicine and Interoperability"/><contact><name value="BIH at Charité - Core Unit Digital Medicine and Interoperability"/><telecom><system value="url"/><value value="https://www.bihealth.org/de/forschung/arbeitsgruppen/interoperabilitaet/home"/></telecom></contact><description value="ValueSet including Q14 of the GRID-HAMD Questionnaire answer options."/><compose><include><system value="http://example.org/fhir/CodeSystem/gridhamd-answer-options-cs"/><concept><code value="Q14-1"/><display value="Absent"/></concept><concept><code value="Q14-2"/><display value="Mild (Some loss of interest or pleasure)"/></concept><concept><code value="Q14-3"/><display value="Marked (Marked loss of interest or pleasure)"/></concept></include></compose></ValueSet>