<?xml version="1.0" encoding="UTF-8"?>

<Condition xmlns="http://hl7.org/fhir">
  <id value="Example-UTN-Condition"/>
  <text>
    <status value="generated"/><div xmlns="http://www.w3.org/1999/xhtml"><p class="res-header-id"><b>Generated Narrative: Condition Example-UTN-Condition</b></p><a name="Example-UTN-Condition"> </a><a name="hcExample-UTN-Condition"> </a><a name="Example-UTN-Condition-en-US"> </a><p><b>clinicalStatus</b>: <span title="Codes:">active</span></p><p><b>code</b>: <span title="Codes:{http://snomed.info/sct 38341003}">Hypertensive disorder, systemic arterial (disorder)</span></p><p><b>subject</b>: <a href="Patient-utn-patient-2.html">Anna Müller  Female, DoB: 1985-03-12 ( MR)</a></p><p><b>encounter</b>: <a href="Encounter-Example-UTN-Encounter-PRtoPR.html">Encounter: status = in-progress; class = inpatient encounter (ActCode#IMP); type = intensivstationaer; serviceType = Intensivmedizin; period = 2025-01-14 08:00:00+1000 --&gt; (ongoing)</a></p><p><b>recorder</b>: <a href="Practitioner-Example-UTN-Practitioner-PR1.html">Practitioner Hans Topp-Glücklich(official)</a></p></div>
  </text>
  <clinicalStatus>
    <coding>
      <code value="active"/>
    </coding>
  </clinicalStatus>
  <code>
    <coding>
      <system value="http://snomed.info/sct"/>
      <code value="38341003"/>
      <display value="Hypertensive disorder, systemic arterial (disorder)"/>
    </coding>
  </code>
  <subject>
    <reference value="Patient/utn-patient-2"/>
  </subject>
  <encounter>
    <reference value="Encounter/Example-UTN-Encounter-PRtoPR"/>
  </encounter>
  <recorder>
    <reference value="Practitioner/Example-UTN-Practitioner-PR1"/>
  </recorder>
</Condition>