<?xml version="1.0" encoding="UTF-8"?>

<Device xmlns="http://hl7.org/fhir">
  <id value="phone-1"/>
  <text>
    <status value="generated"/><div xmlns="http://www.w3.org/1999/xhtml"><p class="res-header-id"><b>Generated Narrative: Device phone-1</b></p><a name="phone-1"> </a><a name="hcphone-1"> </a><a name="phone-1-en-US"> </a><p><b>identifier</b>: <code>http://example.org/devices</code>/phone-123</p><p><b>status</b>: Active</p><p><b>manufacturer</b>: Example Phone Manufacturer</p><h3>DeviceNames</h3><table class="grid"><tr><td style="display: none">-</td><td><b>Name</b></td><td><b>Type</b></td></tr><tr><td style="display: none">*</td><td>Smartphone</td><td>User Friendly name</td></tr></table><p><b>type</b>: <span title="Codes:{http://snomed.info/sct 1187059002}">Smartphone</span></p></div>
  </text>
  <identifier>
    <system value="http://example.org/devices"/>
    <value value="phone-123"/>
  </identifier>
  <status value="active"/>
  <manufacturer value="Example Phone Manufacturer"/>
  <deviceName>
    <name value="Smartphone"/>
    <type value="user-friendly-name"/>
  </deviceName>
  <type>
    <coding>
      <system value="http://snomed.info/sct"/>
      <code value="1187059002"/>
      <display value="Smartphone"/>
    </coding>
    <text value="Smartphone"/>
  </type>
</Device>