<?xml version="1.0" encoding="UTF-8"?>

<HealthcareService xmlns="http://hl7.org/fhir">
  <id value="teleconsultation-service-charite"/>
  <meta>
    <profile value="http://utn/consentresource.com/StructureDefinition/healthcare-service"/>
  </meta>
  <text>
    <status value="generated"/><div xmlns="http://www.w3.org/1999/xhtml"><p class="res-header-id"><b>Generated Narrative: HealthcareService teleconsultation-service-charite</b></p><a name="teleconsultation-service-charite"> </a><a name="hcteleconsultation-service-charite"> </a><div style="display: inline-block; background-color: #d9e0e7; padding: 6px; margin: 4px; border: 1px solid #8da1b4; border-radius: 5px; line-height: 60%"><p style="margin-bottom: 0px"/><p style="margin-bottom: 0px">Profile: <a href="StructureDefinition-healthcare-service.html">UTN Healthcare Service with Devices</a></p></div><p><b>identifier</b>: <code>http://charite.de/services</code>/teleconsult-charite-001</p><p><b>active</b>: true</p><p><b>providedBy</b>: <a href="https://simplifier.net/resolve?scope=de.medizininformatikinitiative.kerndatensatz.consent@1.0.7&amp;canonical=de.medizininformatikinitiative.kerndatensatz.consent/Organization/Charite">Charité – Universitätsmedizin Berlin</a></p><p><b>category</b>: <span title="Codes:{http://terminology.hl7.org/CodeSystem/service-category 8}">Counselling</span></p><p><b>location</b>: <a href="https://simplifier.net/resolve?scope=de.medizininformatikinitiative.kerndatensatz.consent@1.0.7&amp;canonical=de.medizininformatikinitiative.kerndatensatz.consent/Location/ChariteCampusMitte">Charité Campus Mitte</a></p><p><b>name</b>: Charité Teleconsultation Service</p><p><b>telecom</b>: <a href="tel:+49-30-450-50">+49-30-450-50</a>, <a href="mailto:teleconsult@charite.de">teleconsult@charite.de</a></p></div>
  </text>
  <identifier>
    <system value="http://charite.de/services"/>
    <value value="teleconsult-charite-001"/>
  </identifier>
  <active value="true"/>
  <providedBy>
    <reference value="Organization/Charite"/>
    <display value="Charité – Universitätsmedizin Berlin"/>
  </providedBy>
  <category>
    <coding>
      <system value="http://terminology.hl7.org/CodeSystem/service-category"/>
      <code value="8"/>
      <display value="Counselling"/>
    </coding>
  </category>
  <location>
    <reference value="Location/ChariteCampusMitte"/>
    <display value="Charité Campus Mitte"/>
  </location>
  <name value="Charité Teleconsultation Service"/>
  <telecom>
    <system value="phone"/>
    <value value="+49-30-450-50"/>
    <use value="work"/>
  </telecom>
  <telecom>
    <system value="email"/>
    <value value="teleconsult@charite.de"/>
    <use value="work"/>
  </telecom>
</HealthcareService>