<?xml version="1.0" encoding="UTF-8"?>

<Observation xmlns="http://hl7.org/fhir">
  <id value="Example-UTN-Arterieller-Blutdruck"/>
  <meta>
    <profile value="http://utn/consentresource.com/StructureDefinition/utn-observation-arterieller-blutdruck"/>
  </meta>
  <text>
    <status value="generated"/><div xmlns="http://www.w3.org/1999/xhtml"><p class="res-header-id"><b>Generated Narrative: Observation Example-UTN-Arterieller-Blutdruck</b></p><a name="Example-UTN-Arterieller-Blutdruck"> </a><a name="hcExample-UTN-Arterieller-Blutdruck"> </a><a name="Example-UTN-Arterieller-Blutdruck-en-US"> </a><div style="display: inline-block; background-color: #d9e0e7; padding: 6px; margin: 4px; border: 1px solid #8da1b4; border-radius: 5px; line-height: 60%"><p style="margin-bottom: 0px"/><p style="margin-bottom: 0px">Profile: <a href="StructureDefinition-utn-observation-arterieller-blutdruck.html">UTN Observation Arterieller Blutdruck</a></p></div><p><b>status</b>: Final</p><p><b>category</b>: <span title="Codes:{http://terminology.hl7.org/CodeSystem/observation-category vital-signs}">Vital Signs</span>, <span title="Codes:{http://terminology.hl7.org/CodeSystem/observation-category vital-signs}">Vital Signs</span></p><p><b>code</b>: <span title="Codes:{http://loinc.org 85354-9}, {http://snomed.info/sct 364090009}">Blood pressure panel</span></p><p><b>subject</b>: <a href="http://hl7.org/fhir/us/core/STU3.1/Patient-example.html">Amy V. Shaw  Female, DoB: 2007-02-20 ( Medical Record Number: 1032702 (use: usual, ))</a></p><p><b>encounter</b>: <a href="https://simplifier.net/resolve?scope=de.medizininformatikinitiative.kerndatensatz.consent@1.0.7&amp;canonical=de.medizininformatikinitiative.kerndatensatz.consent/Encounter/example">Encounter/example</a></p><p><b>effective</b>: 2025-02-17 10:30:00+0000</p><blockquote><p><b>component</b></p><p><b>code</b>: <span title="Codes:{http://loinc.org 8480-6}, {http://snomed.info/sct 271649006}, {urn:iso:std:iso:11073:10101 150017}">Systolic blood pressure</span></p><p><b>value</b>: 120 mmHg<span style="background: LightGoldenRodYellow"> (Details: UCUM  codemm[Hg] = 'mm[Hg]')</span></p></blockquote><blockquote><p><b>component</b></p><p><b>code</b>: <span title="Codes:{http://loinc.org 8462-4}, {http://snomed.info/sct 271650006}, {urn:iso:std:iso:11073:10101 150018}">Diastolic blood pressure</span></p><p><b>value</b>: 80 mmHg<span style="background: LightGoldenRodYellow"> (Details: UCUM  codemm[Hg] = 'mm[Hg]')</span></p></blockquote><blockquote><p><b>component</b></p><p><b>code</b>: <span title="Codes:{http://loinc.org 8478-0}, {http://snomed.info/sct 6797001}, {urn:iso:std:iso:11073:10101 150019}">Mean blood pressure</span></p><p><b>value</b>: 93 mmHg<span style="background: LightGoldenRodYellow"> (Details: UCUM  codemm[Hg] = 'mm[Hg]')</span></p></blockquote></div>
  </text>
  <status value="final"/>
  <category>
    <coding>
      <system value="http://terminology.hl7.org/CodeSystem/observation-category"/>
      <code value="vital-signs"/>
    </coding>
  </category>
  <category>
    <coding>
      <system value="http://terminology.hl7.org/CodeSystem/observation-category"/>
      <code value="vital-signs"/>
    </coding>
  </category>
  <code>
    <coding>
      <system value="http://loinc.org"/>
      <code value="85354-9"/>
      <display value="Blood pressure panel"/>
    </coding>
    <coding>
      <system value="http://snomed.info/sct"/>
      <version value="http://snomed.info/sct/900000000000207008/version/20241101"/>
      <code value="364090009"/>
      <display value="Arterial blood pressure"/>
    </coding>
  </code>
  <subject>
    <reference value="Patient/example"/>
  </subject>
  <encounter>
    <reference value="Encounter/example"/>
  </encounter>
  <effectiveDateTime value="2025-02-17T10:30:00Z"/>
  <component>
    <code>
      <coding>
        <system value="http://loinc.org"/>
        <code value="8480-6"/>
        <display value="Systolic blood pressure"/>
      </coding>
      <coding>
        <system value="http://snomed.info/sct"/>
        <code value="271649006"/>
        <display value="Systolic blood pressure"/>
      </coding>
      <coding>
        <system value="urn:iso:std:iso:11073:10101"/>
        <code value="150017"/>
      </coding>
    </code>
    <valueQuantity>
      <value value="120"/>
      <unit value="mmHg"/>
      <system value="http://unitsofmeasure.org"/>
      <code value="mm[Hg]"/>
    </valueQuantity>
  </component>
  <component>
    <code>
      <coding>
        <system value="http://loinc.org"/>
        <code value="8462-4"/>
        <display value="Diastolic blood pressure"/>
      </coding>
      <coding>
        <system value="http://snomed.info/sct"/>
        <code value="271650006"/>
        <display value="Diastolic blood pressure"/>
      </coding>
      <coding>
        <system value="urn:iso:std:iso:11073:10101"/>
        <code value="150018"/>
      </coding>
    </code>
    <valueQuantity>
      <value value="80"/>
      <unit value="mmHg"/>
      <system value="http://unitsofmeasure.org"/>
      <code value="mm[Hg]"/>
    </valueQuantity>
  </component>
  <component>
    <code>
      <coding>
        <system value="http://loinc.org"/>
        <code value="8478-0"/>
        <display value="Mean blood pressure"/>
      </coding>
      <coding>
        <system value="http://snomed.info/sct"/>
        <code value="6797001"/>
        <display value="Mean blood pressure"/>
      </coding>
      <coding>
        <system value="urn:iso:std:iso:11073:10101"/>
        <code value="150019"/>
      </coding>
    </code>
    <valueQuantity>
      <value value="93"/>
      <unit value="mmHg"/>
      <system value="http://unitsofmeasure.org"/>
      <code value="mm[Hg]"/>
    </valueQuantity>
  </component>
</Observation>