<?xml version="1.0" encoding="UTF-8"?>

<Patient xmlns="http://hl7.org/fhir">
  <id value="utn-patient-2"/>
  <meta>
    <profile value="https://www.utn-num.de/fhir/StructureDefinition/utn-patient"/>
  </meta>
  <text>
    <status value="generated"/><div xmlns="http://www.w3.org/1999/xhtml"><p class="res-header-id"><b>Generated Narrative: Patient utn-patient-2</b></p><a name="utn-patient-2"> </a><a name="hcutn-patient-2"> </a><div style="display: inline-block; background-color: #d9e0e7; padding: 6px; margin: 4px; border: 1px solid #8da1b4; border-radius: 5px; line-height: 60%"><p style="margin-bottom: 0px"/><p style="margin-bottom: 0px">Profile: <a href="StructureDefinition-utn-patient.html">UTN Patient</a></p></div><p style="border: 1px #661aff solid; background-color: #e6e6ff; padding: 10px;">Anna Müller  Female, DoB: 1985-03-12 ( MR)</p><hr/><table class="grid"><tr><td style="background-color: #f3f5da" title="Ways to contact the Patient">Contact Detail</td><td colspan="3">Beispielweg 5 Berlin 10115 DE </td></tr></table></div>
  </text>
  <identifier>
    <type>
      <coding>
        <system value="https://example.com"/>
        <code value="MR"/>
      </coding>
    </type>
    <system value="https://example.com"/>
    <value value="67890"/>
  </identifier>
  <name>
    <family value="Müller"/>
    <given value="Anna"/>
  </name>
  <gender value="female"/>
  <birthDate value="1985-03-12"/>
  <address>
    <type value="both"/>
    <line value="Beispielweg 5"/>
    <city value="Berlin"/>
    <postalCode value="10115"/>
    <country value="DE"/>
  </address>
</Patient>