<?xml version="1.0" encoding="UTF-8"?>

<PractitionerRole xmlns="http://hl7.org/fhir">
  <id value="Example-UTN-PractitionerRole-PR1"/>
  <meta>
    <profile value="https://www.utn-num.de/fhir/StructureDefinition/utn-PR-Base-PractitionerRole"/>
    <profile value="https://fhir.kbv.de/StructureDefinition/KBV_PR_Base_PractitionerRole"/>
  </meta>
  <text>
    <status value="generated"/><div xmlns="http://www.w3.org/1999/xhtml"><p class="res-header-id"><b>Generated Narrative: PractitionerRole Example-UTN-PractitionerRole-PR1</b></p><a name="Example-UTN-PractitionerRole-PR1"> </a><a name="hcExample-UTN-PractitionerRole-PR1"> </a><div style="display: inline-block; background-color: #d9e0e7; padding: 6px; margin: 4px; border: 1px solid #8da1b4; border-radius: 5px; line-height: 60%"><p style="margin-bottom: 0px"/><p style="margin-bottom: 0px">Profiles: <a href="StructureDefinition-utn-PR-Base-PractitionerRole.html">UTN Practitioner Role</a>, <a href="https://simplifier.net/resolve?scope=kbv.basis@1.7.0&amp;canonical=https://fhir.kbv.de/StructureDefinition/KBV_PR_Base_PractitionerRole">KBV_PR_Base_PractitionerRole</a></p></div><p><b>practitioner</b>: <a href="Practitioner-Example-UTN-Practitioner-PR1.html">Practitioner Hans Topp-Glücklich(official)</a></p><p><b>organization</b>: Identifier: <code>http://fhir.de/NamingSystem/asv/teamnummer</code>/001234566</p><p><b>code</b>: <span title="Codes:{https://fhir.kbv.de/CodeSystem/KBV_CS_Base_Role_Care AD}">Ärztliche(r) DirektorIn</span></p><p><b>specialty</b>: <span title="Codes:{https://fhir.kbv.de/CodeSystem/KBV_CS_SFHIR_BAR2_ARZTNRFACHGRUPPE 01}">Allgemeinmedizin</span></p><p><b>healthcareService</b>: <a href="HealthcareService-teleconsultation-service-charite.html">HealthcareService Charité Teleconsultation Service</a></p></div>
  </text>
  <practitioner>
    <reference value="Practitioner/Example-UTN-Practitioner-PR1"/>
  </practitioner>
  <organization>
    <identifier>
      <system value="http://fhir.de/NamingSystem/asv/teamnummer"/>
      <value value="001234566"/>
    </identifier>
  </organization>
  <code>
    <coding>
      <system value="https://fhir.kbv.de/CodeSystem/KBV_CS_Base_Role_Care"/>
      <code value="AD"/>
      <display value="Ärztliche(r) DirektorIn"/>
    </coding>
  </code>
  <specialty>
    <coding>
      <system value="https://fhir.kbv.de/CodeSystem/KBV_CS_SFHIR_BAR2_ARZTNRFACHGRUPPE"/>
      <code value="01"/>
      <display value="Allgemeinmedizin"/>
    </coding>
  </specialty>
  <healthcareService>
    <reference value="HealthcareService/teleconsultation-service-charite"/>
  </healthcareService>
</PractitionerRole>