<?xml version="1.0" encoding="UTF-8"?>

<Provenance xmlns="http://hl7.org/fhir">
  <id value="Example-UTN-Consent-Provenance-Forschungsvorhaben"/>
  <meta>
    <profile value="http://utn/consentresource.com/StructureDefinition/consent-management-provenance"/>
    <profile value="http://fhir.de/ConsentManagement/StructureDefinition/Provenance"/>
  </meta>
  <text>
    <status value="generated"/><div xmlns="http://www.w3.org/1999/xhtml"><p class="res-header-id"><b>Generated Narrative: Provenance Example-UTN-Consent-Provenance-Forschungsvorhaben</b></p><a name="Example-UTN-Consent-Provenance-Forschungsvorhaben"> </a><a name="hcExample-UTN-Consent-Provenance-Forschungsvorhaben"> </a><div style="display: inline-block; background-color: #d9e0e7; padding: 6px; margin: 4px; border: 1px solid #8da1b4; border-radius: 5px; line-height: 60%"><p style="margin-bottom: 0px"/><p style="margin-bottom: 0px">Profiles: <a href="StructureDefinition-consent-management-provenance.html">UTN Consent Management Provenance</a>, <a href="https://simplifier.net/resolve?scope=de.medizininformatikinitiative.kerndatensatz.consent@1.0.7&amp;canonical=http://fhir.de/ConsentManagement/StructureDefinition/Provenance">Consent Management Provenance</a></p></div><p>Provenance for <a href="https://simplifier.net/resolve?scope=de.medizininformatikinitiative.kerndatensatz.consent@1.0.7&amp;canonical=de.medizininformatikinitiative.kerndatensatz.consent/UtnConsentForschungsvorhaben">UtnConsentForschungsvorhaben</a></p><p>Summary</p><table class="grid"><tr><td>Recorded</td><td>2024-07-24 09:00:00+0000</td></tr><tr><td>Location</td><td><a href="Location-UTNLocation.html">Location Berlin</a></td></tr></table><p><b>Agents</b></p><table class="grid"><tr><td><b>who</b></td></tr><tr><td>Klinikum Würzburg</td></tr></table></div>
  </text>
  <target>
    <reference value="UtnConsentForschungsvorhaben"/>
  </target>
  <recorded value="2024-07-24T09:00:00Z"/>
  <location>
    <reference value="Location/UTNLocation"/>
  </location>
  <agent>
    <who>
      <display value="Klinikum Würzburg"/>
    </who>
  </agent>
  <entity>
    <role value="source"/>
    <what>
      <reference value="UtnConsentDocumentReferenceForschungsvorhaben"/>
    </what>
  </entity>
  <signature>
    <type>
      <system value="http://hl7.org/fhir/ValueSet/signature-type"/>
      <code value="1.2.840.10065.1.12.1.7"/>
      <display value="Consent Signature"/>
    </type>
    <when value="2024-07-24T09:00:00Z"/>
    <who>
      <reference value="Patient/utn-patient-1"/>
    </who>
  </signature>
</Provenance>