<?xml version="1.0" encoding="UTF-8"?>

<ServiceRequest xmlns="http://hl7.org/fhir">
  <id value="UTN-Teleconsultation-PRtoPR-ServiceRequest"/>
  <text>
    <status value="generated"/><div xmlns="http://www.w3.org/1999/xhtml"><p class="res-header-id"><b>Generated Narrative: ServiceRequest UTN-Teleconsultation-PRtoPR-ServiceRequest</b></p><a name="UTN-Teleconsultation-PRtoPR-ServiceRequest"> </a><a name="hcUTN-Teleconsultation-PRtoPR-ServiceRequest"> </a><a name="UTN-Teleconsultation-PRtoPR-ServiceRequest-en-US"> </a><p><b>status</b>: Active</p><p><b>intent</b>: Order</p><p><b>category</b>: <span title="Codes:{http://terminology.hl7.org/CodeSystem/servicerequest-category 409063005}">Counselling</span></p><p><b>subject</b>: <a href="Patient-utn-patient-1.html">John Doe  Other, DoB: 1970-09-19 ( MR)</a></p><p><b>encounter</b>: <a href="Encounter-Example-UTN-Encounter-PRtoPR.html">Encounter: status = in-progress; class = inpatient encounter (ActCode#IMP); type = intensivstationaer; serviceType = Intensivmedizin; period = 2025-01-14 08:00:00+1000 --&gt; (ongoing)</a></p><p><b>requester</b>: <a href="Practitioner-Example-UTN-Practitioner-PR1.html">Practitioner Hans Topp-Glücklich(official)</a></p><p><b>performer</b>: <a href="Practitioner-Example-UTN-Practitioner-PR2.html">Practitioner Gunther Neumann(official)</a></p><p><b>supportingInfo</b>: <a href="Composition-Example-UTN-Teleconsultation-PRtoPR.html">Composition Consultation Note</a></p></div>
  </text>
  <status value="active"/>
  <intent value="order"/>
  <category>
    <coding>
      <system value="http://terminology.hl7.org/CodeSystem/servicerequest-category"/>
      <code value="409063005"/>
      <display value="Counselling"/>
    </coding>
  </category>
  <subject>
    <reference value="Patient/utn-patient-1"/>
  </subject>
  <encounter>
    <reference value="Encounter/Example-UTN-Encounter-PRtoPR"/>
  </encounter>
  <requester>
    <reference value="Practitioner/Example-UTN-Practitioner-PR1"/>
  </requester>
  <performer>
    <reference value="Practitioner/Example-UTN-Practitioner-PR2"/>
  </performer>
  <supportingInfo>
    <reference value="Composition/Example-UTN-Teleconsultation-PRtoPR"/>
  </supportingInfo>
</ServiceRequest>