[
  {
    "id" : "consent.id",
    "type" : "ImplementationGuide",
    "url" : "http://utn/consentresource.com/ImplementationGuide/consent.id",
    "version" : "0.1.0",
    "name" : "UTNConsentResource"
  },
  {
    "id" : "KBV-PR-Base-Practitioner",
    "type" : "StructureDefinition",
    "url" : "http://utn/consentresource.com/StructureDefinition/KBV-PR-Base-Practitioner",
    "version" : "0.1.0",
    "name" : "UTNPractitioner"
  },
  {
    "id" : "consent-management-patient",
    "type" : "StructureDefinition",
    "url" : "http://utn/consentresource.com/StructureDefinition/consent-management-patient",
    "version" : "0.1.0",
    "name" : "ConsentManagementPatient"
  },
  {
    "id" : "consent-management-provenance",
    "type" : "StructureDefinition",
    "url" : "http://utn/consentresource.com/StructureDefinition/consent-management-provenance",
    "version" : "0.1.0",
    "name" : "ConsentManagementProvenance"
  },
  {
    "id" : "device-reference",
    "type" : "StructureDefinition",
    "url" : "http://utn/consentresource.com/StructureDefinition/device-reference",
    "version" : "0.1.0",
    "name" : "DeviceReference"
  },
  {
    "id" : "healthcare-service-with-devices",
    "type" : "StructureDefinition",
    "url" : "http://utn/consentresource.com/StructureDefinition/healthcare-service-with-devices",
    "version" : "0.1.0",
    "name" : "HealthcareServiceWithDevices"
  },
  {
    "id" : "isik-herzfrequenz",
    "type" : "StructureDefinition",
    "url" : "http://utn/consentresource.com/StructureDefinition/isik-herzfrequenz",
    "version" : "0.1.0",
    "name" : "UTNHerzfrequenz"
  },
  {
    "id" : "isik-koerpergewicht",
    "type" : "StructureDefinition",
    "url" : "http://utn/consentresource.com/StructureDefinition/isik-koerpergewicht",
    "version" : "0.1.0",
    "name" : "UTNKoerpergewicht"
  },
  {
    "id" : "isik-koerpertemperatur",
    "type" : "StructureDefinition",
    "url" : "http://utn/consentresource.com/StructureDefinition/isik-koerpertemperatur",
    "version" : "0.1.0",
    "name" : "UTNKoerperTemperatur"
  },
  {
    "id" : "mii-kreatinin",
    "type" : "StructureDefinition",
    "url" : "http://utn/consentresource.com/StructureDefinition/mii-kreatinin",
    "version" : "0.1.0",
    "name" : "UTNKreatinin"
  },
  {
    "id" : "profile-consent-management-questionnaireresponse",
    "type" : "StructureDefinition",
    "url" : "http://utn/consentresource.com/StructureDefinition/profile-consent-management-questionnaireresponse",
    "version" : "0.1.0",
    "name" : "ConsentManagementQuestionnaireResponseUKW"
  },
  {
    "id" : "utn-PR-Base-PractitionerRole",
    "type" : "StructureDefinition",
    "url" : "http://utn/consentresource.com/StructureDefinition/utn-PR-Base-PractitionerRole",
    "version" : "0.1.0",
    "name" : "UTNPractitionerRole"
  },
  {
    "id" : "utn-consent-documentreference-id",
    "type" : "StructureDefinition",
    "url" : "http://utn/consentresource.com/StructureDefinition/utn-consent-documentreference-id",
    "version" : "0.1.0",
    "name" : "UTNDocumentReference"
  },
  {
    "id" : "utn-consent-id",
    "type" : "StructureDefinition",
    "url" : "http://utn/consentresource.com/StructureDefinition/utn-consent-id",
    "version" : "0.1.0",
    "name" : "UTNConsent"
  },
  {
    "id" : "utn-isik-atemfrequenz",
    "type" : "StructureDefinition",
    "url" : "http://utn/consentresource.com/StructureDefinition/utn-isik-atemfrequenz",
    "version" : "0.1.0",
    "name" : "UTNAtemfrequenz"
  },
  {
    "id" : "utn-observation-arterieller-blutdruck",
    "type" : "StructureDefinition",
    "url" : "http://utn/consentresource.com/StructureDefinition/utn-observation-arterieller-blutdruck",
    "version" : "0.1.0",
    "name" : "UTN_Observation_Arterieller_Blutdruck"
  }
]
