[
  {
    "id" : "gridhamd-answer-options-cs",
    "type" : "CodeSystem",
    "url" : "http://example.org/fhir/CodeSystem/gridhamd-answer-options-cs",
    "version" : "0.1.0",
    "name" : "GRIDHAMDAnswerOptionsCS"
  },
  {
    "id" : "gridhamd-answer-options-vs-q1",
    "type" : "ValueSet",
    "url" : "http://example.org/fhir/CodeSystem/gridhamd-answer-options-vs1",
    "version" : "0.1.0",
    "name" : "GRIDHAMDAnswerOptionsVSQ1"
  },
  {
    "id" : "gridhamd-answer-options-vs-q10",
    "type" : "ValueSet",
    "url" : "http://example.org/fhir/CodeSystem/gridhamd-answer-options-vs10",
    "version" : "0.1.0",
    "name" : "GRIDHAMDAnswerOptionsVSQ10"
  },
  {
    "id" : "gridhamd-answer-options-vs-q11",
    "type" : "ValueSet",
    "url" : "http://example.org/fhir/CodeSystem/gridhamd-answer-options-vs11",
    "version" : "0.1.0",
    "name" : "GRIDHAMDAnswerOptionsVSQ11"
  },
  {
    "id" : "gridhamd-answer-options-vs-q12",
    "type" : "ValueSet",
    "url" : "http://example.org/fhir/CodeSystem/gridhamd-answer-options-vs12",
    "version" : "0.1.0",
    "name" : "GRIDHAMDAnswerOptionsVSQ12"
  },
  {
    "id" : "gridhamd-answer-options-vs-q13",
    "type" : "ValueSet",
    "url" : "http://example.org/fhir/CodeSystem/gridhamd-answer-options-vs13",
    "version" : "0.1.0",
    "name" : "GRIDHAMDAnswerOptionsVSQ13"
  },
  {
    "id" : "gridhamd-answer-options-vs-q14",
    "type" : "ValueSet",
    "url" : "http://example.org/fhir/CodeSystem/gridhamd-answer-options-vs14",
    "version" : "0.1.0",
    "name" : "GRIDHAMDAnswerOptionsVSQ14"
  },
  {
    "id" : "gridhamd-answer-options-vs-q15",
    "type" : "ValueSet",
    "url" : "http://example.org/fhir/CodeSystem/gridhamd-answer-options-vs15",
    "version" : "0.1.0",
    "name" : "GRIDHAMDAnswerOptionsVSQ15"
  },
  {
    "id" : "gridhamd-answer-options-vs-q16",
    "type" : "ValueSet",
    "url" : "http://example.org/fhir/CodeSystem/gridhamd-answer-options-vs16",
    "version" : "0.1.0",
    "name" : "GRIDHAMDAnswerOptionsVSQ16"
  },
  {
    "id" : "gridhamd-answer-options-vs-q17",
    "type" : "ValueSet",
    "url" : "http://example.org/fhir/CodeSystem/gridhamd-answer-options-vs17",
    "version" : "0.1.0",
    "name" : "GRIDHAMDAnswerOptionsVSQ17"
  },
  {
    "id" : "gridhamd-answer-options-vs-q2",
    "type" : "ValueSet",
    "url" : "http://example.org/fhir/CodeSystem/gridhamd-answer-options-vs2",
    "version" : "0.1.0",
    "name" : "GRIDHAMDAnswerOptionsVSQ2"
  },
  {
    "id" : "gridhamd-answer-options-vs-q3",
    "type" : "ValueSet",
    "url" : "http://example.org/fhir/CodeSystem/gridhamd-answer-options-vs3",
    "version" : "0.1.0",
    "name" : "GRIDHAMDAnswerOptionsVSQ3"
  },
  {
    "id" : "gridhamd-answer-options-vs-q4",
    "type" : "ValueSet",
    "url" : "http://example.org/fhir/CodeSystem/gridhamd-answer-options-vs4",
    "version" : "0.1.0",
    "name" : "GRIDHAMDAnswerOptionsVSQ4"
  },
  {
    "id" : "gridhamd-answer-options-vs-q5",
    "type" : "ValueSet",
    "url" : "http://example.org/fhir/CodeSystem/gridhamd-answer-options-vs5",
    "version" : "0.1.0",
    "name" : "GRIDHAMDAnswerOptionsVSQ5"
  },
  {
    "id" : "gridhamd-answer-options-vs-q6",
    "type" : "ValueSet",
    "url" : "http://example.org/fhir/CodeSystem/gridhamd-answer-options-vs6",
    "version" : "0.1.0",
    "name" : "GRIDHAMDAnswerOptionsVSQ6"
  },
  {
    "id" : "gridhamd-answer-options-vs-q7",
    "type" : "ValueSet",
    "url" : "http://example.org/fhir/CodeSystem/gridhamd-answer-options-vs7",
    "version" : "0.1.0",
    "name" : "GRIDHAMDAnswerOptionsVSQ7"
  },
  {
    "id" : "gridhamd-answer-options-vs-q8",
    "type" : "ValueSet",
    "url" : "http://example.org/fhir/CodeSystem/gridhamd-answer-options-vs8",
    "version" : "0.1.0",
    "name" : "GRIDHAMDAnswerOptionsVSQ8"
  },
  {
    "id" : "gridhamd-answer-options-vs-q9",
    "type" : "ValueSet",
    "url" : "http://example.org/fhir/CodeSystem/gridhamd-answer-options-vs9",
    "version" : "0.1.0",
    "name" : "GRIDHAMDAnswerOptionsVSQ9"
  },
  {
    "id" : "consent.id",
    "type" : "ImplementationGuide",
    "url" : "http://utn/consentresource.com/ImplementationGuide/consent.id",
    "version" : "0.1.0",
    "name" : "UTNConsentResource"
  },
  {
    "id" : "GRIDHAMDQuestionnaire",
    "type" : "Questionnaire",
    "url" : "http://utn/consentresource.com/Questionnaire/GRIDHAMDQuestionnaire",
    "version" : "0.1.0",
    "name" : "GRIDHAMD"
  },
  {
    "id" : "KBV-PR-Base-Practitioner",
    "type" : "StructureDefinition",
    "url" : "http://utn/consentresource.com/StructureDefinition/KBV-PR-Base-Practitioner",
    "version" : "0.1.0",
    "name" : "UTNPractitioner"
  },
  {
    "id" : "consent-management-patient",
    "type" : "StructureDefinition",
    "url" : "http://utn/consentresource.com/StructureDefinition/consent-management-patient",
    "version" : "0.1.0",
    "name" : "ConsentManagementPatient"
  },
  {
    "id" : "consent-management-provenance",
    "type" : "StructureDefinition",
    "url" : "http://utn/consentresource.com/StructureDefinition/consent-management-provenance",
    "version" : "0.1.0",
    "name" : "ConsentManagementProvenance"
  },
  {
    "id" : "device-reference",
    "type" : "StructureDefinition",
    "url" : "http://utn/consentresource.com/StructureDefinition/device-reference",
    "version" : "0.1.0",
    "name" : "DeviceReference"
  },
  {
    "id" : "healthcare-service-with-devices",
    "type" : "StructureDefinition",
    "url" : "http://utn/consentresource.com/StructureDefinition/healthcare-service-with-devices",
    "version" : "0.1.0",
    "name" : "HealthcareServiceWithDevices"
  },
  {
    "id" : "isik-herzfrequenz",
    "type" : "StructureDefinition",
    "url" : "http://utn/consentresource.com/StructureDefinition/isik-herzfrequenz",
    "version" : "0.1.0",
    "name" : "UTNHerzfrequenz"
  },
  {
    "id" : "isik-koerpergewicht",
    "type" : "StructureDefinition",
    "url" : "http://utn/consentresource.com/StructureDefinition/isik-koerpergewicht",
    "version" : "0.1.0",
    "name" : "UTNKoerpergewicht"
  },
  {
    "id" : "isik-koerpertemperatur",
    "type" : "StructureDefinition",
    "url" : "http://utn/consentresource.com/StructureDefinition/isik-koerpertemperatur",
    "version" : "0.1.0",
    "name" : "UTNKoerperTemperatur"
  },
  {
    "id" : "mii-kreatinin",
    "type" : "StructureDefinition",
    "url" : "http://utn/consentresource.com/StructureDefinition/mii-kreatinin",
    "version" : "0.1.0",
    "name" : "UTNKreatinin"
  },
  {
    "id" : "profile-consent-management-questionnaireresponse",
    "type" : "StructureDefinition",
    "url" : "http://utn/consentresource.com/StructureDefinition/profile-consent-management-questionnaireresponse",
    "version" : "0.1.0",
    "name" : "ConsentManagementQuestionnaireResponseUKW"
  },
  {
    "id" : "utn-PR-Base-PractitionerRole",
    "type" : "StructureDefinition",
    "url" : "http://utn/consentresource.com/StructureDefinition/utn-PR-Base-PractitionerRole",
    "version" : "0.1.0",
    "name" : "UTNPractitionerRole"
  },
  {
    "id" : "utn-consent-documentreference-id",
    "type" : "StructureDefinition",
    "url" : "http://utn/consentresource.com/StructureDefinition/utn-consent-documentreference-id",
    "version" : "0.1.0",
    "name" : "UTNDocumentReference"
  },
  {
    "id" : "utn-consent-id",
    "type" : "StructureDefinition",
    "url" : "http://utn/consentresource.com/StructureDefinition/utn-consent-id",
    "version" : "0.1.0",
    "name" : "UTNConsent"
  },
  {
    "id" : "utn-diagnostik-report",
    "type" : "StructureDefinition",
    "url" : "http://utn/consentresource.com/StructureDefinition/utn-diagnostik-report",
    "version" : "0.1.0",
    "name" : "UTNDiagnostikReport"
  },
  {
    "id" : "utn-isik-atemfrequenz",
    "type" : "StructureDefinition",
    "url" : "http://utn/consentresource.com/StructureDefinition/utn-isik-atemfrequenz",
    "version" : "0.1.0",
    "name" : "UTNAtemfrequenz"
  },
  {
    "id" : "utn-observation-arterieller-blutdruck",
    "type" : "StructureDefinition",
    "url" : "http://utn/consentresource.com/StructureDefinition/utn-observation-arterieller-blutdruck",
    "version" : "0.1.0",
    "name" : "UTN_Observation_Arterieller_Blutdruck"
  }
]
