{
  "codeSystems" : [
    {
      "url" : "http://example.org/fhir/CodeSystem/gridhamd-answer-options-cs",
      "version" : "0.1.0",
      "status" : "draft",
      "name" : "GRIDHAMDAnswerOptionsCS",
      "title" : "GRID-HAMD Answer Options CodeSystem",
      "description" : "CodeSystem defining codes for all answer options used in GRID-HAMD Questionnaire.",
      "uses" : {
      },
      "ValueSet-gridhamd-answer-options-vs-q3.html" : "GRID-HAMD Answer Options ValueSet",
      "ValueSet-gridhamd-answer-options-vs-q10.html" : "GRID-HAMD Answer Options ValueSet",
      "ValueSet-gridhamd-answer-options-vs-q16.html" : "GRID-HAMD Answer Options ValueSet",
      "ValueSet-gridhamd-answer-options-vs-q15.html" : "GRID-HAMD Answer Options ValueSet",
      "ValueSet-gridhamd-answer-options-vs-q2.html" : "GRID-HAMD Answer Options ValueSet",
      "ValueSet-gridhamd-answer-options-vs-q11.html" : "GRID-HAMD Answer Options ValueSet",
      "ValueSet-gridhamd-answer-options-vs-q12.html" : "GRID-HAMD Answer Options ValueSet",
      "ValueSet-gridhamd-answer-options-vs-q7.html" : "GRID-HAMD Answer Options ValueSet",
      "ValueSet-gridhamd-answer-options-vs-q8.html" : "GRID-HAMD Answer Options ValueSet",
      "ValueSet-gridhamd-answer-options-vs-q4.html" : "GRID-HAMD Answer Options ValueSet",
      "ValueSet-gridhamd-answer-options-vs-q9.html" : "GRID-HAMD Answer Options ValueSet",
      "ValueSet-gridhamd-answer-options-vs-q6.html" : "GRID-HAMD Answer Options ValueSet",
      "ValueSet-gridhamd-answer-options-vs-q17.html" : "GRID-HAMD Answer Options ValueSet",
      "ValueSet-gridhamd-answer-options-vs-q13.html" : "GRID-HAMD Answer Options ValueSet",
      "ValueSet-gridhamd-answer-options-vs-q1.html" : "GRID-HAMD Answer Options ValueSet",
      "ValueSet-gridhamd-answer-options-vs-q5.html" : "GRID-HAMD Answer Options ValueSet",
      "ValueSet-gridhamd-answer-options-vs-q14.html" : "GRID-HAMD Answer Options ValueSet"
    },
    {
      "url" : "http://fhir.de/CodeSystem/identifier-type-de-basis",
      "version" : "1.5.2",
      "status" : "active",
      "name" : "IdentifierTypeDeBasis",
      "title" : "Identifier Type De Basis",
      "description" : "Liste der Identfikatorentypen des deutschen Basisprofils welche die Standardtypen ergänzen.",
      "uses" : {
      },
      "https://simplifier.net/resolve?scope=de.medizininformatikinitiative.kerndatensatz.consent@1.0.7&canonical=http://fhir.de/ConsentManagement/ValueSet/ContextIdentifierType" : "ConsentManagementContextIdentifierType"
    },
    {
      "url" : "http://loinc.org",
      "version" : "3.1.0",
      "status" : "active",
      "name" : "LOINC",
      "title" : "Logical Observation Identifiers, Names and Codes (LOINC)",
      "description" : "LOINC provides a set of universal names and ID codes for identifying laboratory and clinical test results.1,2 LOINC facilitates the exchange and pooling of results, such as blood hemoglobin, serum potassium, or vital signs, for clinical care, outcomes management, and research. LOINC's universal identifiers (names and codes) can be used in the context of order and observation exchanges between information systems that use syntax standards such as HL73, CEN TC251, ISO TC215, ASTM4, and DICOM. Specifically, the identifier can be used as the coded value for an observation in any other standard that uses the observation/observation value paradigm, whether messages, documents, application programming interface (API), etc. For example, LOINC codes are used widely in the OBX segment Observation Identifier field (OBX-3) of an ORU HL7 (HL7 version 2.x or ASTM 1238-9410) message that may be sent between a Clinical Laboratory Information Management Systems (LIMS) and Electronic Health Record Systems (EHR).5, 6 In this way, LOINC codes provide universal identifiers that allow the exchange of clinical data between heterogeneous computing environments.",
      "oids" : ["2.16.840.1.113883.6.1"],
      "uses" : {
      },
      "http://hl7.org/fhir/uv/ips/STU1.1/ValueSet-results-laboratory-observations-uv-ips.html" : "Results Laboratory Observation - IPS"
    },
    {
      "url" : "http://snomed.info/sct",
      "version" : null,
      "status" : "active",
      "name" : "SNOMED_CT",
      "title" : "SNOMED CT (all versions)",
      "description" : "SNOMED CT is the most comprehensive and precise clinical health terminology product in the world, owned and distributed around the world by The International Health Terminology Standards Development Organisation (IHTSDO).",
      "oids" : ["2.16.840.1.113883.6.96"],
      "uses" : {
      },
      "https://simplifier.net/resolve?scope=de.medizininformatikinitiative.kerndatensatz.icu@2025.0.2&canonical=https://www.medizininformatik-initiative.de/fhir/ext/modul-icu/ValueSet/vs-mii-icu-code-procedure-beatmung-snomed" : "VS MII ICU Code Procedure Beatmung [SNOMED]",
      "https://simplifier.net/resolve?scope=de.medizininformatikinitiative.kerndatensatz.icu@2025.0.2&canonical=https://www.medizininformatik-initiative.de/fhir/ext/modul-icu/ValueSet/vs-mii-icu-code-extrakorporale-verfahren" : "VS MII ICU Code extrakorporale Verfahren"
    },
    {
      "url" : "http://terminology.hl7.org/CodeSystem/communication-category",
      "version" : "1.0.1",
      "status" : "active",
      "name" : "CommunicationCategory",
      "title" : "CommunicationCategory",
      "description" : "Codes for general categories of communications such as alerts, instructions, etc.",
      "oids" : ["2.16.840.1.113883.4.642.1.1076"],
      "uses" : {
      },
      "http://hl7.org/fhir/R4/valueset-communication-category.html" : "CommunicationCategory"
    },
    {
      "url" : "http://terminology.hl7.org/CodeSystem/v2-0074",
      "version" : "2.5.0",
      "status" : "active",
      "name" : "DiagnosticServiceSectionId",
      "title" : "diagnosticServiceSectionId",
      "description" : "HL7-defined code system of concepts which specify a section of a diagnostic service where the observation may be performed.  Used in HL7 Version 2.x messaging in the OBR and OM4 segments.",
      "oids" : ["2.16.840.1.113883.18.29"],
      "uses" : {
      },
      "http://hl7.org/fhir/R4/valueset-diagnostic-service-sections.html" : "Diagnostic Service Section Codes"
    },
    {
      "url" : "http://terminology.hl7.org/CodeSystem/v2-0203",
      "version" : "4.0.0",
      "status" : "active",
      "name" : "IdentifierType",
      "title" : "identifierType",
      "description" : "HL7-defined code system of concepts specifying type of identifier. Used in HL7 Version 2.x messaging data types CX, PLN, PPN, XCN and XON.",
      "oids" : ["2.16.840.1.113883.18.108"],
      "uses" : {
      },
      "https://simplifier.net/resolve?scope=de.medizininformatikinitiative.kerndatensatz.consent@1.0.7&canonical=http://fhir.de/ConsentManagement/ValueSet/ContextIdentifierType" : "ConsentManagementContextIdentifierType"
    }
  ]
}
