<?xml version="1.0" encoding="UTF-8"?>

<Communication xmlns="http://hl7.org/fhir">
  <id value="Example-UTN-PRtoPR-Consult"/>
  <meta>
    <profile value="http://utn/consentresource.com/StructureDefinition/teleconsult-communication"/>
  </meta>
  <text>
    <status value="generated"/><div xmlns="http://www.w3.org/1999/xhtml"><p class="res-header-id"><b>Generated Narrative: Communication Example-UTN-PRtoPR-Consult</b></p><a name="Example-UTN-PRtoPR-Consult"> </a><a name="hcExample-UTN-PRtoPR-Consult"> </a><div style="display: inline-block; background-color: #d9e0e7; padding: 6px; margin: 4px; border: 1px solid #8da1b4; border-radius: 5px; line-height: 60%"><p style="margin-bottom: 0px"/><p style="margin-bottom: 0px">Profile: <a href="StructureDefinition-teleconsult-communication.html">Teleconsultation Communication</a></p></div><p><b>status</b>: Completed</p><p><b>medium</b>: <span title="Codes:{http://terminology.hl7.org/CodeSystem/v3-ParticipationMode PHONE}">Telephone</span></p><p><b>subject</b>: <a href="https://simplifier.net/resolve?scope=de.medizininformatikinitiative.kerndatensatz.consent@1.0.7&amp;canonical=de.medizininformatikinitiative.kerndatensatz.consent/Example-UTN-Patient-2">Example-UTN-Patient-2</a></p><p><b>topic</b>: <span title="Codes:">phone-consult</span></p><p><b>encounter</b>: <a href="https://simplifier.net/resolve?scope=de.medizininformatikinitiative.kerndatensatz.consent@1.0.7&amp;canonical=de.medizininformatikinitiative.kerndatensatz.consent/Example-UTN-Encounter-PRtoPR">Example-UTN-Encounter-PRtoPR</a></p><p><b>sent</b>: 2025-06-01 10:30:00+0100</p><p><b>recipient</b>: <a href="https://simplifier.net/resolve?scope=de.medizininformatikinitiative.kerndatensatz.consent@1.0.7&amp;canonical=de.medizininformatikinitiative.kerndatensatz.consent/Example-UTN-Practitioner-PR2">Example-UTN-Practitioner-PR2</a></p><p><b>sender</b>: <a href="https://simplifier.net/resolve?scope=de.medizininformatikinitiative.kerndatensatz.consent@1.0.7&amp;canonical=de.medizininformatikinitiative.kerndatensatz.consent/Example-UTN-Practitioner-PR1">Example-UTN-Practitioner-PR1</a></p><h3>Payloads</h3><table class="grid"><tr><td style="display: none">-</td><td><b>Content[x]</b></td></tr><tr><td style="display: none">*</td><td>ECG report for Mr. John Doe. We suspect early atrial fibrillation and would appreciate your expert opinion.</td></tr></table></div>
  </text>
  <status value="completed"/>
  <medium>
    <coding>
      <system value="http://terminology.hl7.org/CodeSystem/v3-ParticipationMode"/>
      <code value="PHONE"/>
      <display value="Telephone"/>
    </coding>
  </medium>
  <subject>
    <reference value="Example-UTN-Patient-2"/>
  </subject>
  <topic>
    <coding>
      <code value="phone-consult"/>
    </coding>
  </topic>
  <encounter>
    <reference value="Example-UTN-Encounter-PRtoPR"/>
  </encounter>
  <sent value="2025-06-01T10:30:00+01:00"/>
  <recipient>
    <reference value="Example-UTN-Practitioner-PR2"/>
  </recipient>
  <sender>
    <reference value="Example-UTN-Practitioner-PR1"/>
  </sender>
  <payload>
    <contentString value="ECG report for Mr. John Doe. We suspect early atrial fibrillation and would appreciate your expert opinion."/>
  </payload>
</Communication>