{
  "resourceType" : "Composition",
  "id" : "Example-UTN-Teleconsultation-PRtoPR-Return",
  "text" : {
    "status" : "extensions",
    "div" : "<div xmlns=\"http://www.w3.org/1999/xhtml\"><p class=\"res-header-id\"><b>Generated Narrative: Composition Example-UTN-Teleconsultation-PRtoPR-Return</b></p><a name=\"Example-UTN-Teleconsultation-PRtoPR-Return\"> </a><a name=\"hcExample-UTN-Teleconsultation-PRtoPR-Return\"> </a><p><b>org/fhir/StructureDefinition/composition-basedon-servicerequest</b>: <a href=\"ServiceRequest-UTN-Teleconsultation-PRtoPR-ServiceRequest.html\">ServiceRequest: status = active; intent = order; category = Counselling</a></p><p><b>status</b>: Final</p><p><b>type</b>: <span title=\"Codes:{http://loinc.org 85208-7}\">Telehealth Consult note</span></p><p><b>category</b>: <span title=\"Codes:{http://loinc.org 11488-4}\">Consult Note</span></p><p><b>encounter</b>: <a href=\"Encounter-Example-UTN-Encounter-PRtoPR.html\">Encounter: status = in-progress; class = inpatient encounter (ActCode#IMP); type = intensivstationaer; serviceType = Intensivmedizin; period = 2025-01-14 08:00:00+1000 --&gt; (ongoing)</a></p><p><b>date</b>: 2012-01-04 09:10:14+0000</p><p><b>author</b>: <a href=\"Practitioner-Example-UTN-Practitioner-PR2.html\">Practitioner Gunther Neumann(official)</a></p><p><b>title</b>: Consultation Note</p></div>"
  },
  "extension" : [{
    "url" : "http://example.org/fhir/StructureDefinition/composition-basedon-servicerequest",
    "valueReference" : {
      "reference" : "ServiceRequest/UTN-Teleconsultation-PRtoPR-ServiceRequest"
    }
  }],
  "status" : "final",
  "type" : {
    "coding" : [{
      "system" : "http://loinc.org",
      "code" : "85208-7",
      "display" : "Telehealth Consult note"
    }]
  },
  "category" : [{
    "coding" : [{
      "system" : "http://loinc.org",
      "code" : "11488-4",
      "display" : "Consult Note"
    }]
  }],
  "subject" : {
    "reference" : "Patient/utn-patient-2"
  },
  "encounter" : {
    "reference" : "Encounter/Example-UTN-Encounter-PRtoPR"
  },
  "date" : "2012-01-04T09:10:14Z",
  "author" : [{
    "reference" : "Practitioner/Example-UTN-Practitioner-PR2"
  }],
  "title" : "Consultation Note",
  "section" : [{
    "title" : "Aufnahme",
    "author" : [{
      "reference" : "Practitioner/Example-UTN-Practitioner-PR1"
    }],
    "entry" : [{
      "reference" : "AllergyIntolerance/Example-UTN-AllergyIntolerance"
    },
    {
      "reference" : "Observation/Example-UTNKoerpergewicht"
    },
    {
      "reference" : "Observation/Example-UTN-Koerperroesse"
    },
    {
      "reference" : "Condition/Example-UTN-Sepsis"
    }]
  },
  {
    "title" : "Vorerkrankungen / Vor-OPs",
    "author" : [{
      "reference" : "Practitioner/Example-UTN-Practitioner-PR1"
    }],
    "entry" : [{
      "reference" : "Condition/Example-UTN-Sepsis"
    }]
  },
  {
    "title" : "Vormedikation",
    "author" : [{
      "reference" : "Practitioner/Example-UTN-Practitioner-PR1"
    }],
    "entry" : [{
      "reference" : "MedicationStatement/Example-UTN-MEdikationStatement"
    }]
  },
  {
    "title" : "Beatmung",
    "author" : [{
      "reference" : "Practitioner/Example-UTN-Practitioner-PR1"
    }],
    "entry" : [{
      "reference" : "Procedure/Example-UTN-Invasive-Beatmung"
    }]
  },
  {
    "title" : "Adjuvante Therapien",
    "author" : [{
      "reference" : "Practitioner/Example-UTN-Practitioner-PR1"
    }],
    "entry" : [{
      "reference" : "Procedure/Example-UTN-VVECMO"
    }]
  },
  {
    "title" : "Diagnostik",
    "author" : [{
      "reference" : "Practitioner/Example-UTN-Practitioner-PR1"
    }],
    "entry" : [{
      "reference" : "Procedure/Example-UTN-Procedure"
    }]
  },
  {
    "title" : "Labor",
    "author" : [{
      "reference" : "Practitioner/Example-UTN-Practitioner-PR1"
    }],
    "entry" : [{
      "reference" : "Observation/Example-UTNKreatinin"
    }]
  },
  {
    "title" : "Teleconsultation Note",
    "author" : [{
      "reference" : "Practitioner/Example-UTN-Practitioner-PR2"
    }],
    "text" : {
      "status" : "generated",
      "div" : "<div xmlns=\"http://www.w3.org/1999/xhtml\"><p>Patient reports mild chest pain during exercise. No other symptoms reported. ECG normal. Advised lifestyle modification and follow-up in 1 month.</p></div>"
    }
  }]
}