<?xml version="1.0" encoding="UTF-8"?>

<Consent xmlns="http://hl7.org/fhir">
  <id value="Example-UTN-Consent-Videosprechstunde"/>
  <meta>
    <profile value="http://utn/consentresource.com/StructureDefinition/utn-consent-id"/>
    <profile value="https://www.medizininformatik-initiative.de/fhir/modul-consent/StructureDefinition/mii-pr-consent-einwilligung"/>
  </meta>
  <text>
    <status value="generated"/><div xmlns="http://www.w3.org/1999/xhtml"><p class="res-header-id"><b>Generated Narrative: Consent Example-UTN-Consent-Videosprechstunde</b></p><a name="Example-UTN-Consent-Videosprechstunde"> </a><a name="hcExample-UTN-Consent-Videosprechstunde"> </a><a name="Example-UTN-Consent-Videosprechstunde-en-US"> </a><div style="display: inline-block; background-color: #d9e0e7; padding: 6px; margin: 4px; border: 1px solid #8da1b4; border-radius: 5px; line-height: 60%"><p style="margin-bottom: 0px"/><p style="margin-bottom: 0px">Profiles: <a href="StructureDefinition-utn-consent-id.html">UTN Consent Forschungsvorhaben and Videosprechstunde</a>, <a href="https://simplifier.net/resolve?scope=de.medizininformatikinitiative.kerndatensatz.consent@1.0.7&amp;canonical=https://www.medizininformatik-initiative.de/fhir/modul-consent/StructureDefinition/mii-pr-consent-einwilligung">Profile - MI-I - Consent - Einwilligung</a></p></div><p><b>status</b>: Active</p><p><b>scope</b>: <span title="Codes:{http://terminology.hl7.org/CodeSystem/consentscope research}">Research</span></p><p><b>category</b>: <span title="Codes:{http://loinc.org 57016-8}">Privacy policy acknowledgment Document</span>, <span title="Codes:{https://www.medizininformatik-initiative.de/fhir/modul-consent/CodeSystem/mii-cs-consent-consent_category 2.16.840.1.113883.3.1937.777.24.2.184}">2.16.840.1.113883.3.1937.777.24.2.184</span></p><p><b>patient</b>: <a href="Patient-consent-management-patient.html">John Doe  Other, DoB: 1998-09-19 ( MR)</a></p><p><b>dateTime</b>: 2024-07-24</p><p><b>organization</b>: Klinikum Würzburg</p><h3>Policies</h3><table class="grid"><tr><td style="display: none">-</td><td><b>Uri</b></td></tr><tr><td style="display: none">*</td><td><a href="https://simplifier.net/resolve?scope=de.medizininformatikinitiative.kerndatensatz.consent@1.0.7&amp;canonical=https://redcap.ukw.de/surveys/index.php?pid=87&amp;__passthru=DataEntry%2Ffile_download.php&amp;type=attachment&amp;field_name=video_download&amp;hidden_edit=0&amp;record=1&amp;event_id=347&amp;doc_id_hash=a84aec9c20c6dd2ee6bff1e9ecbbe4d1ee70bb3d&amp;instance=1&amp;id=1655&amp;s=FEX9P8W7P37XAXXP">https://redcap.ukw.de/surveys/index.php?pid=87&amp;__passthru=DataEntry%2Ffile_download.php&amp;type=attachment&amp;field_name=video_download&amp;hidden_edit=0&amp;record=1&amp;event_id=347&amp;doc_id_hash=a84aec9c20c6dd2ee6bff1e9ecbbe4d1ee70bb3d&amp;instance=1&amp;id=1655&amp;s=FEX9P8W7P37XAXXP</a></td></tr></table><blockquote><p><b>provision</b></p><p><b>type</b>: Opt Out</p><p><b>period</b>: 2024-07-24 --&gt; 2074-07-24</p><h3>Provisions</h3><table class="grid"><tr><td style="display: none">-</td><td><b>Type</b></td><td><b>Period</b></td><td><b>Code</b></td></tr><tr><td style="display: none">*</td><td>Opt In</td><td>2024-07-24 --&gt; 2034-07-24</td><td><span title="Codes:{urn:oid:2.16.840.1.113883.3.1937.777.24.5.3 2.16.840.1.113883.3.1937.777.24.5.3.2}">IDAT_erheben</span></td></tr></table></blockquote></div>
  </text>
  <status value="active"/>
  <scope>
    <coding>
      <system value="http://terminology.hl7.org/CodeSystem/consentscope"/>
      <code value="research"/>
    </coding>
  </scope>
  <category>
    <coding>
      <system value="http://loinc.org"/>
      <code value="57016-8"/>
    </coding>
  </category>
  <category>
    <coding>
      <system value="https://www.medizininformatik-initiative.de/fhir/modul-consent/CodeSystem/mii-cs-consent-consent_category"/>
      <code value="2.16.840.1.113883.3.1937.777.24.2.184"/>
    </coding>
  </category>
  <patient>
    <reference value="Patient/consent-management-patient"/>
  </patient>
  <dateTime value="2024-07-24"/>
  <organization>
    <display value="Klinikum Würzburg"/>
  </organization>
  <policy>
    <uri value="https://redcap.ukw.de/surveys/index.php?pid=87&amp;__passthru=DataEntry%2Ffile_download.php&amp;type=attachment&amp;field_name=video_download&amp;hidden_edit=0&amp;record=1&amp;event_id=347&amp;doc_id_hash=a84aec9c20c6dd2ee6bff1e9ecbbe4d1ee70bb3d&amp;instance=1&amp;id=1655&amp;s=FEX9P8W7P37XAXXP"/>
  </policy>
  <provision>
    <type value="deny"/>
    <period>
      <start value="2024-07-24"/>
      <end value="2074-07-24"/>
    </period>
    <provision>
      <type value="permit"/>
      <period>
        <start value="2024-07-24"/>
        <end value="2034-07-24"/>
      </period>
      <code>
        <coding>
          <system value="urn:oid:2.16.840.1.113883.3.1937.777.24.5.3"/>
          <code value="2.16.840.1.113883.3.1937.777.24.5.3.2"/>
          <display value="IDAT_erheben"/>
        </coding>
      </code>
    </provision>
  </provision>
</Consent>