{
  "resourceType" : "DocumentReference",
  "id" : "Example-UTN-Consent-DocumentReference-Videosprechstunde",
  "meta" : {
    "profile" : ["https://www.utn-num.de/fhir/StructureDefinition/utn-consent-documentreference-id"]
  },
  "text" : {
    "status" : "generated",
    "div" : "<div xmlns=\"http://www.w3.org/1999/xhtml\"><p class=\"res-header-id\"><b>Generated Narrative: DocumentReference Example-UTN-Consent-DocumentReference-Videosprechstunde</b></p><a name=\"Example-UTN-Consent-DocumentReference-Videosprechstunde\"> </a><a name=\"hcExample-UTN-Consent-DocumentReference-Videosprechstunde\"> </a><div style=\"display: inline-block; background-color: #d9e0e7; padding: 6px; margin: 4px; border: 1px solid #8da1b4; border-radius: 5px; line-height: 60%\"><p style=\"margin-bottom: 0px\"/><p style=\"margin-bottom: 0px\">Profile: <a href=\"StructureDefinition-utn-consent-documentreference-id.html\">UTN Consent Document Reference</a></p></div><p><b>status</b>: Current</p><p><b>subject</b>: <a href=\"Patient-utn-patient-1.html\">John Doe  Other, DoB: 1970-09-19 ( MR)</a></p><blockquote><p><b>content</b></p><h3>Attachments</h3><table class=\"grid\"><tr><td style=\"display: none\">-</td><td><b>ContentType</b></td><td><b>Data</b></td><td><b>Url</b></td></tr><tr><td style=\"display: none\">*</td><td>application/pdf</td><td><code>VGVsZUFzc2Vzc19WaWRlb3NwcmVjaHN0dW5kZQ==</code></td><td><a href=\"https://simplifier.net/resolve?scope=de.medizininformatikinitiative.kerndatensatz.consent@2025.0.4&amp;canonical=https://redcap.ukw.de/surveys/index.php?pid=87&amp;__passthru=DataEntry%2Ffile_download.php&amp;type=attachment&amp;field_name=video_download&amp;hidden_edit=0&amp;record=1&amp;event_id=347&amp;doc_id_hash=a84aec9c20c6dd2ee6bff1e9ecbbe4d1ee70bb3d&amp;instance=1&amp;id=1655&amp;s=FEX9P8W7P37XAXXP\">https://redcap.ukw.de/surveys/index.php?pid=87&amp;__passthru=DataEntry%2Ffile_download.php&amp;type=attachment&amp;field_name=video_download&amp;hidden_edit=0&amp;record=1&amp;event_id=347&amp;doc_id_hash=a84aec9c20c6dd2ee6bff1e9ecbbe4d1ee70bb3d&amp;instance=1&amp;id=1655&amp;s=FEX9P8W7P37XAXXP</a></td></tr></table></blockquote></div>"
  },
  "status" : "current",
  "subject" : {
    "reference" : "Patient/utn-patient-1"
  },
  "content" : [{
    "attachment" : {
      "contentType" : "application/pdf",
      "data" : "VGVsZUFzc2Vzc19WaWRlb3NwcmVjaHN0dW5kZQ==",
      "url" : "https://redcap.ukw.de/surveys/index.php?pid=87&__passthru=DataEntry%2Ffile_download.php&type=attachment&field_name=video_download&hidden_edit=0&record=1&event_id=347&doc_id_hash=a84aec9c20c6dd2ee6bff1e9ecbbe4d1ee70bb3d&instance=1&id=1655&s=FEX9P8W7P37XAXXP"
    }
  }]
}