<?xml version="1.0" encoding="UTF-8"?>

<DocumentReference xmlns="http://hl7.org/fhir">
  <id value="Example-UTN-Consent-DocumentReference-Forschungsvorhaben"/>
  <meta>
    <profile value="http://utn/consentresource.com/StructureDefinition/utn-consent-documentreference-id"/>
  </meta>
  <text>
    <status value="generated"/><div xmlns="http://www.w3.org/1999/xhtml"><p class="res-header-id"><b>Generated Narrative: DocumentReference Example-UTN-Consent-DocumentReference-Forschungsvorhaben</b></p><a name="Example-UTN-Consent-DocumentReference-Forschungsvorhaben"> </a><a name="hcExample-UTN-Consent-DocumentReference-Forschungsvorhaben"> </a><a name="Example-UTN-Consent-DocumentReference-Forschungsvorhaben-en-US"> </a><div style="display: inline-block; background-color: #d9e0e7; padding: 6px; margin: 4px; border: 1px solid #8da1b4; border-radius: 5px; line-height: 60%"><p style="margin-bottom: 0px"/><p style="margin-bottom: 0px">Profile: <a href="StructureDefinition-utn-consent-documentreference-id.html">UTN Consent Document Reference</a></p></div><p><b>status</b>: Current</p><p><b>subject</b>: <a href="Patient-utn-patient-1.html">John Doe  Other, DoB: 1970-09-19 ( MR)</a></p><blockquote><p><b>content</b></p><h3>Attachments</h3><table class="grid"><tr><td style="display: none">-</td><td><b>ContentType</b></td><td><b>Data</b></td><td><b>Url</b></td></tr><tr><td style="display: none">*</td><td>application/pdf</td><td><code>VGVsZUFzc2Vzc19QYXRpZW50ZW5pbmZvcm1hdGlvbg==</code></td><td><a href="https://simplifier.net/resolve?scope=de.medizininformatikinitiative.kerndatensatz.consent@1.0.7&amp;canonical=https://redcap.ukw.de/surveys/?__file=BpfEHSgRSXzMTLVuD6XHro2rcE2Vue7RZGXFIEzJrkscLPotzTEcUf9RjEAkhhrM5mwpFIcCP5bpGtP8iG99XHm4LWGwu7JKycan">https://redcap.ukw.de/surveys/?__file=BpfEHSgRSXzMTLVuD6XHro2rcE2Vue7RZGXFIEzJrkscLPotzTEcUf9RjEAkhhrM5mwpFIcCP5bpGtP8iG99XHm4LWGwu7JKycan</a></td></tr></table></blockquote></div>
  </text>
  <status value="current"/>
  <subject>
    <reference value="Patient/utn-patient-1"/>
  </subject>
  <content>
    <attachment>
      <contentType value="application/pdf"/>
      <data value="VGVsZUFzc2Vzc19QYXRpZW50ZW5pbmZvcm1hdGlvbg=="/>
      <url value="https://redcap.ukw.de/surveys/?__file=BpfEHSgRSXzMTLVuD6XHro2rcE2Vue7RZGXFIEzJrkscLPotzTEcUf9RjEAkhhrM5mwpFIcCP5bpGtP8iG99XHm4LWGwu7JKycan"/>
    </attachment>
  </content>
</DocumentReference>