<?xml version="1.0" encoding="UTF-8"?>

<Encounter xmlns="http://hl7.org/fhir">
  <id value="Example-UTN-Encounter-PRtoPR"/>
  <meta>
    <profile value="http://utn/consentresource.com/StructureDefinition/utn-encounter"/>
  </meta>
  <text>
    <status value="generated"/><div xmlns="http://www.w3.org/1999/xhtml"><p class="res-header-id"><b>Generated Narrative: Encounter Example-UTN-Encounter-PRtoPR</b></p><a name="Example-UTN-Encounter-PRtoPR"> </a><a name="hcExample-UTN-Encounter-PRtoPR"> </a><div style="display: inline-block; background-color: #d9e0e7; padding: 6px; margin: 4px; border: 1px solid #8da1b4; border-radius: 5px; line-height: 60%"><p style="margin-bottom: 0px"/><p style="margin-bottom: 0px">Profile: <a href="StructureDefinition-utn-encounter.html">UTN Encounter</a></p></div><p><b>status</b>: In Progress</p><p><b>class</b>: <a href="http://terminology.hl7.org/6.4.0/CodeSystem-v3-ActCode.html#v3-ActCode-IMP">ActCode IMP</a>: inpatient encounter</p><p><b>type</b>: <span title="Codes:{http://fhir.de/ValueSet/kontaktart-de intensivstationaer}">intensivstationaer</span></p><p><b>serviceType</b>: <span title="Codes:{http://fhir.de/CodeSystem/dkgev/Fachabteilungsschluessel 3600}">Intensivmedizin</span></p><p><b>subject</b>: <a href="Patient-utn-patient-2.html">Anna Müller  Female, DoB: 1985-03-12 ( MR)</a></p><h3>Participants</h3><table class="grid"><tr><td style="display: none">-</td><td><b>Individual</b></td></tr><tr><td style="display: none">*</td><td><a href="Practitioner-Example-UTN-Practitioner-PR1.html">Practitioner Hans Topp-Glücklich(official)</a></td></tr></table><p><b>period</b>: 2025-01-14 08:00:00+1000 --&gt; (ongoing)</p><h3>Diagnoses</h3><table class="grid"><tr><td style="display: none">-</td><td><b>Condition</b></td><td><b>Use</b></td></tr><tr><td style="display: none">*</td><td><a href="Condition-Example-UTN-Sepsis.html">Condition Sepsis</a></td><td><span title="Codes:{http://terminology.hl7.org/CodeSystem/diagnosis-role AD}">Admission diagnosis</span></td></tr></table></div>
  </text>
  <status value="in-progress"/>
  <class>
    <system value="http://terminology.hl7.org/CodeSystem/v3-ActCode"/>
    <code value="IMP"/>
    <display value="inpatient encounter"/>
  </class>
  <type>
    <coding>
      <system value="http://fhir.de/ValueSet/kontaktart-de"/>
      <code value="intensivstationaer"/>
    </coding>
  </type>
  <serviceType>
    <coding>
      <system value="http://fhir.de/CodeSystem/dkgev/Fachabteilungsschluessel"/>
      <code value="3600"/>
    </coding>
  </serviceType>
  <subject>
    <reference value="Patient/utn-patient-2"/>
  </subject>
  <participant>
    <individual>
      <reference value="Practitioner/Example-UTN-Practitioner-PR1"/>
    </individual>
  </participant>
  <period>
    <start value="2025-01-14T08:00:00+10:00"/>
  </period>
  <diagnosis>
    <condition>
      <reference value="Condition/Example-UTN-Sepsis"/>
    </condition>
    <use>
      <coding>
        <system value="http://terminology.hl7.org/CodeSystem/diagnosis-role"/>
        <code value="AD"/>
        <display value="Admission diagnosis"/>
      </coding>
    </use>
  </diagnosis>
</Encounter>