{
  "resourceType" : "HealthcareService",
  "id" : "teleconsultation-service-1",
  "meta" : {
    "profile" : ["http://utn/consentresource.com/StructureDefinition/healthcare-service-with-devices"]
  },
  "text" : {
    "status" : "extensions",
    "div" : "<div xmlns=\"http://www.w3.org/1999/xhtml\"><p class=\"res-header-id\"><b>Generated Narrative: HealthcareService teleconsultation-service-1</b></p><a name=\"teleconsultation-service-1\"> </a><a name=\"hcteleconsultation-service-1\"> </a><a name=\"teleconsultation-service-1-en-US\"> </a><div style=\"display: inline-block; background-color: #d9e0e7; padding: 6px; margin: 4px; border: 1px solid #8da1b4; border-radius: 5px; line-height: 60%\"><p style=\"margin-bottom: 0px\"/><p style=\"margin-bottom: 0px\">Profile: <a href=\"StructureDefinition-healthcare-service-with-devices.html\">UTN Healthcare Service with Devices</a></p></div><p><b>org/fhir/StructureDefinition/device-reference</b>: <a href=\"Device-camera-1.html\">HD Camera</a></p><p><b>org/fhir/StructureDefinition/device-reference</b>: <a href=\"Device-phone-1.html\">Smartphone</a></p><p><b>identifier</b>: <code>http://example.org/services</code>/teleconsultation-service-123</p><p><b>active</b>: true</p><p><b>providedBy</b>: <a href=\"https://simplifier.net/resolve?scope=de.medizininformatikinitiative.kerndatensatz.consent@1.0.7&amp;canonical=de.medizininformatikinitiative.kerndatensatz.consent/Organization/1\">Example Hospital</a></p><p><b>category</b>: <span title=\"Codes:{http://terminology.hl7.org/CodeSystem/service-category 8}\">Counselling</span></p><p><b>location</b>: <a href=\"https://simplifier.net/resolve?scope=de.medizininformatikinitiative.kerndatensatz.consent@1.0.7&amp;canonical=de.medizininformatikinitiative.kerndatensatz.consent/Location/1\">Example Hospital Main Building</a></p><p><b>name</b>: Teleconsultation Service</p><p><b>telecom</b>: ph: 123-456-7890(Work), <a href=\"mailto:teleconsult@example.org\">teleconsult@example.org</a></p></div>"
  },
  "extension" : [{
    "url" : "http://example.org/fhir/StructureDefinition/device-reference",
    "valueReference" : {
      "reference" : "Device/camera-1",
      "display" : "HD Camera"
    }
  },
  {
    "url" : "http://example.org/fhir/StructureDefinition/device-reference",
    "valueReference" : {
      "reference" : "Device/phone-1",
      "display" : "Smartphone"
    }
  }],
  "identifier" : [{
    "system" : "http://example.org/services",
    "value" : "teleconsultation-service-123"
  }],
  "active" : true,
  "providedBy" : {
    "reference" : "Organization/1",
    "display" : "Example Hospital"
  },
  "category" : [{
    "coding" : [{
      "system" : "http://terminology.hl7.org/CodeSystem/service-category",
      "code" : "8",
      "display" : "Counselling"
    }]
  }],
  "location" : [{
    "reference" : "Location/1",
    "display" : "Example Hospital Main Building"
  }],
  "name" : "Teleconsultation Service",
  "telecom" : [{
    "system" : "phone",
    "value" : "123-456-7890",
    "use" : "work"
  },
  {
    "system" : "email",
    "value" : "teleconsult@example.org",
    "use" : "work"
  }]
}