{
  "resourceType" : "ImplementationGuide",
  "id" : "consent.id",
  "text" : {
    "status" : "generated",
    "div" : "<div xmlns=\"http://www.w3.org/1999/xhtml\"><p class=\"res-header-id\"><b>Generated Narrative: ImplementationGuide consent.id</b></p><a name=\"consent.id\"> </a><a name=\"hcconsent.id\"> </a><a name=\"consent.id-en-US\"> </a><h2>UTNConsentResource</h2><p>The official URL for this implementation guide is: </p><pre>http://utn/consentresource.com/ImplementationGuide/consent.id</pre></div>"
  },
  "url" : "http://utn/consentresource.com/ImplementationGuide/consent.id",
  "version" : "0.1.0",
  "name" : "UTNConsentResource",
  "title" : "University Telemedicine Network (UTN) FHIR Implementation Guide",
  "status" : "draft",
  "date" : "2025-04-16T13:27:07+02:00",
  "publisher" : "BIH-CEI",
  "contact" : [{
    "name" : "BIH-CEI",
    "telecom" : [{
      "system" : "url",
      "value" : "http://utn/consentresource.com"
    }]
  }],
  "packageId" : "consent.id",
  "license" : "CC0-1.0",
  "fhirVersion" : ["4.0.1"],
  "dependsOn" : [{
    "id" : "hl7tx",
    "extension" : [{
      "url" : "http://hl7.org/fhir/tools/StructureDefinition/implementationguide-dependency-comment",
      "valueMarkdown" : "Automatically added as a dependency - all IGs depend on HL7 Terminology"
    }],
    "uri" : "http://terminology.hl7.org/ImplementationGuide/hl7.terminology",
    "packageId" : "hl7.terminology.r4",
    "version" : "6.2.0"
  },
  {
    "id" : "hl7ext",
    "extension" : [{
      "url" : "http://hl7.org/fhir/tools/StructureDefinition/implementationguide-dependency-comment",
      "valueMarkdown" : "Automatically added as a dependency - all IGs depend on the HL7 Extension Pack"
    }],
    "uri" : "http://hl7.org/fhir/extensions/ImplementationGuide/hl7.fhir.uv.extensions",
    "packageId" : "hl7.fhir.uv.extensions.r4",
    "version" : "5.2.0"
  },
  {
    "id" : "hl7_fhir_us_core",
    "uri" : "http://hl7.org/fhir/us/core/ImplementationGuide/hl7.fhir.us.core",
    "packageId" : "hl7.fhir.us.core",
    "version" : "3.1.0"
  },
  {
    "id" : "mcode",
    "uri" : "http://hl7.org/fhir/us/mcode/ImplementationGuide/hl7.fhir.us.mcode",
    "packageId" : "hl7.fhir.us.mcode",
    "version" : "1.0.0"
  },
  {
    "id" : "de_medizininformatikinitiative_kerndatensatz_consent",
    "uri" : "de.medizininformatikinitiative.kerndatensatz.consent",
    "packageId" : "de.medizininformatikinitiative.kerndatensatz.consent",
    "version" : "1.0.7"
  },
  {
    "id" : "de_einwilligungsmanagement",
    "uri" : "de.einwilligungsmanagement",
    "packageId" : "de.einwilligungsmanagement",
    "version" : "1.0.1"
  },
  {
    "id" : "de_medizininformatikinitiative_kerndatensatz_icu",
    "uri" : "de.medizininformatikinitiative.kerndatensatz.icu",
    "packageId" : "de.medizininformatikinitiative.kerndatensatz.icu",
    "version" : "2025.0.2"
  },
  {
    "id" : "de_medizininformatikinitiative_kerndatensatz_laborbefund",
    "uri" : "de.medizininformatikinitiative.kerndatensatz.laborbefund",
    "packageId" : "de.medizininformatikinitiative.kerndatensatz.laborbefund",
    "version" : "2025.0.2"
  },
  {
    "id" : "de_gematik_isik_vitalparameter",
    "uri" : "de.gematik.isik-vitalparameter",
    "packageId" : "de.gematik.isik-vitalparameter",
    "version" : "4.0.0"
  },
  {
    "id" : "kbv_basis",
    "uri" : "kbv.basis",
    "packageId" : "kbv.basis",
    "version" : "1.7.0"
  }],
  "definition" : {
    "extension" : [{
      "extension" : [{
        "url" : "code",
        "valueString" : "copyrightyear"
      },
      {
        "url" : "value",
        "valueString" : "2024+"
      }],
      "url" : "http://hl7.org/fhir/tools/StructureDefinition/ig-parameter"
    },
    {
      "extension" : [{
        "url" : "code",
        "valueString" : "releaselabel"
      },
      {
        "url" : "value",
        "valueString" : "ci-build"
      }],
      "url" : "http://hl7.org/fhir/tools/StructureDefinition/ig-parameter"
    },
    {
      "extension" : [{
        "url" : "code",
        "valueString" : "autoload-resources"
      },
      {
        "url" : "value",
        "valueString" : "true"
      }],
      "url" : "http://hl7.org/fhir/tools/StructureDefinition/ig-parameter"
    },
    {
      "extension" : [{
        "url" : "code",
        "valueString" : "path-liquid"
      },
      {
        "url" : "value",
        "valueString" : "template/liquid"
      }],
      "url" : "http://hl7.org/fhir/tools/StructureDefinition/ig-parameter"
    },
    {
      "extension" : [{
        "url" : "code",
        "valueString" : "path-liquid"
      },
      {
        "url" : "value",
        "valueString" : "input/liquid"
      }],
      "url" : "http://hl7.org/fhir/tools/StructureDefinition/ig-parameter"
    },
    {
      "extension" : [{
        "url" : "code",
        "valueString" : "path-qa"
      },
      {
        "url" : "value",
        "valueString" : "temp/qa"
      }],
      "url" : "http://hl7.org/fhir/tools/StructureDefinition/ig-parameter"
    },
    {
      "extension" : [{
        "url" : "code",
        "valueString" : "path-temp"
      },
      {
        "url" : "value",
        "valueString" : "temp/pages"
      }],
      "url" : "http://hl7.org/fhir/tools/StructureDefinition/ig-parameter"
    },
    {
      "extension" : [{
        "url" : "code",
        "valueString" : "path-output"
      },
      {
        "url" : "value",
        "valueString" : "output"
      }],
      "url" : "http://hl7.org/fhir/tools/StructureDefinition/ig-parameter"
    },
    {
      "extension" : [{
        "url" : "code",
        "valueString" : "path-suppressed-warnings"
      },
      {
        "url" : "value",
        "valueString" : "input/ignoreWarnings.txt"
      }],
      "url" : "http://hl7.org/fhir/tools/StructureDefinition/ig-parameter"
    },
    {
      "extension" : [{
        "url" : "code",
        "valueString" : "path-history"
      },
      {
        "url" : "value",
        "valueString" : "http://utn/consentresource.com/history.html"
      }],
      "url" : "http://hl7.org/fhir/tools/StructureDefinition/ig-parameter"
    },
    {
      "extension" : [{
        "url" : "code",
        "valueString" : "template-html"
      },
      {
        "url" : "value",
        "valueString" : "template-page.html"
      }],
      "url" : "http://hl7.org/fhir/tools/StructureDefinition/ig-parameter"
    },
    {
      "extension" : [{
        "url" : "code",
        "valueString" : "template-md"
      },
      {
        "url" : "value",
        "valueString" : "template-page-md.html"
      }],
      "url" : "http://hl7.org/fhir/tools/StructureDefinition/ig-parameter"
    },
    {
      "extension" : [{
        "url" : "code",
        "valueString" : "apply-contact"
      },
      {
        "url" : "value",
        "valueString" : "true"
      }],
      "url" : "http://hl7.org/fhir/tools/StructureDefinition/ig-parameter"
    },
    {
      "extension" : [{
        "url" : "code",
        "valueString" : "apply-context"
      },
      {
        "url" : "value",
        "valueString" : "true"
      }],
      "url" : "http://hl7.org/fhir/tools/StructureDefinition/ig-parameter"
    },
    {
      "extension" : [{
        "url" : "code",
        "valueString" : "apply-copyright"
      },
      {
        "url" : "value",
        "valueString" : "true"
      }],
      "url" : "http://hl7.org/fhir/tools/StructureDefinition/ig-parameter"
    },
    {
      "extension" : [{
        "url" : "code",
        "valueString" : "apply-jurisdiction"
      },
      {
        "url" : "value",
        "valueString" : "true"
      }],
      "url" : "http://hl7.org/fhir/tools/StructureDefinition/ig-parameter"
    },
    {
      "extension" : [{
        "url" : "code",
        "valueString" : "apply-license"
      },
      {
        "url" : "value",
        "valueString" : "true"
      }],
      "url" : "http://hl7.org/fhir/tools/StructureDefinition/ig-parameter"
    },
    {
      "extension" : [{
        "url" : "code",
        "valueString" : "apply-publisher"
      },
      {
        "url" : "value",
        "valueString" : "true"
      }],
      "url" : "http://hl7.org/fhir/tools/StructureDefinition/ig-parameter"
    },
    {
      "extension" : [{
        "url" : "code",
        "valueString" : "apply-version"
      },
      {
        "url" : "value",
        "valueString" : "true"
      }],
      "url" : "http://hl7.org/fhir/tools/StructureDefinition/ig-parameter"
    },
    {
      "extension" : [{
        "url" : "code",
        "valueString" : "apply-wg"
      },
      {
        "url" : "value",
        "valueString" : "true"
      }],
      "url" : "http://hl7.org/fhir/tools/StructureDefinition/ig-parameter"
    },
    {
      "extension" : [{
        "url" : "code",
        "valueString" : "active-tables"
      },
      {
        "url" : "value",
        "valueString" : "true"
      }],
      "url" : "http://hl7.org/fhir/tools/StructureDefinition/ig-parameter"
    },
    {
      "extension" : [{
        "url" : "code",
        "valueString" : "fmm-definition"
      },
      {
        "url" : "value",
        "valueString" : "http://hl7.org/fhir/versions.html#maturity"
      }],
      "url" : "http://hl7.org/fhir/tools/StructureDefinition/ig-parameter"
    },
    {
      "extension" : [{
        "url" : "code",
        "valueString" : "propagate-status"
      },
      {
        "url" : "value",
        "valueString" : "true"
      }],
      "url" : "http://hl7.org/fhir/tools/StructureDefinition/ig-parameter"
    },
    {
      "extension" : [{
        "url" : "code",
        "valueString" : "excludelogbinaryformat"
      },
      {
        "url" : "value",
        "valueString" : "true"
      }],
      "url" : "http://hl7.org/fhir/tools/StructureDefinition/ig-parameter"
    },
    {
      "extension" : [{
        "url" : "code",
        "valueString" : "tabbed-snapshots"
      },
      {
        "url" : "value",
        "valueString" : "true"
      }],
      "url" : "http://hl7.org/fhir/tools/StructureDefinition/ig-parameter"
    },
    {
      "url" : "http://hl7.org/fhir/tools/StructureDefinition/ig-internal-dependency",
      "valueCode" : "hl7.fhir.uv.tools.r4#0.4.1"
    },
    {
      "extension" : [{
        "url" : "code",
        "valueCode" : "copyrightyear"
      },
      {
        "url" : "value",
        "valueString" : "2024+"
      }],
      "url" : "http://hl7.org/fhir/tools/StructureDefinition/ig-parameter"
    },
    {
      "extension" : [{
        "url" : "code",
        "valueCode" : "releaselabel"
      },
      {
        "url" : "value",
        "valueString" : "ci-build"
      }],
      "url" : "http://hl7.org/fhir/tools/StructureDefinition/ig-parameter"
    },
    {
      "extension" : [{
        "url" : "code",
        "valueCode" : "autoload-resources"
      },
      {
        "url" : "value",
        "valueString" : "true"
      }],
      "url" : "http://hl7.org/fhir/tools/StructureDefinition/ig-parameter"
    },
    {
      "extension" : [{
        "url" : "code",
        "valueCode" : "path-liquid"
      },
      {
        "url" : "value",
        "valueString" : "template/liquid"
      }],
      "url" : "http://hl7.org/fhir/tools/StructureDefinition/ig-parameter"
    },
    {
      "extension" : [{
        "url" : "code",
        "valueCode" : "path-liquid"
      },
      {
        "url" : "value",
        "valueString" : "input/liquid"
      }],
      "url" : "http://hl7.org/fhir/tools/StructureDefinition/ig-parameter"
    },
    {
      "extension" : [{
        "url" : "code",
        "valueCode" : "path-qa"
      },
      {
        "url" : "value",
        "valueString" : "temp/qa"
      }],
      "url" : "http://hl7.org/fhir/tools/StructureDefinition/ig-parameter"
    },
    {
      "extension" : [{
        "url" : "code",
        "valueCode" : "path-temp"
      },
      {
        "url" : "value",
        "valueString" : "temp/pages"
      }],
      "url" : "http://hl7.org/fhir/tools/StructureDefinition/ig-parameter"
    },
    {
      "extension" : [{
        "url" : "code",
        "valueCode" : "path-output"
      },
      {
        "url" : "value",
        "valueString" : "output"
      }],
      "url" : "http://hl7.org/fhir/tools/StructureDefinition/ig-parameter"
    },
    {
      "extension" : [{
        "url" : "code",
        "valueCode" : "path-suppressed-warnings"
      },
      {
        "url" : "value",
        "valueString" : "input/ignoreWarnings.txt"
      }],
      "url" : "http://hl7.org/fhir/tools/StructureDefinition/ig-parameter"
    },
    {
      "extension" : [{
        "url" : "code",
        "valueCode" : "path-history"
      },
      {
        "url" : "value",
        "valueString" : "http://utn/consentresource.com/history.html"
      }],
      "url" : "http://hl7.org/fhir/tools/StructureDefinition/ig-parameter"
    },
    {
      "extension" : [{
        "url" : "code",
        "valueCode" : "template-html"
      },
      {
        "url" : "value",
        "valueString" : "template-page.html"
      }],
      "url" : "http://hl7.org/fhir/tools/StructureDefinition/ig-parameter"
    },
    {
      "extension" : [{
        "url" : "code",
        "valueCode" : "template-md"
      },
      {
        "url" : "value",
        "valueString" : "template-page-md.html"
      }],
      "url" : "http://hl7.org/fhir/tools/StructureDefinition/ig-parameter"
    },
    {
      "extension" : [{
        "url" : "code",
        "valueCode" : "apply-contact"
      },
      {
        "url" : "value",
        "valueString" : "true"
      }],
      "url" : "http://hl7.org/fhir/tools/StructureDefinition/ig-parameter"
    },
    {
      "extension" : [{
        "url" : "code",
        "valueCode" : "apply-context"
      },
      {
        "url" : "value",
        "valueString" : "true"
      }],
      "url" : "http://hl7.org/fhir/tools/StructureDefinition/ig-parameter"
    },
    {
      "extension" : [{
        "url" : "code",
        "valueCode" : "apply-copyright"
      },
      {
        "url" : "value",
        "valueString" : "true"
      }],
      "url" : "http://hl7.org/fhir/tools/StructureDefinition/ig-parameter"
    },
    {
      "extension" : [{
        "url" : "code",
        "valueCode" : "apply-jurisdiction"
      },
      {
        "url" : "value",
        "valueString" : "true"
      }],
      "url" : "http://hl7.org/fhir/tools/StructureDefinition/ig-parameter"
    },
    {
      "extension" : [{
        "url" : "code",
        "valueCode" : "apply-license"
      },
      {
        "url" : "value",
        "valueString" : "true"
      }],
      "url" : "http://hl7.org/fhir/tools/StructureDefinition/ig-parameter"
    },
    {
      "extension" : [{
        "url" : "code",
        "valueCode" : "apply-publisher"
      },
      {
        "url" : "value",
        "valueString" : "true"
      }],
      "url" : "http://hl7.org/fhir/tools/StructureDefinition/ig-parameter"
    },
    {
      "extension" : [{
        "url" : "code",
        "valueCode" : "apply-version"
      },
      {
        "url" : "value",
        "valueString" : "true"
      }],
      "url" : "http://hl7.org/fhir/tools/StructureDefinition/ig-parameter"
    },
    {
      "extension" : [{
        "url" : "code",
        "valueCode" : "apply-wg"
      },
      {
        "url" : "value",
        "valueString" : "true"
      }],
      "url" : "http://hl7.org/fhir/tools/StructureDefinition/ig-parameter"
    },
    {
      "extension" : [{
        "url" : "code",
        "valueCode" : "active-tables"
      },
      {
        "url" : "value",
        "valueString" : "true"
      }],
      "url" : "http://hl7.org/fhir/tools/StructureDefinition/ig-parameter"
    },
    {
      "extension" : [{
        "url" : "code",
        "valueCode" : "fmm-definition"
      },
      {
        "url" : "value",
        "valueString" : "http://hl7.org/fhir/versions.html#maturity"
      }],
      "url" : "http://hl7.org/fhir/tools/StructureDefinition/ig-parameter"
    },
    {
      "extension" : [{
        "url" : "code",
        "valueCode" : "propagate-status"
      },
      {
        "url" : "value",
        "valueString" : "true"
      }],
      "url" : "http://hl7.org/fhir/tools/StructureDefinition/ig-parameter"
    },
    {
      "extension" : [{
        "url" : "code",
        "valueCode" : "excludelogbinaryformat"
      },
      {
        "url" : "value",
        "valueString" : "true"
      }],
      "url" : "http://hl7.org/fhir/tools/StructureDefinition/ig-parameter"
    },
    {
      "extension" : [{
        "url" : "code",
        "valueCode" : "tabbed-snapshots"
      },
      {
        "url" : "value",
        "valueString" : "true"
      }],
      "url" : "http://hl7.org/fhir/tools/StructureDefinition/ig-parameter"
    }],
    "resource" : [{
      "extension" : [{
        "url" : "http://hl7.org/fhir/tools/StructureDefinition/resource-information",
        "valueString" : "Device"
      }],
      "reference" : {
        "reference" : "Device/camera-1"
      },
      "name" : "Camera Device",
      "description" : "An HD camera used for teleconsultation",
      "exampleBoolean" : true
    },
    {
      "extension" : [{
        "url" : "http://hl7.org/fhir/tools/StructureDefinition/resource-information",
        "valueString" : "StructureDefinition:extension"
      }],
      "reference" : {
        "reference" : "StructureDefinition/device-reference"
      },
      "name" : "Device Reference",
      "description" : "Extension to reference devices in a HealthcareService",
      "exampleBoolean" : false
    },
    {
      "extension" : [{
        "url" : "http://hl7.org/fhir/tools/StructureDefinition/resource-information",
        "valueString" : "Observation"
      }],
      "reference" : {
        "reference" : "Observation/Example-UTN-Arterieller-Blutdruck"
      },
      "name" : "Example UTN Arterieller Blutdruck Observation",
      "description" : "Example instance for documenting arterial blood pressure observations within UTN.",
      "exampleCanonical" : "http://utn/consentresource.com/StructureDefinition/utn-observation-arterieller-blutdruck"
    },
    {
      "extension" : [{
        "url" : "http://hl7.org/fhir/tools/StructureDefinition/resource-information",
        "valueString" : "DocumentReference"
      }],
      "reference" : {
        "reference" : "DocumentReference/Example-UTN-Consent-DocumentReference-Forschungsvorhaben"
      },
      "name" : "Example-UTN-Consent-DocumentReference-Forschungsvorhaben",
      "description" : "Example of Documentreference for Forschungsvorhaben",
      "exampleCanonical" : "http://utn/consentresource.com/StructureDefinition/utn-consent-documentreference-id"
    },
    {
      "extension" : [{
        "url" : "http://hl7.org/fhir/tools/StructureDefinition/resource-information",
        "valueString" : "DocumentReference"
      }],
      "reference" : {
        "reference" : "DocumentReference/Example-UTN-Consent-DocumentReference-Videosprechstunde"
      },
      "name" : "Example-UTN-Consent-DocumentReference-Videosprechstunde",
      "description" : "Example of Documentreference for Videosprechstunde",
      "exampleCanonical" : "http://utn/consentresource.com/StructureDefinition/utn-consent-documentreference-id"
    },
    {
      "extension" : [{
        "url" : "http://hl7.org/fhir/tools/StructureDefinition/resource-information",
        "valueString" : "Consent"
      }],
      "reference" : {
        "reference" : "Consent/Example-UTN-Consent-Forschungsvorhaben"
      },
      "name" : "Example-UTN-Consent-Forschungsvorhaben",
      "description" : "This example shows how the 'Forschungsvorhaben Consent form' should be strucutured",
      "exampleCanonical" : "http://utn/consentresource.com/StructureDefinition/utn-consent-id"
    },
    {
      "extension" : [{
        "url" : "http://hl7.org/fhir/tools/StructureDefinition/resource-information",
        "valueString" : "Provenance"
      }],
      "reference" : {
        "reference" : "Provenance/Example-UTN-Consent-Provenance-Forschungsvorhaben"
      },
      "name" : "Example-UTN-Consent-Provenance-Forschungsvorhaben",
      "description" : "Example of Provenance for Forschungsvorhaben",
      "exampleCanonical" : "http://utn/consentresource.com/StructureDefinition/consent-management-provenance"
    },
    {
      "extension" : [{
        "url" : "http://hl7.org/fhir/tools/StructureDefinition/resource-information",
        "valueString" : "Provenance"
      }],
      "reference" : {
        "reference" : "Provenance/Example-UTN-Consent-Provenance-Videosprechstunde"
      },
      "name" : "Example-UTN-Consent-Provenance-Videosprechstunde",
      "description" : "Example of Provenance for Videosprechstunde",
      "exampleCanonical" : "http://utn/consentresource.com/StructureDefinition/consent-management-provenance"
    },
    {
      "extension" : [{
        "url" : "http://hl7.org/fhir/tools/StructureDefinition/resource-information",
        "valueString" : "Consent"
      }],
      "reference" : {
        "reference" : "Consent/Example-UTN-Consent-Videosprechstunde"
      },
      "name" : "Example-UTN-Consent-Videosprechstunde",
      "description" : "This example shows how the 'Videosprechstunde Consent form' should be strucutured",
      "exampleCanonical" : "http://utn/consentresource.com/StructureDefinition/utn-consent-id"
    },
    {
      "extension" : [{
        "url" : "http://hl7.org/fhir/tools/StructureDefinition/resource-information",
        "valueString" : "DiagnosticReport"
      }],
      "reference" : {
        "reference" : "DiagnosticReport/Example-UTN-DiagnosticReport"
      },
      "name" : "Example-UTN-DiagnosticReport",
      "description" : "Example instance of UTN Diagnostic Report",
      "exampleCanonical" : "http://utn/consentresource.com/StructureDefinition/utn-diagnostik-report"
    },
    {
      "extension" : [{
        "url" : "http://hl7.org/fhir/tools/StructureDefinition/resource-information",
        "valueString" : "Patient"
      }],
      "reference" : {
        "reference" : "Patient/consent-management-patient"
      },
      "name" : "Example-UTN-Patient",
      "description" : "Example UTN Patient",
      "exampleCanonical" : "http://utn/consentresource.com/StructureDefinition/consent-management-patient"
    },
    {
      "extension" : [{
        "url" : "http://hl7.org/fhir/tools/StructureDefinition/resource-information",
        "valueString" : "Observation"
      }],
      "reference" : {
        "reference" : "Observation/Example-UTNAtemfrequenz"
      },
      "name" : "Example-UTNAtemfrequenz",
      "description" : "An example Observation for respiratory rate using Atemfrequenz profile.",
      "exampleCanonical" : "http://utn/consentresource.com/StructureDefinition/utn-isik-atemfrequenz"
    },
    {
      "extension" : [{
        "url" : "http://hl7.org/fhir/tools/StructureDefinition/resource-information",
        "valueString" : "Observation"
      }],
      "reference" : {
        "reference" : "Observation/Example-UTNHerzfrequenz"
      },
      "name" : "Example-UTNHerzfrequenz",
      "description" : "An example Observation for heart rate.",
      "exampleCanonical" : "http://utn/consentresource.com/StructureDefinition/isik-herzfrequenz"
    },
    {
      "extension" : [{
        "url" : "http://hl7.org/fhir/tools/StructureDefinition/resource-information",
        "valueString" : "Observation"
      }],
      "reference" : {
        "reference" : "Observation/Example-UTNKoerpergewicht"
      },
      "name" : "Example-UTNKoerpergewicht",
      "description" : "An example Observation for Body Weight.",
      "exampleCanonical" : "http://utn/consentresource.com/StructureDefinition/isik-koerpergewicht"
    },
    {
      "extension" : [{
        "url" : "http://hl7.org/fhir/tools/StructureDefinition/resource-information",
        "valueString" : "Observation"
      }],
      "reference" : {
        "reference" : "Observation/Example-UTNKoerpertemperatur"
      },
      "name" : "Example-UTNKoerpertemperatur",
      "description" : "An example Observation for Body Temperature.",
      "exampleCanonical" : "http://utn/consentresource.com/StructureDefinition/isik-koerpertemperatur"
    },
    {
      "extension" : [{
        "url" : "http://hl7.org/fhir/tools/StructureDefinition/resource-information",
        "valueString" : "Observation"
      }],
      "reference" : {
        "reference" : "Observation/Example-UTNKreatinin"
      },
      "name" : "Example-UTNKreatinin",
      "description" : "An example Observation for Creatinin.",
      "exampleCanonical" : "http://utn/consentresource.com/StructureDefinition/mii-kreatinin"
    },
    {
      "extension" : [{
        "url" : "http://hl7.org/fhir/tools/StructureDefinition/resource-information",
        "valueString" : "Practitioner"
      }],
      "reference" : {
        "reference" : "Practitioner/Example-UTNPractitioner"
      },
      "name" : "Example-UTNPractitioner",
      "description" : "Example UTN Practitioner",
      "exampleCanonical" : "http://utn/consentresource.com/StructureDefinition/KBV-PR-Base-Practitioner"
    },
    {
      "extension" : [{
        "url" : "http://hl7.org/fhir/tools/StructureDefinition/resource-information",
        "valueString" : "PractitionerRole"
      }],
      "reference" : {
        "reference" : "PractitionerRole/Example-UTNPractitionerRole"
      },
      "name" : "Example-UTNPractitionerRole",
      "description" : "Example UTN PractitionerRole",
      "exampleCanonical" : "http://utn/consentresource.com/StructureDefinition/utn-PR-Base-PractitionerRole"
    },
    {
      "extension" : [{
        "url" : "http://hl7.org/fhir/tools/StructureDefinition/resource-information",
        "valueString" : "Device"
      }],
      "reference" : {
        "reference" : "Device/phone-1"
      },
      "name" : "Phone Device",
      "description" : "A smartphone used for teleconsultation",
      "exampleBoolean" : true
    },
    {
      "extension" : [{
        "url" : "http://hl7.org/fhir/tools/StructureDefinition/resource-information",
        "valueString" : "HealthcareService"
      }],
      "reference" : {
        "reference" : "HealthcareService/teleconsultation-service-1"
      },
      "name" : "Teleconsultation Service",
      "description" : "A teleconsultation service provided by Example Hospital",
      "exampleCanonical" : "http://utn/consentresource.com/StructureDefinition/healthcare-service-with-devices"
    },
    {
      "extension" : [{
        "url" : "http://hl7.org/fhir/tools/StructureDefinition/resource-information",
        "valueString" : "StructureDefinition:resource"
      }],
      "reference" : {
        "reference" : "StructureDefinition/utn-consent-documentreference-id"
      },
      "name" : "UTN Consent Document Reference",
      "description" : "This is the Document Reference profile for the consent profile of the Forschungsvorhaben and Videosprechstunde",
      "exampleBoolean" : false
    },
    {
      "extension" : [{
        "url" : "http://hl7.org/fhir/tools/StructureDefinition/resource-information",
        "valueString" : "StructureDefinition:resource"
      }],
      "reference" : {
        "reference" : "StructureDefinition/utn-consent-id"
      },
      "name" : "UTN Consent Forschungsvorhaben and Videosprechstunde",
      "description" : "This is the consent profile for the research project and the video consultation",
      "exampleBoolean" : false
    },
    {
      "extension" : [{
        "url" : "http://hl7.org/fhir/tools/StructureDefinition/resource-information",
        "valueString" : "StructureDefinition:resource"
      }],
      "reference" : {
        "reference" : "StructureDefinition/consent-management-provenance"
      },
      "name" : "UTN Consent Management Provenance",
      "description" : "This is the consent management provenance profile for the consent profile of the Forschungsvorhaben and Videosprechstunde",
      "exampleBoolean" : false
    },
    {
      "extension" : [{
        "url" : "http://hl7.org/fhir/tools/StructureDefinition/resource-information",
        "valueString" : "StructureDefinition:resource"
      }],
      "reference" : {
        "reference" : "StructureDefinition/profile-consent-management-questionnaireresponse"
      },
      "name" : "UTN Consent Management QuestionnaireResponse",
      "description" : "The completed questionnaire.",
      "exampleBoolean" : false
    },
    {
      "extension" : [{
        "url" : "http://hl7.org/fhir/tools/StructureDefinition/resource-information",
        "valueString" : "StructureDefinition:resource"
      }],
      "reference" : {
        "reference" : "StructureDefinition/healthcare-service-with-devices"
      },
      "name" : "UTN Healthcare Service with Devices",
      "description" : "A profile for HealthcareService to include references to non-medical devices used in teleconsultation.",
      "exampleBoolean" : false
    },
    {
      "extension" : [{
        "url" : "http://hl7.org/fhir/tools/StructureDefinition/resource-information",
        "valueString" : "StructureDefinition:resource"
      }],
      "reference" : {
        "reference" : "StructureDefinition/mii-kreatinin"
      },
      "name" : "UTN Laboruntersuchung-Kreatinin",
      "description" : "Profile for documenting Creatinin within UTN.",
      "exampleBoolean" : false
    },
    {
      "extension" : [{
        "url" : "http://hl7.org/fhir/tools/StructureDefinition/resource-information",
        "valueString" : "StructureDefinition:resource"
      }],
      "reference" : {
        "reference" : "StructureDefinition/utn-observation-arterieller-blutdruck"
      },
      "name" : "UTN Observation Arterieller Blutdruck",
      "description" : "Profile for documenting arterial blood pressure observations within UTN.",
      "exampleBoolean" : false
    },
    {
      "extension" : [{
        "url" : "http://hl7.org/fhir/tools/StructureDefinition/resource-information",
        "valueString" : "StructureDefinition:resource"
      }],
      "reference" : {
        "reference" : "StructureDefinition/utn-isik-atemfrequenz"
      },
      "name" : "UTN Observation Atemfrequenz Profile",
      "description" : "Profile for documenting Atemfrequenz observations within UTN.",
      "exampleBoolean" : false
    },
    {
      "extension" : [{
        "url" : "http://hl7.org/fhir/tools/StructureDefinition/resource-information",
        "valueString" : "StructureDefinition:resource"
      }],
      "reference" : {
        "reference" : "StructureDefinition/isik-herzfrequenz"
      },
      "name" : "UTN Observation Heart rate Profile",
      "description" : "Profile for documenting Herzfrequenz observations within UTN.",
      "exampleBoolean" : false
    },
    {
      "extension" : [{
        "url" : "http://hl7.org/fhir/tools/StructureDefinition/resource-information",
        "valueString" : "StructureDefinition:resource"
      }],
      "reference" : {
        "reference" : "StructureDefinition/isik-koerpergewicht"
      },
      "name" : "UTN Observation Koerpergewicht Profile",
      "description" : "Profile for documenting Koerpergewicht observations within UTN.",
      "exampleBoolean" : false
    },
    {
      "extension" : [{
        "url" : "http://hl7.org/fhir/tools/StructureDefinition/resource-information",
        "valueString" : "StructureDefinition:resource"
      }],
      "reference" : {
        "reference" : "StructureDefinition/isik-koerpertemperatur"
      },
      "name" : "UTN Observation Koerpertemperatur Profile",
      "description" : "Profile for documenting Koerpertemperatur observations within UTN.",
      "exampleBoolean" : false
    },
    {
      "extension" : [{
        "url" : "http://hl7.org/fhir/tools/StructureDefinition/resource-information",
        "valueString" : "StructureDefinition:resource"
      }],
      "reference" : {
        "reference" : "StructureDefinition/consent-management-patient"
      },
      "name" : "UTN Patient",
      "description" : "The profile of the UTN Patient",
      "exampleBoolean" : false
    },
    {
      "extension" : [{
        "url" : "http://hl7.org/fhir/tools/StructureDefinition/resource-information",
        "valueString" : "StructureDefinition:resource"
      }],
      "reference" : {
        "reference" : "StructureDefinition/KBV-PR-Base-Practitioner"
      },
      "name" : "UTN Practitioner",
      "description" : "The profile of the UTN Practitoner",
      "exampleBoolean" : false
    },
    {
      "extension" : [{
        "url" : "http://hl7.org/fhir/tools/StructureDefinition/resource-information",
        "valueString" : "StructureDefinition:resource"
      }],
      "reference" : {
        "reference" : "StructureDefinition/utn-PR-Base-PractitionerRole"
      },
      "name" : "UTN Practitioner Role",
      "description" : "The profile of the UTN Practitoner Role",
      "exampleBoolean" : false
    },
    {
      "extension" : [{
        "url" : "http://hl7.org/fhir/tools/StructureDefinition/resource-information",
        "valueString" : "StructureDefinition:resource"
      }],
      "reference" : {
        "reference" : "StructureDefinition/utn-diagnostik-report"
      },
      "name" : "UTNDiagnostikReport",
      "description" : "This is the Diagnostic Report of the UTN Patient",
      "exampleBoolean" : false
    },
    {
      "extension" : [{
        "url" : "http://hl7.org/fhir/tools/StructureDefinition/resource-information",
        "valueString" : "Location"
      }],
      "reference" : {
        "reference" : "Location/UTNLocation"
      },
      "name" : "UTNLocation",
      "description" : "Example location for UTN",
      "exampleBoolean" : true
    }],
    "page" : {
      "extension" : [{
        "url" : "http://hl7.org/fhir/tools/StructureDefinition/ig-page-name",
        "valueUrl" : "toc.html"
      }],
      "nameUrl" : "toc.html",
      "title" : "Table of Contents",
      "generation" : "html",
      "page" : [{
        "extension" : [{
          "url" : "http://hl7.org/fhir/tools/StructureDefinition/ig-page-name",
          "valueUrl" : "index.html"
        }],
        "nameUrl" : "index.html",
        "title" : "Home",
        "generation" : "markdown"
      },
      {
        "extension" : [{
          "url" : "http://hl7.org/fhir/tools/StructureDefinition/ig-page-name",
          "valueUrl" : "the_specification.html"
        }],
        "nameUrl" : "the_specification.html",
        "title" : "Specification",
        "generation" : "markdown"
      },
      {
        "extension" : [{
          "url" : "http://hl7.org/fhir/tools/StructureDefinition/ig-page-name",
          "valueUrl" : "meta_instances.html"
        }],
        "nameUrl" : "meta_instances.html",
        "title" : "Meta Profiles",
        "generation" : "markdown"
      },
      {
        "extension" : [{
          "url" : "http://hl7.org/fhir/tools/StructureDefinition/ig-page-name",
          "valueUrl" : "consent_instances.html"
        }],
        "nameUrl" : "consent_instances.html",
        "title" : "Consent Profiles",
        "generation" : "markdown"
      },
      {
        "extension" : [{
          "url" : "http://hl7.org/fhir/tools/StructureDefinition/ig-page-name",
          "valueUrl" : "observation_instances.html"
        }],
        "nameUrl" : "observation_instances.html",
        "title" : "Observation Profiles",
        "generation" : "markdown"
      },
      {
        "extension" : [{
          "url" : "http://hl7.org/fhir/tools/StructureDefinition/ig-page-name",
          "valueUrl" : "scenario_consent.html"
        }],
        "nameUrl" : "scenario_consent.html",
        "title" : "Scenario Consent",
        "generation" : "markdown"
      },
      {
        "extension" : [{
          "url" : "http://hl7.org/fhir/tools/StructureDefinition/ig-page-name",
          "valueUrl" : "scenario_icu.html"
        }],
        "nameUrl" : "scenario_icu.html",
        "title" : "Scenario ICU",
        "generation" : "markdown"
      },
      {
        "extension" : [{
          "url" : "http://hl7.org/fhir/tools/StructureDefinition/ig-page-name",
          "valueUrl" : "scenario_teleconsultation.html"
        }],
        "nameUrl" : "scenario_teleconsultation.html",
        "title" : "Scenario Teleconsultation",
        "generation" : "markdown"
      }]
    },
    "parameter" : [{
      "code" : "path-resource",
      "value" : "input/capabilities"
    },
    {
      "code" : "path-resource",
      "value" : "input/examples"
    },
    {
      "code" : "path-resource",
      "value" : "input/extensions"
    },
    {
      "code" : "path-resource",
      "value" : "input/models"
    },
    {
      "code" : "path-resource",
      "value" : "input/operations"
    },
    {
      "code" : "path-resource",
      "value" : "input/profiles"
    },
    {
      "code" : "path-resource",
      "value" : "input/resources"
    },
    {
      "code" : "path-resource",
      "value" : "input/vocabulary"
    },
    {
      "code" : "path-resource",
      "value" : "input/maps"
    },
    {
      "code" : "path-resource",
      "value" : "input/testing"
    },
    {
      "code" : "path-resource",
      "value" : "input/history"
    },
    {
      "code" : "path-resource",
      "value" : "fsh-generated/resources"
    },
    {
      "code" : "path-pages",
      "value" : "template/config"
    },
    {
      "code" : "path-pages",
      "value" : "input/images"
    },
    {
      "code" : "path-tx-cache",
      "value" : "input-cache/txcache"
    }]
  }
}