<?xml version="1.0" encoding="UTF-8"?>

<ImplementationGuide xmlns="http://hl7.org/fhir">
  <id value="consent.id"/>
  <text>
    <status value="generated"/><div xmlns="http://www.w3.org/1999/xhtml"><p class="res-header-id"><b>Generated Narrative: ImplementationGuide consent.id</b></p><a name="consent.id"> </a><a name="hcconsent.id"> </a><a name="consent.id-en-US"> </a><h2>UTNConsentResource</h2><p>The official URL for this implementation guide is: </p><pre>http://utn/consentresource.com/ImplementationGuide/consent.id</pre></div>
  </text>
  <url value="http://utn/consentresource.com/ImplementationGuide/consent.id"/>
  <version value="0.1.0"/>
  <name value="UTNConsentResource"/>
  <title value="University Telemedicine Network (UTN) FHIR Implementation Guide"/>
  <status value="draft"/>
  <date value="2025-06-12T14:08:24+02:00"/>
  <publisher value="BIH-CEI"/>
  <contact>
    <name value="BIH-CEI"/>
    <telecom>
      <system value="url"/>
      <value value="http://utn/consentresource.com"/>
    </telecom>
  </contact>
  <packageId value="consent.id"/>
  <license value="CC0-1.0"/>
  <fhirVersion value="4.0.1"/>
  <dependsOn id="hl7tx">
    <extension url="http://hl7.org/fhir/tools/StructureDefinition/implementationguide-dependency-comment">
      <valueMarkdown value="Automatically added as a dependency - all IGs depend on HL7 Terminology"/>
    </extension>
    <uri value="http://terminology.hl7.org/ImplementationGuide/hl7.terminology"/>
    <packageId value="hl7.terminology.r4"/>
    <version value="6.4.0"/>
  </dependsOn>
  <dependsOn id="hl7ext">
    <extension url="http://hl7.org/fhir/tools/StructureDefinition/implementationguide-dependency-comment">
      <valueMarkdown value="Automatically added as a dependency - all IGs depend on the HL7 Extension Pack"/>
    </extension>
    <uri value="http://hl7.org/fhir/extensions/ImplementationGuide/hl7.fhir.uv.extensions"/>
    <packageId value="hl7.fhir.uv.extensions.r4"/>
    <version value="5.2.0"/>
  </dependsOn>
  <dependsOn id="hl7_fhir_us_core">
    <uri value="http://hl7.org/fhir/us/core/ImplementationGuide/hl7.fhir.us.core"/>
    <packageId value="hl7.fhir.us.core"/>
    <version value="3.1.0"/>
  </dependsOn>
  <dependsOn id="mcode">
    <uri value="http://hl7.org/fhir/us/mcode/ImplementationGuide/hl7.fhir.us.mcode"/>
    <packageId value="hl7.fhir.us.mcode"/>
    <version value="1.0.0"/>
  </dependsOn>
  <dependsOn id="de_medizininformatikinitiative_kerndatensatz_consent">
    <uri value="de.medizininformatikinitiative.kerndatensatz.consent"/>
    <packageId value="de.medizininformatikinitiative.kerndatensatz.consent"/>
    <version value="1.0.7"/>
  </dependsOn>
  <dependsOn id="de_einwilligungsmanagement">
    <uri value="de.einwilligungsmanagement"/>
    <packageId value="de.einwilligungsmanagement"/>
    <version value="1.0.1"/>
  </dependsOn>
  <dependsOn id="de_medizininformatikinitiative_kerndatensatz_icu">
    <uri value="de.medizininformatikinitiative.kerndatensatz.icu"/>
    <packageId value="de.medizininformatikinitiative.kerndatensatz.icu"/>
    <version value="2025.0.2"/>
  </dependsOn>
  <dependsOn id="de_medizininformatikinitiative_kerndatensatz_laborbefund">
    <uri value="de.medizininformatikinitiative.kerndatensatz.laborbefund"/>
    <packageId value="de.medizininformatikinitiative.kerndatensatz.laborbefund"/>
    <version value="2025.0.2"/>
  </dependsOn>
  <dependsOn id="de_gematik_isik_vitalparameter">
    <uri value="de.gematik.isik-vitalparameter"/>
    <packageId value="de.gematik.isik-vitalparameter"/>
    <version value="4.0.0"/>
  </dependsOn>
  <dependsOn id="de_gematik_isik_basismodul">
    <uri value="de.gematik.isik-basismodul"/>
    <packageId value="de.gematik.isik-basismodul"/>
    <version value="4.0.3"/>
  </dependsOn>
  <dependsOn id="kbv_basis">
    <uri value="kbv.basis"/>
    <packageId value="kbv.basis"/>
    <version value="1.7.0"/>
  </dependsOn>
  <dependsOn id="de_medizininformatikinitiative_kerndatensatz_fall">
    <uri value="de.medizininformatikinitiative.kerndatensatz.fall"/>
    <packageId value="de.medizininformatikinitiative.kerndatensatz.fall"/>
    <version value="2025.0.0"/>
  </dependsOn>
  <dependsOn id="de_medizininformatikinitiative_kerndatensatz_medikation">
    <uri value="de.medizininformatikinitiative.kerndatensatz.medikation"/>
    <packageId value="de.medizininformatikinitiative.kerndatensatz.medikation"/>
    <version value="2025.0.0"/>
  </dependsOn>
  <definition>
    <extension url="http://hl7.org/fhir/tools/StructureDefinition/ig-parameter">
      <extension url="code">
        <valueString value="copyrightyear"/>
      </extension>
      <extension url="value">
        <valueString value="2024+"/>
      </extension>
    </extension>
    <extension url="http://hl7.org/fhir/tools/StructureDefinition/ig-parameter">
      <extension url="code">
        <valueString value="releaselabel"/>
      </extension>
      <extension url="value">
        <valueString value="ci-build"/>
      </extension>
    </extension>
    <extension url="http://hl7.org/fhir/tools/StructureDefinition/ig-parameter">
      <extension url="code">
        <valueString value="autoload-resources"/>
      </extension>
      <extension url="value">
        <valueString value="true"/>
      </extension>
    </extension>
    <extension url="http://hl7.org/fhir/tools/StructureDefinition/ig-parameter">
      <extension url="code">
        <valueString value="path-liquid"/>
      </extension>
      <extension url="value">
        <valueString value="template/liquid"/>
      </extension>
    </extension>
    <extension url="http://hl7.org/fhir/tools/StructureDefinition/ig-parameter">
      <extension url="code">
        <valueString value="path-liquid"/>
      </extension>
      <extension url="value">
        <valueString value="input/liquid"/>
      </extension>
    </extension>
    <extension url="http://hl7.org/fhir/tools/StructureDefinition/ig-parameter">
      <extension url="code">
        <valueString value="path-qa"/>
      </extension>
      <extension url="value">
        <valueString value="temp/qa"/>
      </extension>
    </extension>
    <extension url="http://hl7.org/fhir/tools/StructureDefinition/ig-parameter">
      <extension url="code">
        <valueString value="path-temp"/>
      </extension>
      <extension url="value">
        <valueString value="temp/pages"/>
      </extension>
    </extension>
    <extension url="http://hl7.org/fhir/tools/StructureDefinition/ig-parameter">
      <extension url="code">
        <valueString value="path-output"/>
      </extension>
      <extension url="value">
        <valueString value="output"/>
      </extension>
    </extension>
    <extension url="http://hl7.org/fhir/tools/StructureDefinition/ig-parameter">
      <extension url="code">
        <valueString value="path-suppressed-warnings"/>
      </extension>
      <extension url="value">
        <valueString value="input/ignoreWarnings.txt"/>
      </extension>
    </extension>
    <extension url="http://hl7.org/fhir/tools/StructureDefinition/ig-parameter">
      <extension url="code">
        <valueString value="path-history"/>
      </extension>
      <extension url="value">
        <valueString value="http://utn/consentresource.com/history.html"/>
      </extension>
    </extension>
    <extension url="http://hl7.org/fhir/tools/StructureDefinition/ig-parameter">
      <extension url="code">
        <valueString value="template-html"/>
      </extension>
      <extension url="value">
        <valueString value="template-page.html"/>
      </extension>
    </extension>
    <extension url="http://hl7.org/fhir/tools/StructureDefinition/ig-parameter">
      <extension url="code">
        <valueString value="template-md"/>
      </extension>
      <extension url="value">
        <valueString value="template-page-md.html"/>
      </extension>
    </extension>
    <extension url="http://hl7.org/fhir/tools/StructureDefinition/ig-parameter">
      <extension url="code">
        <valueString value="apply-contact"/>
      </extension>
      <extension url="value">
        <valueString value="true"/>
      </extension>
    </extension>
    <extension url="http://hl7.org/fhir/tools/StructureDefinition/ig-parameter">
      <extension url="code">
        <valueString value="apply-context"/>
      </extension>
      <extension url="value">
        <valueString value="true"/>
      </extension>
    </extension>
    <extension url="http://hl7.org/fhir/tools/StructureDefinition/ig-parameter">
      <extension url="code">
        <valueString value="apply-copyright"/>
      </extension>
      <extension url="value">
        <valueString value="true"/>
      </extension>
    </extension>
    <extension url="http://hl7.org/fhir/tools/StructureDefinition/ig-parameter">
      <extension url="code">
        <valueString value="apply-jurisdiction"/>
      </extension>
      <extension url="value">
        <valueString value="true"/>
      </extension>
    </extension>
    <extension url="http://hl7.org/fhir/tools/StructureDefinition/ig-parameter">
      <extension url="code">
        <valueString value="apply-license"/>
      </extension>
      <extension url="value">
        <valueString value="true"/>
      </extension>
    </extension>
    <extension url="http://hl7.org/fhir/tools/StructureDefinition/ig-parameter">
      <extension url="code">
        <valueString value="apply-publisher"/>
      </extension>
      <extension url="value">
        <valueString value="true"/>
      </extension>
    </extension>
    <extension url="http://hl7.org/fhir/tools/StructureDefinition/ig-parameter">
      <extension url="code">
        <valueString value="apply-version"/>
      </extension>
      <extension url="value">
        <valueString value="true"/>
      </extension>
    </extension>
    <extension url="http://hl7.org/fhir/tools/StructureDefinition/ig-parameter">
      <extension url="code">
        <valueString value="apply-wg"/>
      </extension>
      <extension url="value">
        <valueString value="true"/>
      </extension>
    </extension>
    <extension url="http://hl7.org/fhir/tools/StructureDefinition/ig-parameter">
      <extension url="code">
        <valueString value="active-tables"/>
      </extension>
      <extension url="value">
        <valueString value="true"/>
      </extension>
    </extension>
    <extension url="http://hl7.org/fhir/tools/StructureDefinition/ig-parameter">
      <extension url="code">
        <valueString value="fmm-definition"/>
      </extension>
      <extension url="value">
        <valueString value="http://hl7.org/fhir/versions.html#maturity"/>
      </extension>
    </extension>
    <extension url="http://hl7.org/fhir/tools/StructureDefinition/ig-parameter">
      <extension url="code">
        <valueString value="propagate-status"/>
      </extension>
      <extension url="value">
        <valueString value="true"/>
      </extension>
    </extension>
    <extension url="http://hl7.org/fhir/tools/StructureDefinition/ig-parameter">
      <extension url="code">
        <valueString value="excludelogbinaryformat"/>
      </extension>
      <extension url="value">
        <valueString value="true"/>
      </extension>
    </extension>
    <extension url="http://hl7.org/fhir/tools/StructureDefinition/ig-parameter">
      <extension url="code">
        <valueString value="tabbed-snapshots"/>
      </extension>
      <extension url="value">
        <valueString value="true"/>
      </extension>
    </extension>
    <extension url="http://hl7.org/fhir/tools/StructureDefinition/ig-internal-dependency">
      <valueCode value="hl7.fhir.uv.tools.r4#0.5.0"/>
    </extension>
    <extension url="http://hl7.org/fhir/tools/StructureDefinition/ig-parameter">
      <extension url="code">
        <valueCode value="copyrightyear"/>
      </extension>
      <extension url="value">
        <valueString value="2024+"/>
      </extension>
    </extension>
    <extension url="http://hl7.org/fhir/tools/StructureDefinition/ig-parameter">
      <extension url="code">
        <valueCode value="releaselabel"/>
      </extension>
      <extension url="value">
        <valueString value="ci-build"/>
      </extension>
    </extension>
    <extension url="http://hl7.org/fhir/tools/StructureDefinition/ig-parameter">
      <extension url="code">
        <valueCode value="autoload-resources"/>
      </extension>
      <extension url="value">
        <valueString value="true"/>
      </extension>
    </extension>
    <extension url="http://hl7.org/fhir/tools/StructureDefinition/ig-parameter">
      <extension url="code">
        <valueCode value="path-liquid"/>
      </extension>
      <extension url="value">
        <valueString value="template/liquid"/>
      </extension>
    </extension>
    <extension url="http://hl7.org/fhir/tools/StructureDefinition/ig-parameter">
      <extension url="code">
        <valueCode value="path-liquid"/>
      </extension>
      <extension url="value">
        <valueString value="input/liquid"/>
      </extension>
    </extension>
    <extension url="http://hl7.org/fhir/tools/StructureDefinition/ig-parameter">
      <extension url="code">
        <valueCode value="path-qa"/>
      </extension>
      <extension url="value">
        <valueString value="temp/qa"/>
      </extension>
    </extension>
    <extension url="http://hl7.org/fhir/tools/StructureDefinition/ig-parameter">
      <extension url="code">
        <valueCode value="path-temp"/>
      </extension>
      <extension url="value">
        <valueString value="temp/pages"/>
      </extension>
    </extension>
    <extension url="http://hl7.org/fhir/tools/StructureDefinition/ig-parameter">
      <extension url="code">
        <valueCode value="path-output"/>
      </extension>
      <extension url="value">
        <valueString value="output"/>
      </extension>
    </extension>
    <extension url="http://hl7.org/fhir/tools/StructureDefinition/ig-parameter">
      <extension url="code">
        <valueCode value="path-suppressed-warnings"/>
      </extension>
      <extension url="value">
        <valueString value="input/ignoreWarnings.txt"/>
      </extension>
    </extension>
    <extension url="http://hl7.org/fhir/tools/StructureDefinition/ig-parameter">
      <extension url="code">
        <valueCode value="path-history"/>
      </extension>
      <extension url="value">
        <valueString value="http://utn/consentresource.com/history.html"/>
      </extension>
    </extension>
    <extension url="http://hl7.org/fhir/tools/StructureDefinition/ig-parameter">
      <extension url="code">
        <valueCode value="template-html"/>
      </extension>
      <extension url="value">
        <valueString value="template-page.html"/>
      </extension>
    </extension>
    <extension url="http://hl7.org/fhir/tools/StructureDefinition/ig-parameter">
      <extension url="code">
        <valueCode value="template-md"/>
      </extension>
      <extension url="value">
        <valueString value="template-page-md.html"/>
      </extension>
    </extension>
    <extension url="http://hl7.org/fhir/tools/StructureDefinition/ig-parameter">
      <extension url="code">
        <valueCode value="apply-contact"/>
      </extension>
      <extension url="value">
        <valueString value="true"/>
      </extension>
    </extension>
    <extension url="http://hl7.org/fhir/tools/StructureDefinition/ig-parameter">
      <extension url="code">
        <valueCode value="apply-context"/>
      </extension>
      <extension url="value">
        <valueString value="true"/>
      </extension>
    </extension>
    <extension url="http://hl7.org/fhir/tools/StructureDefinition/ig-parameter">
      <extension url="code">
        <valueCode value="apply-copyright"/>
      </extension>
      <extension url="value">
        <valueString value="true"/>
      </extension>
    </extension>
    <extension url="http://hl7.org/fhir/tools/StructureDefinition/ig-parameter">
      <extension url="code">
        <valueCode value="apply-jurisdiction"/>
      </extension>
      <extension url="value">
        <valueString value="true"/>
      </extension>
    </extension>
    <extension url="http://hl7.org/fhir/tools/StructureDefinition/ig-parameter">
      <extension url="code">
        <valueCode value="apply-license"/>
      </extension>
      <extension url="value">
        <valueString value="true"/>
      </extension>
    </extension>
    <extension url="http://hl7.org/fhir/tools/StructureDefinition/ig-parameter">
      <extension url="code">
        <valueCode value="apply-publisher"/>
      </extension>
      <extension url="value">
        <valueString value="true"/>
      </extension>
    </extension>
    <extension url="http://hl7.org/fhir/tools/StructureDefinition/ig-parameter">
      <extension url="code">
        <valueCode value="apply-version"/>
      </extension>
      <extension url="value">
        <valueString value="true"/>
      </extension>
    </extension>
    <extension url="http://hl7.org/fhir/tools/StructureDefinition/ig-parameter">
      <extension url="code">
        <valueCode value="apply-wg"/>
      </extension>
      <extension url="value">
        <valueString value="true"/>
      </extension>
    </extension>
    <extension url="http://hl7.org/fhir/tools/StructureDefinition/ig-parameter">
      <extension url="code">
        <valueCode value="active-tables"/>
      </extension>
      <extension url="value">
        <valueString value="true"/>
      </extension>
    </extension>
    <extension url="http://hl7.org/fhir/tools/StructureDefinition/ig-parameter">
      <extension url="code">
        <valueCode value="fmm-definition"/>
      </extension>
      <extension url="value">
        <valueString value="http://hl7.org/fhir/versions.html#maturity"/>
      </extension>
    </extension>
    <extension url="http://hl7.org/fhir/tools/StructureDefinition/ig-parameter">
      <extension url="code">
        <valueCode value="propagate-status"/>
      </extension>
      <extension url="value">
        <valueString value="true"/>
      </extension>
    </extension>
    <extension url="http://hl7.org/fhir/tools/StructureDefinition/ig-parameter">
      <extension url="code">
        <valueCode value="excludelogbinaryformat"/>
      </extension>
      <extension url="value">
        <valueString value="true"/>
      </extension>
    </extension>
    <extension url="http://hl7.org/fhir/tools/StructureDefinition/ig-parameter">
      <extension url="code">
        <valueCode value="tabbed-snapshots"/>
      </extension>
      <extension url="value">
        <valueString value="true"/>
      </extension>
    </extension>
    <resource>
      <extension url="http://hl7.org/fhir/tools/StructureDefinition/resource-information">
        <valueString value="AllergyIntolerance"/>
      </extension>
      <reference>
        <reference value="AllergyIntolerance/Example-UTN-AllergyIntolerance"/>
      </reference>
      <name value="Allergies of the Patient"/>
      <description value="Indicates that the patient has no known allergies."/>
      <exampleBoolean value="true"/>
    </resource>
    <resource>
      <extension url="http://hl7.org/fhir/tools/StructureDefinition/resource-information">
        <valueString value="StructureDefinition:extension"/>
      </extension>
      <reference>
        <reference value="StructureDefinition/composition-basedon-servicerequest"/>
      </reference>
      <name value="Composition BasedOn ServiceRequest"/>
      <description value="Links a Composition to the ServiceRequest it is based on."/>
      <exampleBoolean value="false"/>
    </resource>
    <resource>
      <extension url="http://hl7.org/fhir/tools/StructureDefinition/resource-information">
        <valueString value="Encounter"/>
      </extension>
      <reference>
        <reference value="Encounter/Example-UTN-Encounter-PTtoPR"/>
      </reference>
      <name value="Encounter 1"/>
      <description value="Encounter which is between patient to practitioner"/>
      <exampleCanonical value="http://utn/consentresource.com/StructureDefinition/utn-encounter"/>
    </resource>
    <resource>
      <extension url="http://hl7.org/fhir/tools/StructureDefinition/resource-information">
        <valueString value="Encounter"/>
      </extension>
      <reference>
        <reference value="Encounter/Example-UTN-Encounter-PRtoPR"/>
      </reference>
      <name value="Encounter 2"/>
      <description value="Encounter which is between practitioner to practitioner"/>
      <exampleCanonical value="http://utn/consentresource.com/StructureDefinition/utn-encounter"/>
    </resource>
    <resource>
      <extension url="http://hl7.org/fhir/tools/StructureDefinition/resource-information">
        <valueString value="Condition"/>
      </extension>
      <reference>
        <reference value="Condition/Example-UTN-Condition"/>
      </reference>
      <name value="Example of Hypertonus Condition"/>
      <description value="Represents a condition of systemic hypertension"/>
      <exampleBoolean value="true"/>
    </resource>
    <resource>
      <extension url="http://hl7.org/fhir/tools/StructureDefinition/resource-information">
        <valueString value="Procedure"/>
      </extension>
      <reference>
        <reference value="Procedure/Example-UTN-Invasive-Beatmung"/>
      </reference>
      <name value="Example of UTN Procedure Beatmung"/>
      <description value="Example instance of a ventilation procedure conforming to UTN_Procedure_Beatmung profile"/>
      <exampleCanonical value="http://utn/consentresource.com/StructureDefinition/utn-procedure-beatmung"/>
    </resource>
    <resource>
      <extension url="http://hl7.org/fhir/tools/StructureDefinition/resource-information">
        <valueString value="Observation"/>
      </extension>
      <reference>
        <reference value="Observation/Example-UTN-Arterieller-Blutdruck"/>
      </reference>
      <name value="Example UTN Arterieller Blutdruck Observation"/>
      <description value="Example instance for documenting arterial blood pressure observations within UTN."/>
      <exampleCanonical value="http://utn/consentresource.com/StructureDefinition/utn-observation-arterieller-blutdruck"/>
    </resource>
    <resource>
      <extension url="http://hl7.org/fhir/tools/StructureDefinition/resource-information">
        <valueString value="DocumentReference"/>
      </extension>
      <reference>
        <reference value="DocumentReference/Example-UTN-Consent-DocumentReference-Forschungsvorhaben"/>
      </reference>
      <name value="Example-UTN-Consent-DocumentReference-Forschungsvorhaben"/>
      <description value="Example of Documentreference for Forschungsvorhaben"/>
      <exampleCanonical value="http://utn/consentresource.com/StructureDefinition/utn-consent-documentreference-id"/>
    </resource>
    <resource>
      <extension url="http://hl7.org/fhir/tools/StructureDefinition/resource-information">
        <valueString value="DocumentReference"/>
      </extension>
      <reference>
        <reference value="DocumentReference/Example-UTN-Consent-DocumentReference-Videosprechstunde"/>
      </reference>
      <name value="Example-UTN-Consent-DocumentReference-Videosprechstunde"/>
      <description value="Example of Documentreference for Videosprechstunde"/>
      <exampleCanonical value="http://utn/consentresource.com/StructureDefinition/utn-consent-documentreference-id"/>
    </resource>
    <resource>
      <extension url="http://hl7.org/fhir/tools/StructureDefinition/resource-information">
        <valueString value="Consent"/>
      </extension>
      <reference>
        <reference value="Consent/Example-UTN-Consent-Forschungsvorhaben"/>
      </reference>
      <name value="Example-UTN-Consent-Forschungsvorhaben"/>
      <description value="This example shows how the 'Forschungsvorhaben Consent form' should be strucutured"/>
      <exampleCanonical value="http://utn/consentresource.com/StructureDefinition/utn-consent-id"/>
    </resource>
    <resource>
      <extension url="http://hl7.org/fhir/tools/StructureDefinition/resource-information">
        <valueString value="Provenance"/>
      </extension>
      <reference>
        <reference value="Provenance/Example-UTN-Consent-Provenance-Forschungsvorhaben"/>
      </reference>
      <name value="Example-UTN-Consent-Provenance-Forschungsvorhaben"/>
      <description value="Example of Provenance for Forschungsvorhaben"/>
      <exampleCanonical value="http://utn/consentresource.com/StructureDefinition/consent-management-provenance"/>
    </resource>
    <resource>
      <extension url="http://hl7.org/fhir/tools/StructureDefinition/resource-information">
        <valueString value="Provenance"/>
      </extension>
      <reference>
        <reference value="Provenance/Example-UTN-Consent-Provenance-Videosprechstunde"/>
      </reference>
      <name value="Example-UTN-Consent-Provenance-Videosprechstunde"/>
      <description value="Example of Provenance for Videosprechstunde"/>
      <exampleCanonical value="http://utn/consentresource.com/StructureDefinition/consent-management-provenance"/>
    </resource>
    <resource>
      <extension url="http://hl7.org/fhir/tools/StructureDefinition/resource-information">
        <valueString value="Consent"/>
      </extension>
      <reference>
        <reference value="Consent/Example-UTN-Consent-Videosprechstunde"/>
      </reference>
      <name value="Example-UTN-Consent-Videosprechstunde"/>
      <description value="This example shows how the 'Videosprechstunde Consent form' should be strucutured"/>
      <exampleCanonical value="http://utn/consentresource.com/StructureDefinition/utn-consent-id"/>
    </resource>
    <resource>
      <extension url="http://hl7.org/fhir/tools/StructureDefinition/resource-information">
        <valueString value="DiagnosticReport"/>
      </extension>
      <reference>
        <reference value="DiagnosticReport/Example-UTN-DiagnosticReport"/>
      </reference>
      <name value="Example-UTN-DiagnosticReport"/>
      <description value="Example instance of UTN Diagnostic Report"/>
      <exampleCanonical value="http://utn/consentresource.com/StructureDefinition/utn-diagnostik-report"/>
    </resource>
    <resource>
      <extension url="http://hl7.org/fhir/tools/StructureDefinition/resource-information">
        <valueString value="Observation"/>
      </extension>
      <reference>
        <reference value="Observation/Example-UTN-Koerperroesse"/>
      </reference>
      <name value="Example-UTN-Koerperroesse"/>
      <exampleBoolean value="true"/>
    </resource>
    <resource>
      <extension url="http://hl7.org/fhir/tools/StructureDefinition/resource-information">
        <valueString value="Patient"/>
      </extension>
      <reference>
        <reference value="Patient/utn-patient-1"/>
      </reference>
      <name value="Example-UTN-Patient"/>
      <description value="Example UTN Patient 1"/>
      <exampleCanonical value="http://utn/consentresource.com/StructureDefinition/utn-patient"/>
    </resource>
    <resource>
      <extension url="http://hl7.org/fhir/tools/StructureDefinition/resource-information">
        <valueString value="Patient"/>
      </extension>
      <reference>
        <reference value="Patient/utn-patient-2"/>
      </reference>
      <name value="Example-UTN-Patient-2"/>
      <description value="Example UTN Patient 2"/>
      <exampleCanonical value="http://utn/consentresource.com/StructureDefinition/utn-patient"/>
    </resource>
    <resource>
      <extension url="http://hl7.org/fhir/tools/StructureDefinition/resource-information">
        <valueString value="Practitioner"/>
      </extension>
      <reference>
        <reference value="Practitioner/Example-UTN-Practitioner-PR1"/>
      </reference>
      <name value="Example-UTN-Practitioner-PR1"/>
      <description value="Example UTN Practitioner 1"/>
      <exampleCanonical value="http://utn/consentresource.com/StructureDefinition/KBV-PR-Base-Practitioner"/>
    </resource>
    <resource>
      <extension url="http://hl7.org/fhir/tools/StructureDefinition/resource-information">
        <valueString value="Practitioner"/>
      </extension>
      <reference>
        <reference value="Practitioner/Example-UTN-Practitioner-PR2"/>
      </reference>
      <name value="Example-UTN-Practitioner-PR2"/>
      <description value="Example UTN Practitioner 2"/>
      <exampleCanonical value="http://utn/consentresource.com/StructureDefinition/KBV-PR-Base-Practitioner"/>
    </resource>
    <resource>
      <extension url="http://hl7.org/fhir/tools/StructureDefinition/resource-information">
        <valueString value="PractitionerRole"/>
      </extension>
      <reference>
        <reference value="PractitionerRole/Example-UTN-PractitionerRole-PR1"/>
      </reference>
      <name value="Example-UTN-PractitionerRole-PR1"/>
      <description value="Example UTN PractitionerRole PR1"/>
      <exampleCanonical value="http://utn/consentresource.com/StructureDefinition/utn-PR-Base-PractitionerRole"/>
    </resource>
    <resource>
      <extension url="http://hl7.org/fhir/tools/StructureDefinition/resource-information">
        <valueString value="PractitionerRole"/>
      </extension>
      <reference>
        <reference value="PractitionerRole/Example-UTN-PractitionerRole-PR2"/>
      </reference>
      <name value="Example-UTN-PractitionerRole-PR2"/>
      <description value="Example UTN PractitionerRole PR 2"/>
      <exampleCanonical value="http://utn/consentresource.com/StructureDefinition/utn-PR-Base-PractitionerRole"/>
    </resource>
    <resource>
      <extension url="http://hl7.org/fhir/tools/StructureDefinition/resource-information">
        <valueString value="Observation"/>
      </extension>
      <reference>
        <reference value="Observation/Example-UTNAtemfrequenz"/>
      </reference>
      <name value="Example-UTNAtemfrequenz"/>
      <description value="An example Observation for respiratory rate using Atemfrequenz profile."/>
      <exampleCanonical value="http://utn/consentresource.com/StructureDefinition/utn-isik-atemfrequenz"/>
    </resource>
    <resource>
      <extension url="http://hl7.org/fhir/tools/StructureDefinition/resource-information">
        <valueString value="Observation"/>
      </extension>
      <reference>
        <reference value="Observation/Example-UTNHerzfrequenz"/>
      </reference>
      <name value="Example-UTNHerzfrequenz"/>
      <description value="An example Observation for heart rate."/>
      <exampleCanonical value="http://utn/consentresource.com/StructureDefinition/isik-herzfrequenz"/>
    </resource>
    <resource>
      <extension url="http://hl7.org/fhir/tools/StructureDefinition/resource-information">
        <valueString value="Observation"/>
      </extension>
      <reference>
        <reference value="Observation/Example-UTNKoerpergewicht"/>
      </reference>
      <name value="Example-UTNKoerpergewicht"/>
      <description value="An example Observation for Body Weight."/>
      <exampleCanonical value="http://utn/consentresource.com/StructureDefinition/isik-koerpergewicht"/>
    </resource>
    <resource>
      <extension url="http://hl7.org/fhir/tools/StructureDefinition/resource-information">
        <valueString value="Observation"/>
      </extension>
      <reference>
        <reference value="Observation/Example-UTNKoerpertemperatur"/>
      </reference>
      <name value="Example-UTNKoerpertemperatur"/>
      <description value="An example Observation for Body Temperature."/>
      <exampleCanonical value="http://utn/consentresource.com/StructureDefinition/isik-koerpertemperatur"/>
    </resource>
    <resource>
      <extension url="http://hl7.org/fhir/tools/StructureDefinition/resource-information">
        <valueString value="Observation"/>
      </extension>
      <reference>
        <reference value="Observation/Example-UTNKreatinin"/>
      </reference>
      <name value="Example-UTNKreatinin"/>
      <description value="An example Observation for Creatinin."/>
      <exampleCanonical value="http://utn/consentresource.com/StructureDefinition/mii-kreatinin"/>
    </resource>
    <resource>
      <extension url="http://hl7.org/fhir/tools/StructureDefinition/resource-information">
        <valueString value="Questionnaire"/>
      </extension>
      <reference>
        <reference value="Questionnaire/GRIDHAMDQuestionnaire"/>
      </reference>
      <name value="GRID Hamilton Depression Rating Scale"/>
      <description value="A structured clinical questionnaire for assessing depression severity."/>
      <exampleBoolean value="true"/>
    </resource>
    <resource>
      <extension url="http://hl7.org/fhir/tools/StructureDefinition/resource-information">
        <valueString value="CodeSystem"/>
      </extension>
      <reference>
        <reference value="CodeSystem/gridhamd-answer-options-cs"/>
      </reference>
      <name value="GRID-HAMD Answer Options CodeSystem"/>
      <description value="CodeSystem defining codes for all answer options used in GRID-HAMD Questionnaire."/>
      <exampleBoolean value="false"/>
    </resource>
    <resource>
      <extension url="http://hl7.org/fhir/tools/StructureDefinition/resource-information">
        <valueString value="ValueSet"/>
      </extension>
      <reference>
        <reference value="ValueSet/gridhamd-answer-options-vs-q1"/>
      </reference>
      <name value="GRID-HAMD Answer Options ValueSet"/>
      <description value="ValueSet including Q1 of the GRID-HAMD Questionnaire answer options."/>
      <exampleBoolean value="false"/>
    </resource>
    <resource>
      <extension url="http://hl7.org/fhir/tools/StructureDefinition/resource-information">
        <valueString value="ValueSet"/>
      </extension>
      <reference>
        <reference value="ValueSet/gridhamd-answer-options-vs-q2"/>
      </reference>
      <name value="GRID-HAMD Answer Options ValueSet"/>
      <description value="ValueSet including Q2 of the GRID-HAMD Questionnaire answer options."/>
      <exampleBoolean value="false"/>
    </resource>
    <resource>
      <extension url="http://hl7.org/fhir/tools/StructureDefinition/resource-information">
        <valueString value="ValueSet"/>
      </extension>
      <reference>
        <reference value="ValueSet/gridhamd-answer-options-vs-q3"/>
      </reference>
      <name value="GRID-HAMD Answer Options ValueSet"/>
      <description value="ValueSet including Q3 of the GRID-HAMD Questionnaire answer options."/>
      <exampleBoolean value="false"/>
    </resource>
    <resource>
      <extension url="http://hl7.org/fhir/tools/StructureDefinition/resource-information">
        <valueString value="ValueSet"/>
      </extension>
      <reference>
        <reference value="ValueSet/gridhamd-answer-options-vs-q4"/>
      </reference>
      <name value="GRID-HAMD Answer Options ValueSet"/>
      <description value="ValueSet including Q4 of the GRID-HAMD Questionnaire answer options."/>
      <exampleBoolean value="false"/>
    </resource>
    <resource>
      <extension url="http://hl7.org/fhir/tools/StructureDefinition/resource-information">
        <valueString value="ValueSet"/>
      </extension>
      <reference>
        <reference value="ValueSet/gridhamd-answer-options-vs-q5"/>
      </reference>
      <name value="GRID-HAMD Answer Options ValueSet"/>
      <description value="ValueSet including Q5 of the GRID-HAMD Questionnaire answer options."/>
      <exampleBoolean value="false"/>
    </resource>
    <resource>
      <extension url="http://hl7.org/fhir/tools/StructureDefinition/resource-information">
        <valueString value="ValueSet"/>
      </extension>
      <reference>
        <reference value="ValueSet/gridhamd-answer-options-vs-q6"/>
      </reference>
      <name value="GRID-HAMD Answer Options ValueSet"/>
      <description value="ValueSet including Q6 of the GRID-HAMD Questionnaire answer options."/>
      <exampleBoolean value="false"/>
    </resource>
    <resource>
      <extension url="http://hl7.org/fhir/tools/StructureDefinition/resource-information">
        <valueString value="ValueSet"/>
      </extension>
      <reference>
        <reference value="ValueSet/gridhamd-answer-options-vs-q7"/>
      </reference>
      <name value="GRID-HAMD Answer Options ValueSet"/>
      <description value="ValueSet including Q7 of the GRID-HAMD Questionnaire answer options."/>
      <exampleBoolean value="false"/>
    </resource>
    <resource>
      <extension url="http://hl7.org/fhir/tools/StructureDefinition/resource-information">
        <valueString value="ValueSet"/>
      </extension>
      <reference>
        <reference value="ValueSet/gridhamd-answer-options-vs-q8"/>
      </reference>
      <name value="GRID-HAMD Answer Options ValueSet"/>
      <description value="ValueSet including Q8 of the GRID-HAMD Questionnaire answer options."/>
      <exampleBoolean value="false"/>
    </resource>
    <resource>
      <extension url="http://hl7.org/fhir/tools/StructureDefinition/resource-information">
        <valueString value="ValueSet"/>
      </extension>
      <reference>
        <reference value="ValueSet/gridhamd-answer-options-vs-q9"/>
      </reference>
      <name value="GRID-HAMD Answer Options ValueSet"/>
      <description value="ValueSet including Q9 of the GRID-HAMD Questionnaire answer options."/>
      <exampleBoolean value="false"/>
    </resource>
    <resource>
      <extension url="http://hl7.org/fhir/tools/StructureDefinition/resource-information">
        <valueString value="ValueSet"/>
      </extension>
      <reference>
        <reference value="ValueSet/gridhamd-answer-options-vs-q10"/>
      </reference>
      <name value="GRID-HAMD Answer Options ValueSet"/>
      <description value="ValueSet including Q10 of the GRID-HAMD Questionnaire answer options."/>
      <exampleBoolean value="false"/>
    </resource>
    <resource>
      <extension url="http://hl7.org/fhir/tools/StructureDefinition/resource-information">
        <valueString value="ValueSet"/>
      </extension>
      <reference>
        <reference value="ValueSet/gridhamd-answer-options-vs-q11"/>
      </reference>
      <name value="GRID-HAMD Answer Options ValueSet"/>
      <description value="ValueSet including Q11 of the GRID-HAMD Questionnaire answer options."/>
      <exampleBoolean value="false"/>
    </resource>
    <resource>
      <extension url="http://hl7.org/fhir/tools/StructureDefinition/resource-information">
        <valueString value="ValueSet"/>
      </extension>
      <reference>
        <reference value="ValueSet/gridhamd-answer-options-vs-q12"/>
      </reference>
      <name value="GRID-HAMD Answer Options ValueSet"/>
      <description value="ValueSet including Q12 of the GRID-HAMD Questionnaire answer options."/>
      <exampleBoolean value="false"/>
    </resource>
    <resource>
      <extension url="http://hl7.org/fhir/tools/StructureDefinition/resource-information">
        <valueString value="ValueSet"/>
      </extension>
      <reference>
        <reference value="ValueSet/gridhamd-answer-options-vs-q13"/>
      </reference>
      <name value="GRID-HAMD Answer Options ValueSet"/>
      <description value="ValueSet including Q13 of the GRID-HAMD Questionnaire answer options."/>
      <exampleBoolean value="false"/>
    </resource>
    <resource>
      <extension url="http://hl7.org/fhir/tools/StructureDefinition/resource-information">
        <valueString value="ValueSet"/>
      </extension>
      <reference>
        <reference value="ValueSet/gridhamd-answer-options-vs-q14"/>
      </reference>
      <name value="GRID-HAMD Answer Options ValueSet"/>
      <description value="ValueSet including Q14 of the GRID-HAMD Questionnaire answer options."/>
      <exampleBoolean value="false"/>
    </resource>
    <resource>
      <extension url="http://hl7.org/fhir/tools/StructureDefinition/resource-information">
        <valueString value="ValueSet"/>
      </extension>
      <reference>
        <reference value="ValueSet/gridhamd-answer-options-vs-q15"/>
      </reference>
      <name value="GRID-HAMD Answer Options ValueSet"/>
      <description value="ValueSet including Q15 of the GRID-HAMD Questionnaire answer options."/>
      <exampleBoolean value="false"/>
    </resource>
    <resource>
      <extension url="http://hl7.org/fhir/tools/StructureDefinition/resource-information">
        <valueString value="ValueSet"/>
      </extension>
      <reference>
        <reference value="ValueSet/gridhamd-answer-options-vs-q16"/>
      </reference>
      <name value="GRID-HAMD Answer Options ValueSet"/>
      <description value="ValueSet including Q16 of the GRID-HAMD Questionnaire answer options."/>
      <exampleBoolean value="false"/>
    </resource>
    <resource>
      <extension url="http://hl7.org/fhir/tools/StructureDefinition/resource-information">
        <valueString value="ValueSet"/>
      </extension>
      <reference>
        <reference value="ValueSet/gridhamd-answer-options-vs-q17"/>
      </reference>
      <name value="GRID-HAMD Answer Options ValueSet"/>
      <description value="ValueSet including Q17 of the GRID-HAMD Questionnaire answer options."/>
      <exampleBoolean value="false"/>
    </resource>
    <resource>
      <extension url="http://hl7.org/fhir/tools/StructureDefinition/resource-information">
        <valueString value="StructureDefinition:resource"/>
      </extension>
      <reference>
        <reference value="StructureDefinition/utn-icu-extrakorporales-verfahren"/>
      </reference>
      <name value="MII PR ICU Extrakorporales Verfahren"/>
      <exampleBoolean value="false"/>
    </resource>
    <resource>
      <extension url="http://hl7.org/fhir/tools/StructureDefinition/resource-information">
        <valueString value="MedicationStatement"/>
      </extension>
      <reference>
        <reference value="MedicationStatement/Example-UTN-MEdikationStatement"/>
      </reference>
      <name value="Ramipril"/>
      <description value="The medication of the patient during the encounter of ICU"/>
      <exampleBoolean value="true"/>
    </resource>
    <resource>
      <extension url="http://hl7.org/fhir/tools/StructureDefinition/resource-information">
        <valueString value="Condition"/>
      </extension>
      <reference>
        <reference value="Condition/Example-UTN-Sepsis"/>
      </reference>
      <name value="Sepsis Condition"/>
      <description value="Represents an active sepsis condition observed during an ICU encounter."/>
      <exampleBoolean value="true"/>
    </resource>
    <resource>
      <extension url="http://hl7.org/fhir/tools/StructureDefinition/resource-information">
        <valueString value="StructureDefinition:resource:abstract"/>
      </extension>
      <reference>
        <reference value="StructureDefinition/teleconsult-communication"/>
      </reference>
      <name value="Teleconsultation Communication"/>
      <description value="Profile for communications during teleconsultation sessions between healthcare providers."/>
      <exampleBoolean value="false"/>
    </resource>
    <resource>
      <extension url="http://hl7.org/fhir/tools/StructureDefinition/resource-information">
        <valueString value="Composition"/>
      </extension>
      <reference>
        <reference value="Composition/Example-UTN-Teleconsultation-PTtoPR"/>
      </reference>
      <name value="Teleconsultation note between patient and practitioner"/>
      <exampleBoolean value="true"/>
    </resource>
    <resource>
      <extension url="http://hl7.org/fhir/tools/StructureDefinition/resource-information">
        <valueString value="Composition"/>
      </extension>
      <reference>
        <reference value="Composition/Example-UTN-Teleconsultation-PRtoPR"/>
      </reference>
      <name value="Teleconsultation note between practitioner and practitioner"/>
      <description value="Teleconsultation note sent to practitioner as part of the Service Request"/>
      <exampleBoolean value="true"/>
    </resource>
    <resource>
      <extension url="http://hl7.org/fhir/tools/StructureDefinition/resource-information">
        <valueString value="Composition"/>
      </extension>
      <reference>
        <reference value="Composition/Example-UTN-Teleconsultation-PRtoPR-Return"/>
      </reference>
      <name value="Teleconsultation note between practitioner and practitioner"/>
      <description value="Teleconsultation note sent back to practitioner based on the Service Request"/>
      <exampleBoolean value="true"/>
    </resource>
    <resource>
      <extension url="http://hl7.org/fhir/tools/StructureDefinition/resource-information">
        <valueString value="Communication"/>
      </extension>
      <reference>
        <reference value="Communication/Example-UTN-PRtoPR-Consult"/>
      </reference>
      <name value="Teleconsultation Note from Charité to Uniklinik Würzburg"/>
      <description value="A message sent by a practitioner at Charité to a specialist at Uniklinik Würzburg regarding a patient case."/>
      <exampleCanonical value="http://utn/consentresource.com/StructureDefinition/teleconsult-communication"/>
    </resource>
    <resource>
      <extension url="http://hl7.org/fhir/tools/StructureDefinition/resource-information">
        <valueString value="ServiceRequest"/>
      </extension>
      <reference>
        <reference value="ServiceRequest/UTN-Teleconsultation-PRtoPR-ServiceRequest"/>
      </reference>
      <name value="Teleconsultation Request"/>
      <description value="Request for a teleconsultation from practitioner to practitioner"/>
      <exampleBoolean value="true"/>
    </resource>
    <resource>
      <extension url="http://hl7.org/fhir/tools/StructureDefinition/resource-information">
        <valueString value="HealthcareService"/>
      </extension>
      <reference>
        <reference value="HealthcareService/teleconsultation-service-charite"/>
      </reference>
      <name value="Teleconsultation Service - Charité"/>
      <description value="Teleconsultation service provided by Charité – Universitätsmedizin Berlin"/>
      <exampleCanonical value="http://utn/consentresource.com/StructureDefinition/healthcare-service"/>
    </resource>
    <resource>
      <extension url="http://hl7.org/fhir/tools/StructureDefinition/resource-information">
        <valueString value="HealthcareService"/>
      </extension>
      <reference>
        <reference value="HealthcareService/teleconsultation-service-wuerzburg"/>
      </reference>
      <name value="Teleconsultation Service - Uniklinik Würzburg"/>
      <description value="Teleconsultation service provided by Universitätsklinikum Würzburg"/>
      <exampleCanonical value="http://utn/consentresource.com/StructureDefinition/healthcare-service"/>
    </resource>
    <resource>
      <extension url="http://hl7.org/fhir/tools/StructureDefinition/resource-information">
        <valueString value="StructureDefinition:resource"/>
      </extension>
      <reference>
        <reference value="StructureDefinition/utn-consent-documentreference-id"/>
      </reference>
      <name value="UTN Consent Document Reference"/>
      <description value="This is the Document Reference profile for the consent profile of the Forschungsvorhaben and Videosprechstunde"/>
      <exampleBoolean value="false"/>
    </resource>
    <resource>
      <extension url="http://hl7.org/fhir/tools/StructureDefinition/resource-information">
        <valueString value="StructureDefinition:resource"/>
      </extension>
      <reference>
        <reference value="StructureDefinition/utn-consent-id"/>
      </reference>
      <name value="UTN Consent Forschungsvorhaben and Videosprechstunde"/>
      <description value="This is the consent profile for the research project and the video consultation"/>
      <exampleBoolean value="false"/>
    </resource>
    <resource>
      <extension url="http://hl7.org/fhir/tools/StructureDefinition/resource-information">
        <valueString value="StructureDefinition:resource"/>
      </extension>
      <reference>
        <reference value="StructureDefinition/consent-management-provenance"/>
      </reference>
      <name value="UTN Consent Management Provenance"/>
      <description value="This is the consent management provenance profile for the consent profile of the Forschungsvorhaben and Videosprechstunde"/>
      <exampleBoolean value="false"/>
    </resource>
    <resource>
      <extension url="http://hl7.org/fhir/tools/StructureDefinition/resource-information">
        <valueString value="StructureDefinition:resource"/>
      </extension>
      <reference>
        <reference value="StructureDefinition/profile-consent-management-questionnaireresponse"/>
      </reference>
      <name value="UTN Consent Management QuestionnaireResponse"/>
      <description value="The completed questionnaire."/>
      <exampleBoolean value="false"/>
    </resource>
    <resource>
      <extension url="http://hl7.org/fhir/tools/StructureDefinition/resource-information">
        <valueString value="StructureDefinition:resource"/>
      </extension>
      <reference>
        <reference value="StructureDefinition/utn-encounter"/>
      </reference>
      <name value="UTN Encounter"/>
      <description value="This is the profile of Enocunter within UTN"/>
      <exampleBoolean value="false"/>
    </resource>
    <resource>
      <extension url="http://hl7.org/fhir/tools/StructureDefinition/resource-information">
        <valueString value="StructureDefinition:resource"/>
      </extension>
      <reference>
        <reference value="StructureDefinition/healthcare-service"/>
      </reference>
      <name value="UTN Healthcare Service with Devices"/>
      <description value="A profile for HealthcareService to include references to non-medical devices used in teleconsultation."/>
      <exampleBoolean value="false"/>
    </resource>
    <resource>
      <extension url="http://hl7.org/fhir/tools/StructureDefinition/resource-information">
        <valueString value="StructureDefinition:resource"/>
      </extension>
      <reference>
        <reference value="StructureDefinition/mii-kreatinin"/>
      </reference>
      <name value="UTN Laboruntersuchung-Kreatinin"/>
      <description value="Profile for documenting Creatinin within UTN."/>
      <exampleBoolean value="false"/>
    </resource>
    <resource>
      <extension url="http://hl7.org/fhir/tools/StructureDefinition/resource-information">
        <valueString value="StructureDefinition:resource"/>
      </extension>
      <reference>
        <reference value="StructureDefinition/utn-observation-arterieller-blutdruck"/>
      </reference>
      <name value="UTN Observation Arterieller Blutdruck"/>
      <description value="Profile for documenting arterial blood pressure observations within UTN."/>
      <exampleBoolean value="false"/>
    </resource>
    <resource>
      <extension url="http://hl7.org/fhir/tools/StructureDefinition/resource-information">
        <valueString value="StructureDefinition:resource"/>
      </extension>
      <reference>
        <reference value="StructureDefinition/utn-isik-atemfrequenz"/>
      </reference>
      <name value="UTN Observation Atemfrequenz Profile"/>
      <description value="Profile for documenting Atemfrequenz observations within UTN."/>
      <exampleBoolean value="false"/>
    </resource>
    <resource>
      <extension url="http://hl7.org/fhir/tools/StructureDefinition/resource-information">
        <valueString value="StructureDefinition:resource"/>
      </extension>
      <reference>
        <reference value="StructureDefinition/isik-herzfrequenz"/>
      </reference>
      <name value="UTN Observation Heart rate Profile"/>
      <description value="Profile for documenting Herzfrequenz observations within UTN."/>
      <exampleBoolean value="false"/>
    </resource>
    <resource>
      <extension url="http://hl7.org/fhir/tools/StructureDefinition/resource-information">
        <valueString value="StructureDefinition:resource"/>
      </extension>
      <reference>
        <reference value="StructureDefinition/isik-koerpergewicht"/>
      </reference>
      <name value="UTN Observation Koerpergewicht Profile"/>
      <description value="Profile for documenting Koerpergewicht observations within UTN."/>
      <exampleBoolean value="false"/>
    </resource>
    <resource>
      <extension url="http://hl7.org/fhir/tools/StructureDefinition/resource-information">
        <valueString value="StructureDefinition:resource"/>
      </extension>
      <reference>
        <reference value="StructureDefinition/isik-koerpertemperatur"/>
      </reference>
      <name value="UTN Observation Koerpertemperatur Profile"/>
      <description value="Profile for documenting Koerpertemperatur observations within UTN."/>
      <exampleBoolean value="false"/>
    </resource>
    <resource>
      <extension url="http://hl7.org/fhir/tools/StructureDefinition/resource-information">
        <valueString value="StructureDefinition:resource"/>
      </extension>
      <reference>
        <reference value="StructureDefinition/utn-patient"/>
      </reference>
      <name value="UTN Patient"/>
      <description value="The profile of the UTN Patient"/>
      <exampleBoolean value="false"/>
    </resource>
    <resource>
      <extension url="http://hl7.org/fhir/tools/StructureDefinition/resource-information">
        <valueString value="StructureDefinition:resource"/>
      </extension>
      <reference>
        <reference value="StructureDefinition/KBV-PR-Base-Practitioner"/>
      </reference>
      <name value="UTN Practitioner"/>
      <description value="The profile of the UTN Practitoner"/>
      <exampleBoolean value="false"/>
    </resource>
    <resource>
      <extension url="http://hl7.org/fhir/tools/StructureDefinition/resource-information">
        <valueString value="StructureDefinition:resource"/>
      </extension>
      <reference>
        <reference value="StructureDefinition/utn-PR-Base-PractitionerRole"/>
      </reference>
      <name value="UTN Practitioner Role"/>
      <description value="The profile of the UTN Practitoner Role"/>
      <exampleBoolean value="false"/>
    </resource>
    <resource>
      <extension url="http://hl7.org/fhir/tools/StructureDefinition/resource-information">
        <valueString value="StructureDefinition:resource"/>
      </extension>
      <reference>
        <reference value="StructureDefinition/utn-procedure-beatmung"/>
      </reference>
      <name value="UTN Procedure Beatmung"/>
      <description value="Profil für die Beatmungsprozedur"/>
      <exampleBoolean value="false"/>
    </resource>
    <resource>
      <extension url="http://hl7.org/fhir/tools/StructureDefinition/resource-information">
        <valueString value="StructureDefinition:resource"/>
      </extension>
      <reference>
        <reference value="StructureDefinition/utn-service-request"/>
      </reference>
      <name value="UTN Teleconsultation Service Request"/>
      <description value="This profile shows how to create service request for teleconsultation"/>
      <exampleBoolean value="false"/>
    </resource>
    <resource>
      <extension url="http://hl7.org/fhir/tools/StructureDefinition/resource-information">
        <valueString value="StructureDefinition:resource"/>
      </extension>
      <reference>
        <reference value="StructureDefinition/utn-diagnostik-report"/>
      </reference>
      <name value="UTNDiagnostikReport"/>
      <description value="This is the Diagnostic Report of the UTN Patient"/>
      <exampleBoolean value="false"/>
    </resource>
    <resource>
      <extension url="http://hl7.org/fhir/tools/StructureDefinition/resource-information">
        <valueString value="Location"/>
      </extension>
      <reference>
        <reference value="Location/UTNLocation"/>
      </reference>
      <name value="UTNLocation"/>
      <description value="Example location for UTN"/>
      <exampleBoolean value="true"/>
    </resource>
    <resource>
      <extension url="http://hl7.org/fhir/tools/StructureDefinition/resource-information">
        <valueString value="StructureDefinition:resource"/>
      </extension>
      <reference>
        <reference value="StructureDefinition/utn-documentreference"/>
      </reference>
      <name value="UTNTeleconsultDocumentReference"/>
      <exampleBoolean value="false"/>
    </resource>
    <resource>
      <extension url="http://hl7.org/fhir/tools/StructureDefinition/resource-information">
        <valueString value="Procedure"/>
      </extension>
      <reference>
        <reference value="Procedure/Example-UTN-VVECMO"/>
      </reference>
      <name value="Venovenous ECMO Procedure"/>
      <description value="venovenous extracorporeal membrane oxygenation procedure"/>
      <exampleCanonical value="http://utn/consentresource.com/StructureDefinition/utn-icu-extrakorporales-verfahren"/>
    </resource>
    <page>
      <extension url="http://hl7.org/fhir/tools/StructureDefinition/ig-page-name">
        <valueUrl value="toc.html"/>
      </extension>
      <nameUrl value="toc.html"/>
      <title value="Table of Contents"/>
      <generation value="html"/>
      <page>
        <extension url="http://hl7.org/fhir/tools/StructureDefinition/ig-page-name">
          <valueUrl value="index.html"/>
        </extension>
        <nameUrl value="index.html"/>
        <title value="Home"/>
        <generation value="markdown"/>
      </page>
      <page>
        <extension url="http://hl7.org/fhir/tools/StructureDefinition/ig-page-name">
          <valueUrl value="the_specification.html"/>
        </extension>
        <nameUrl value="the_specification.html"/>
        <title value="Specification"/>
        <generation value="markdown"/>
      </page>
      <page>
        <extension url="http://hl7.org/fhir/tools/StructureDefinition/ig-page-name">
          <valueUrl value="profiles.html"/>
        </extension>
        <nameUrl value="profiles.html"/>
        <title value="UTN Profiles"/>
        <generation value="markdown"/>
      </page>
      <page>
        <extension url="http://hl7.org/fhir/tools/StructureDefinition/ig-page-name">
          <valueUrl value="instances.html"/>
        </extension>
        <nameUrl value="instances.html"/>
        <title value="UTN Instances"/>
        <generation value="markdown"/>
      </page>
      <page>
        <extension url="http://hl7.org/fhir/tools/StructureDefinition/ig-page-name">
          <valueUrl value="scenario_depressionandanxiety.html"/>
        </extension>
        <nameUrl value="scenario_depressionandanxiety.html"/>
        <title value="Scenario Remote Assessment of Depression and Anxiety Severity"/>
        <generation value="markdown"/>
      </page>
      <page>
        <extension url="http://hl7.org/fhir/tools/StructureDefinition/ig-page-name">
          <valueUrl value="scenario_icu.html"/>
        </extension>
        <nameUrl value="scenario_icu.html"/>
        <title value="Scenario ICU"/>
        <generation value="markdown"/>
      </page>
      <page>
        <extension url="http://hl7.org/fhir/tools/StructureDefinition/ig-page-name">
          <valueUrl value="scenario_teleconsultation.html"/>
        </extension>
        <nameUrl value="scenario_teleconsultation.html"/>
        <title value="Scenario Teleconsultation"/>
        <generation value="markdown"/>
      </page>
    </page>
    <parameter>
      <code value="path-resource"/>
      <value value="input/capabilities"/>
    </parameter>
    <parameter>
      <code value="path-resource"/>
      <value value="input/examples"/>
    </parameter>
    <parameter>
      <code value="path-resource"/>
      <value value="input/extensions"/>
    </parameter>
    <parameter>
      <code value="path-resource"/>
      <value value="input/models"/>
    </parameter>
    <parameter>
      <code value="path-resource"/>
      <value value="input/operations"/>
    </parameter>
    <parameter>
      <code value="path-resource"/>
      <value value="input/profiles"/>
    </parameter>
    <parameter>
      <code value="path-resource"/>
      <value value="input/resources"/>
    </parameter>
    <parameter>
      <code value="path-resource"/>
      <value value="input/vocabulary"/>
    </parameter>
    <parameter>
      <code value="path-resource"/>
      <value value="input/maps"/>
    </parameter>
    <parameter>
      <code value="path-resource"/>
      <value value="input/testing"/>
    </parameter>
    <parameter>
      <code value="path-resource"/>
      <value value="input/history"/>
    </parameter>
    <parameter>
      <code value="path-resource"/>
      <value value="fsh-generated/resources"/>
    </parameter>
    <parameter>
      <code value="path-pages"/>
      <value value="template/config"/>
    </parameter>
    <parameter>
      <code value="path-pages"/>
      <value value="input/images"/>
    </parameter>
    <parameter>
      <code value="path-tx-cache"/>
      <value value="input-cache/txcache"/>
    </parameter>
  </definition>
</ImplementationGuide>