{
  "resourceType" : "Observation",
  "id" : "Example-UTNHerzfrequenz",
  "meta" : {
    "profile" : ["http://utn/consentresource.com/StructureDefinition/isik-herzfrequenz"]
  },
  "text" : {
    "status" : "generated",
    "div" : "<div xmlns=\"http://www.w3.org/1999/xhtml\"><p class=\"res-header-id\"><b>Generated Narrative: Observation Example-UTNHerzfrequenz</b></p><a name=\"Example-UTNHerzfrequenz\"> </a><a name=\"hcExample-UTNHerzfrequenz\"> </a><a name=\"Example-UTNHerzfrequenz-en-US\"> </a><div style=\"display: inline-block; background-color: #d9e0e7; padding: 6px; margin: 4px; border: 1px solid #8da1b4; border-radius: 5px; line-height: 60%\"><p style=\"margin-bottom: 0px\"/><p style=\"margin-bottom: 0px\">Profile: <a href=\"StructureDefinition-isik-herzfrequenz.html\">UTN Observation Herzfrequenz Profile</a></p></div><p><b>status</b>: Final</p><p><b>category</b>: <span title=\"Codes:{http://terminology.hl7.org/CodeSystem/observation-category vital-signs}\">Vital Signs</span>, <span title=\"Codes:{http://terminology.hl7.org/CodeSystem/observation-category vital-signs}\">Vital Signs</span></p><p><b>code</b>: <span title=\"Codes:{http://loinc.org 8867-4}, {urn:iso:std:iso:11073:10101 147842}, {http://snomed.info/sct 364075005}\">Herzfrequenz</span></p><p><b>subject</b>: <a href=\"https://simplifier.net/resolve?scope=de.medizininformatikinitiative.kerndatensatz.consent@1.0.7&amp;canonical=de.medizininformatikinitiative.kerndatensatz.consent/Patient/PatientinMusterfrau\">Patient/PatientinMusterfrau</a></p><p><b>effective</b>: 2020-10-11</p><p><b>performer</b>: <a href=\"https://simplifier.net/resolve?scope=de.medizininformatikinitiative.kerndatensatz.consent@1.0.7&amp;canonical=de.medizininformatikinitiative.kerndatensatz.consent/Practitioner/1\">Practitioner/1</a></p><p><b>value</b>: 63 per minute<span style=\"background: LightGoldenRodYellow\"> (Details: UCUM  code/min = '/min')</span></p></div>"
  },
  "status" : "final",
  "category" : [{
    "coding" : [{
      "system" : "http://terminology.hl7.org/CodeSystem/observation-category",
      "code" : "vital-signs"
    }]
  },
  {
    "coding" : [{
      "system" : "http://terminology.hl7.org/CodeSystem/observation-category",
      "code" : "vital-signs"
    }]
  }],
  "code" : {
    "coding" : [{
      "system" : "http://loinc.org",
      "code" : "8867-4",
      "display" : "Heart rate"
    },
    {
      "system" : "urn:iso:std:iso:11073:10101",
      "code" : "147842",
      "display" : "MDC_ECG_HEART_RATE"
    },
    {
      "system" : "http://snomed.info/sct",
      "code" : "364075005",
      "display" : "Heart rate (observable entity)"
    }],
    "text" : "Herzfrequenz"
  },
  "subject" : {
    "reference" : "Patient/PatientinMusterfrau"
  },
  "effectiveDateTime" : "2020-10-11",
  "performer" : [{
    "reference" : "Practitioner/1"
  }],
  "valueQuantity" : {
    "value" : 63,
    "unit" : "per minute",
    "system" : "http://unitsofmeasure.org",
    "code" : "/min"
  }
}