<?xml version="1.0" encoding="UTF-8"?>

<Observation xmlns="http://hl7.org/fhir">
  <id value="Example-UTNKoerpertemperatur"/>
  <meta>
    <profile value="http://utn/consentresource.com/StructureDefinition/isik-koerpertemperatur"/>
  </meta>
  <text>
    <status value="generated"/><div xmlns="http://www.w3.org/1999/xhtml"><p class="res-header-id"><b>Generated Narrative: Observation Example-UTNKoerpertemperatur</b></p><a name="Example-UTNKoerpertemperatur"> </a><a name="hcExample-UTNKoerpertemperatur"> </a><a name="Example-UTNKoerpertemperatur-en-US"> </a><div style="display: inline-block; background-color: #d9e0e7; padding: 6px; margin: 4px; border: 1px solid #8da1b4; border-radius: 5px; line-height: 60%"><p style="margin-bottom: 0px"/><p style="margin-bottom: 0px">Profile: <a href="StructureDefinition-isik-koerpertemperatur.html">UTN Observation Koerper Temperatur Profile</a></p></div><p><b>status</b>: Final</p><p><b>category</b>: <span title="Codes:{http://terminology.hl7.org/CodeSystem/observation-category vital-signs}">Vital Signs</span>, <span title="Codes:{http://terminology.hl7.org/CodeSystem/observation-category vital-signs}">Vital Signs</span></p><p><b>code</b>: <span title="Codes:{http://loinc.org 8310-5}, {urn:iso:std:iso:11073:10101 150364}, {http://snomed.info/sct 386725007}">Körpertemperatur</span></p><p><b>subject</b>: <a href="https://simplifier.net/resolve?scope=de.medizininformatikinitiative.kerndatensatz.consent@1.0.7&amp;canonical=de.medizininformatikinitiative.kerndatensatz.consent/Patient/PatientinMusterfrau">Patient/PatientinMusterfrau</a></p><p><b>effective</b>: 2020-10-11</p><p><b>value</b>: 36.8 °C<span style="background: LightGoldenRodYellow"> (Details: UCUM  codeCel = 'Cel')</span></p></div>
  </text>
  <status value="final"/>
  <category>
    <coding>
      <system value="http://terminology.hl7.org/CodeSystem/observation-category"/>
      <code value="vital-signs"/>
    </coding>
  </category>
  <category>
    <coding>
      <system value="http://terminology.hl7.org/CodeSystem/observation-category"/>
      <code value="vital-signs"/>
    </coding>
  </category>
  <code>
    <coding>
      <system value="http://loinc.org"/>
      <code value="8310-5"/>
      <display value="Body temperature"/>
    </coding>
    <coding>
      <system value="urn:iso:std:iso:11073:10101"/>
      <code value="150364"/>
      <display value="MDC_TEMP_BODY"/>
    </coding>
    <coding>
      <system value="http://snomed.info/sct"/>
      <code value="386725007"/>
      <display value="Body temperature (observable entity)"/>
    </coding>
    <text value="Körpertemperatur"/>
  </code>
  <subject>
    <reference value="Patient/PatientinMusterfrau"/>
  </subject>
  <effectiveDateTime value="2020-10-11"/>
  <valueQuantity>
    <value value="36.8"/>
    <unit value="°C"/>
    <system value="http://unitsofmeasure.org"/>
    <code value="Cel"/>
  </valueQuantity>
</Observation>