<?xml version="1.0" encoding="UTF-8"?>

<Observation xmlns="http://hl7.org/fhir">
  <id value="Example-UTNHerzfrequenz"/>
  <meta>
    <profile value="http://utn/consentresource.com/StructureDefinition/isik-herzfrequenz"/>
  </meta>
  <text>
    <status value="generated"/><div xmlns="http://www.w3.org/1999/xhtml"><p class="res-header-id"><b>Generated Narrative: Observation Example-UTNHerzfrequenz</b></p><a name="Example-UTNHerzfrequenz"> </a><a name="hcExample-UTNHerzfrequenz"> </a><div style="display: inline-block; background-color: #d9e0e7; padding: 6px; margin: 4px; border: 1px solid #8da1b4; border-radius: 5px; line-height: 60%"><p style="margin-bottom: 0px"/><p style="margin-bottom: 0px">Profile: <a href="StructureDefinition-isik-herzfrequenz.html">UTN Observation Heart rate Profile</a></p></div><p><b>status</b>: Final</p><p><b>category</b>: <span title="Codes:{http://terminology.hl7.org/CodeSystem/observation-category vital-signs}">Vital Signs</span>, <span title="Codes:{http://terminology.hl7.org/CodeSystem/observation-category vital-signs}">Vital Signs</span></p><p><b>code</b>: <span title="Codes:{http://loinc.org 8867-4}, {urn:iso:std:iso:11073:10101 147842}, {http://snomed.info/sct 364075005}">Herzfrequenz</span></p><p><b>subject</b>: <a href="https://simplifier.net/resolve?scope=de.medizininformatikinitiative.kerndatensatz.consent@1.0.7&amp;canonical=de.medizininformatikinitiative.kerndatensatz.consent/Patient/PatientinMusterfrau">Patient/PatientinMusterfrau</a></p><p><b>effective</b>: 2020-10-11</p><p><b>performer</b>: <a href="https://simplifier.net/resolve?scope=de.medizininformatikinitiative.kerndatensatz.consent@1.0.7&amp;canonical=de.medizininformatikinitiative.kerndatensatz.consent/Practitioner/1">Practitioner/1</a></p><p><b>value</b>: 63 per minute<span style="background: LightGoldenRodYellow"> (Details: UCUM  code/min = '/min')</span></p></div>
  </text>
  <status value="final"/>
  <category>
    <coding>
      <system value="http://terminology.hl7.org/CodeSystem/observation-category"/>
      <code value="vital-signs"/>
    </coding>
  </category>
  <category>
    <coding>
      <system value="http://terminology.hl7.org/CodeSystem/observation-category"/>
      <code value="vital-signs"/>
    </coding>
  </category>
  <code>
    <coding>
      <system value="http://loinc.org"/>
      <code value="8867-4"/>
      <display value="Heart rate"/>
    </coding>
    <coding>
      <system value="urn:iso:std:iso:11073:10101"/>
      <code value="147842"/>
      <display value="MDC_ECG_HEART_RATE"/>
    </coding>
    <coding>
      <system value="http://snomed.info/sct"/>
      <code value="364075005"/>
      <display value="Heart rate (observable entity)"/>
    </coding>
    <text value="Herzfrequenz"/>
  </code>
  <subject>
    <reference value="Patient/PatientinMusterfrau"/>
  </subject>
  <effectiveDateTime value="2020-10-11"/>
  <performer>
    <reference value="Practitioner/1"/>
  </performer>
  <valueQuantity>
    <value value="63"/>
    <unit value="per minute"/>
    <system value="http://unitsofmeasure.org"/>
    <code value="/min"/>
  </valueQuantity>
</Observation>