<?xml version="1.0" encoding="UTF-8"?>

<Observation xmlns="http://hl7.org/fhir">
  <id value="Example-UTNAtemfrequenz"/>
  <meta>
    <profile value="https://www.utn-num.de/fhir/StructureDefinition/utn-isik-atemfrequenz"/>
  </meta>
  <text>
    <status value="generated"/><div xmlns="http://www.w3.org/1999/xhtml"><p class="res-header-id"><b>Generated Narrative: Observation Example-UTNAtemfrequenz</b></p><a name="Example-UTNAtemfrequenz"> </a><a name="hcExample-UTNAtemfrequenz"> </a><div style="display: inline-block; background-color: #d9e0e7; padding: 6px; margin: 4px; border: 1px solid #8da1b4; border-radius: 5px; line-height: 60%"><p style="margin-bottom: 0px"/><p style="margin-bottom: 0px">Profile: <a href="StructureDefinition-utn-isik-atemfrequenz.html">UTN Observation Atemfrequenz Profile</a></p></div><p><b>status</b>: draft</p><p><b>category</b>: <span title="Codes:{http://terminology.hl7.org/CodeSystem/observation-category vital-signs}">Vital Signs</span>, <span title="Codes:{http://terminology.hl7.org/CodeSystem/observation-category vital-signs}">Vital Signs</span></p><p><b>code</b>: <span title="Codes:{http://loinc.org 9279-1}, {http://snomed.info/sct 86290005}, {urn:iso:std:iso:11073:10101 151562}">Atemfrequenz</span></p><p><b>subject</b>: <a href="https://simplifier.net/resolve?scope=de.medizininformatikinitiative.kerndatensatz.consent@2025.0.4&amp;canonical=de.medizininformatikinitiative.kerndatensatz.consent/Patient/PatientinMusterfrau">Patient/PatientinMusterfrau</a></p><p><b>effective</b>: 2019-07-02</p><p><b>performer</b>: <a href="https://simplifier.net/resolve?scope=de.medizininformatikinitiative.kerndatensatz.consent@2025.0.4&amp;canonical=de.medizininformatikinitiative.kerndatensatz.consent/Practitioner/1">Practitioner/1</a></p><p><b>value</b>: 26 Atemzüge pro Minute<span style="background: LightGoldenRodYellow"> (Details: UCUM  code/min = '/min')</span></p></div>
  </text>
  <status value="draft"/>
  <category>
    <coding>
      <system value="http://terminology.hl7.org/CodeSystem/observation-category"/>
      <code value="vital-signs"/>
      <display value="Vital Signs"/>
    </coding>
  </category>
  <category>
    <coding>
      <system value="http://terminology.hl7.org/CodeSystem/observation-category"/>
      <code value="vital-signs"/>
    </coding>
  </category>
  <code>
    <coding>
      <system value="http://loinc.org"/>
      <code value="9279-1"/>
      <display value="Respiratory rate"/>
    </coding>
    <coding>
      <system value="http://snomed.info/sct"/>
      <code value="86290005"/>
      <display value="Respiratory rate (observable entity)"/>
    </coding>
    <coding>
      <system value="urn:iso:std:iso:11073:10101"/>
      <code value="151562"/>
      <display value="MDC_RESP_RATE"/>
    </coding>
    <text value="Atemfrequenz"/>
  </code>
  <subject>
    <reference value="Patient/PatientinMusterfrau"/>
  </subject>
  <effectiveDateTime value="2019-07-02"/>
  <performer>
    <reference value="Practitioner/1"/>
  </performer>
  <valueQuantity>
    <value value="26"/>
    <unit value="Atemzüge pro Minute"/>
    <system value="http://unitsofmeasure.org"/>
    <code value="/min"/>
  </valueQuantity>
</Observation>