{
  "resourceType" : "Observation",
  "id" : "Example-UTN-Koerpergroesse",
  "meta" : {
    "profile" : ["https://www.medizininformatik-initiative.de/fhir/ext/modul-icu/StructureDefinition/koerpergroesse"]
  },
  "text" : {
    "status" : "generated",
    "div" : "<div xmlns=\"http://www.w3.org/1999/xhtml\"><p class=\"res-header-id\"><b>Generated Narrative: Observation Example-UTN-Koerpergroesse</b></p><a name=\"Example-UTN-Koerpergroesse\"> </a><a name=\"hcExample-UTN-Koerpergroesse\"> </a><div style=\"display: inline-block; background-color: #d9e0e7; padding: 6px; margin: 4px; border: 1px solid #8da1b4; border-radius: 5px; line-height: 60%\"><p style=\"margin-bottom: 0px\"/><p style=\"margin-bottom: 0px\">Profile: <a href=\"https://simplifier.net/resolve?scope=de.medizininformatikinitiative.kerndatensatz.icu@2025.0.4&amp;canonical=https://www.medizininformatik-initiative.de/fhir/ext/modul-icu/StructureDefinition/koerpergroesse\">SD MII ICU Koerpergroesse</a></p></div><p><b>status</b>: Final</p><p><b>category</b>: <span title=\"Codes:{http://terminology.hl7.org/CodeSystem/observation-category vital-signs}\">Vital Signs</span></p><p><b>code</b>: <span title=\"Codes:{http://loinc.org 8302-2}, {http://snomed.info/sct 1153637007}\">Body height</span></p><p><b>subject</b>: <a href=\"Patient-utn-patient-2.html\">Anna Müller  Female, DoB: 1985-03-12 ( MR)</a></p><p><b>value</b>: 180 centimeter<span style=\"background: LightGoldenRodYellow\"> (Details: UCUM  codecm = 'cm')</span></p></div>"
  },
  "status" : "final",
  "category" : [{
    "coding" : [{
      "system" : "http://terminology.hl7.org/CodeSystem/observation-category",
      "code" : "vital-signs"
    }]
  }],
  "code" : {
    "coding" : [{
      "system" : "http://loinc.org",
      "code" : "8302-2",
      "display" : "Body height"
    },
    {
      "system" : "http://snomed.info/sct",
      "version" : "http://snomed.info/sct/900000000000207008/version/20241101",
      "code" : "1153637007",
      "display" : "Body height (observable entity)"
    }]
  },
  "subject" : {
    "reference" : "Patient/utn-patient-2"
  },
  "valueQuantity" : {
    "value" : 180,
    "unit" : "centimeter",
    "system" : "http://unitsofmeasure.org",
    "code" : "cm"
  }
}