<?xml version="1.0" encoding="UTF-8"?>

<Observation xmlns="http://hl7.org/fhir">
  <id value="Example-UTNKoerpergewicht"/>
  <meta>
    <profile value="https://www.utn-num.de/fhir/StructureDefinition/isik-koerpergewicht"/>
  </meta>
  <text>
    <status value="generated"/><div xmlns="http://www.w3.org/1999/xhtml"><p class="res-header-id"><b>Generated Narrative: Observation Example-UTNKoerpergewicht</b></p><a name="Example-UTNKoerpergewicht"> </a><a name="hcExample-UTNKoerpergewicht"> </a><div style="display: inline-block; background-color: #d9e0e7; padding: 6px; margin: 4px; border: 1px solid #8da1b4; border-radius: 5px; line-height: 60%"><p style="margin-bottom: 0px"/><p style="margin-bottom: 0px">Profile: <a href="StructureDefinition-isik-koerpergewicht.html">UTN Observation Koerpergewicht Profile</a></p></div><p><b>status</b>: Final</p><p><b>category</b>: <span title="Codes:{http://terminology.hl7.org/CodeSystem/observation-category vital-signs}">Vital Signs</span>, <span title="Codes:{http://terminology.hl7.org/CodeSystem/observation-category vital-signs}">Vital Signs</span></p><p><b>code</b>: <span title="Codes:{http://loinc.org 29463-7}">Körpergewicht</span></p><p><b>subject</b>: <a href="Patient-utn-patient-2.html">Anna Müller  Female, DoB: 1985-03-12 ( MR)</a></p><p><b>encounter</b>: <a href="https://simplifier.net/resolve?scope=de.medizininformatikinitiative.kerndatensatz.consent@2025.0.4&amp;canonical=de.medizininformatikinitiative.kerndatensatz.consent/xample-UTN-Encounter-PRtoPR">xample-UTN-Encounter-PRtoPR</a></p><p><b>effective</b>: 2020-10-11</p><p><b>performer</b>: <a href="https://simplifier.net/resolve?scope=de.medizininformatikinitiative.kerndatensatz.consent@2025.0.4&amp;canonical=de.medizininformatikinitiative.kerndatensatz.consent/Example-UTN-Practitioner">Example-UTN-Practitioner</a></p><p><b>value</b>: 79 kilogram<span style="background: LightGoldenRodYellow"> (Details: UCUM  codekg = 'kg')</span></p></div>
  </text>
  <status value="final"/>
  <category>
    <coding>
      <system value="http://terminology.hl7.org/CodeSystem/observation-category"/>
      <code value="vital-signs"/>
    </coding>
  </category>
  <category>
    <coding>
      <system value="http://terminology.hl7.org/CodeSystem/observation-category"/>
      <code value="vital-signs"/>
    </coding>
  </category>
  <code>
    <coding>
      <system value="http://loinc.org"/>
      <code value="29463-7"/>
      <display value="Body weight"/>
    </coding>
    <text value="Körpergewicht"/>
  </code>
  <subject>
    <reference value="Patient/utn-patient-2"/>
  </subject>
  <encounter>
    <reference value="xample-UTN-Encounter-PRtoPR"/>
  </encounter>
  <effectiveDateTime value="2020-10-11"/>
  <performer>
    <reference value="Example-UTN-Practitioner"/>
  </performer>
  <valueQuantity>
    <value value="79"/>
    <unit value="kilogram"/>
    <system value="http://unitsofmeasure.org"/>
    <code value="kg"/>
  </valueQuantity>
</Observation>