{
  "resourceType" : "Observation",
  "id" : "Example-UTN-Arterieller-Blutdruck",
  "meta" : {
    "profile" : ["http://utn/consentresource.com/StructureDefinition/utn-observation-arterieller-blutdruck"]
  },
  "text" : {
    "status" : "generated",
    "div" : "<div xmlns=\"http://www.w3.org/1999/xhtml\"><p class=\"res-header-id\"><b>Generated Narrative: Observation Example-UTN-Arterieller-Blutdruck</b></p><a name=\"Example-UTN-Arterieller-Blutdruck\"> </a><a name=\"hcExample-UTN-Arterieller-Blutdruck\"> </a><a name=\"Example-UTN-Arterieller-Blutdruck-en-US\"> </a><div style=\"display: inline-block; background-color: #d9e0e7; padding: 6px; margin: 4px; border: 1px solid #8da1b4; border-radius: 5px; line-height: 60%\"><p style=\"margin-bottom: 0px\"/><p style=\"margin-bottom: 0px\">Profile: <a href=\"StructureDefinition-utn-observation-arterieller-blutdruck.html\">UTN Observation Arterieller Blutdruck</a></p></div><p><b>status</b>: Final</p><p><b>category</b>: <span title=\"Codes:{http://terminology.hl7.org/CodeSystem/observation-category vital-signs}\">Vital Signs</span>, <span title=\"Codes:{http://terminology.hl7.org/CodeSystem/observation-category vital-signs}\">Vital Signs</span></p><p><b>code</b>: <span title=\"Codes:{http://loinc.org 85354-9}, {http://snomed.info/sct 364090009}\">Blood pressure panel</span></p><p><b>subject</b>: <a href=\"http://hl7.org/fhir/us/core/STU3.1/Patient-example.html\">Amy V. Shaw  Female, DoB: 2007-02-20 ( Medical Record Number:\u00a01032702\u00a0(use:\u00a0usual,\u00a0))</a></p><p><b>encounter</b>: <a href=\"https://simplifier.net/resolve?scope=de.medizininformatikinitiative.kerndatensatz.consent@1.0.7&amp;canonical=de.medizininformatikinitiative.kerndatensatz.consent/Encounter/example\">Encounter/example</a></p><p><b>effective</b>: 2025-02-17 10:30:00+0000</p><blockquote><p><b>component</b></p><p><b>code</b>: <span title=\"Codes:{http://loinc.org 8480-6}, {http://snomed.info/sct 271649006}, {urn:iso:std:iso:11073:10101 150017}\">Systolic blood pressure</span></p><p><b>value</b>: 120 mmHg<span style=\"background: LightGoldenRodYellow\"> (Details: UCUM  codemm[Hg] = 'mm[Hg]')</span></p></blockquote><blockquote><p><b>component</b></p><p><b>code</b>: <span title=\"Codes:{http://loinc.org 8462-4}, {http://snomed.info/sct 271650006}, {urn:iso:std:iso:11073:10101 150018}\">Diastolic blood pressure</span></p><p><b>value</b>: 80 mmHg<span style=\"background: LightGoldenRodYellow\"> (Details: UCUM  codemm[Hg] = 'mm[Hg]')</span></p></blockquote><blockquote><p><b>component</b></p><p><b>code</b>: <span title=\"Codes:{http://loinc.org 8478-0}, {http://snomed.info/sct 6797001}, {urn:iso:std:iso:11073:10101 150019}\">Mean blood pressure</span></p><p><b>value</b>: 93 mmHg<span style=\"background: LightGoldenRodYellow\"> (Details: UCUM  codemm[Hg] = 'mm[Hg]')</span></p></blockquote></div>"
  },
  "status" : "final",
  "category" : [{
    "coding" : [{
      "system" : "http://terminology.hl7.org/CodeSystem/observation-category",
      "code" : "vital-signs"
    }]
  },
  {
    "coding" : [{
      "system" : "http://terminology.hl7.org/CodeSystem/observation-category",
      "code" : "vital-signs"
    }]
  }],
  "code" : {
    "coding" : [{
      "system" : "http://loinc.org",
      "code" : "85354-9",
      "display" : "Blood pressure panel"
    },
    {
      "system" : "http://snomed.info/sct",
      "version" : "http://snomed.info/sct/900000000000207008/version/20241101",
      "code" : "364090009",
      "display" : "Arterial blood pressure"
    }]
  },
  "subject" : {
    "reference" : "Patient/example"
  },
  "encounter" : {
    "reference" : "Encounter/example"
  },
  "effectiveDateTime" : "2025-02-17T10:30:00Z",
  "component" : [{
    "code" : {
      "coding" : [{
        "system" : "http://loinc.org",
        "code" : "8480-6",
        "display" : "Systolic blood pressure"
      },
      {
        "system" : "http://snomed.info/sct",
        "code" : "271649006",
        "display" : "Systolic blood pressure"
      },
      {
        "system" : "urn:iso:std:iso:11073:10101",
        "code" : "150017"
      }]
    },
    "valueQuantity" : {
      "value" : 120,
      "unit" : "mmHg",
      "system" : "http://unitsofmeasure.org",
      "code" : "mm[Hg]"
    }
  },
  {
    "code" : {
      "coding" : [{
        "system" : "http://loinc.org",
        "code" : "8462-4",
        "display" : "Diastolic blood pressure"
      },
      {
        "system" : "http://snomed.info/sct",
        "code" : "271650006",
        "display" : "Diastolic blood pressure"
      },
      {
        "system" : "urn:iso:std:iso:11073:10101",
        "code" : "150018"
      }]
    },
    "valueQuantity" : {
      "value" : 80,
      "unit" : "mmHg",
      "system" : "http://unitsofmeasure.org",
      "code" : "mm[Hg]"
    }
  },
  {
    "code" : {
      "coding" : [{
        "system" : "http://loinc.org",
        "code" : "8478-0",
        "display" : "Mean blood pressure"
      },
      {
        "system" : "http://snomed.info/sct",
        "code" : "6797001",
        "display" : "Mean blood pressure"
      },
      {
        "system" : "urn:iso:std:iso:11073:10101",
        "code" : "150019"
      }]
    },
    "valueQuantity" : {
      "value" : 93,
      "unit" : "mmHg",
      "system" : "http://unitsofmeasure.org",
      "code" : "mm[Hg]"
    }
  }]
}