{
  "resourceType" : "Observation",
  "id" : "Example-ISiKKoerpertemperatur",
  "meta" : {
    "profile" : ["http://utn/consentresource.com/StructureDefinition/isik-koerpertemperatur"]
  },
  "text" : {
    "status" : "generated",
    "div" : "<div xmlns=\"http://www.w3.org/1999/xhtml\"><p class=\"res-header-id\"><b>Generated Narrative: Observation Example-ISiKKoerpertemperatur</b></p><a name=\"Example-ISiKKoerpertemperatur\"> </a><a name=\"hcExample-ISiKKoerpertemperatur\"> </a><a name=\"Example-ISiKKoerpertemperatur-en-US\"> </a><div style=\"display: inline-block; background-color: #d9e0e7; padding: 6px; margin: 4px; border: 1px solid #8da1b4; border-radius: 5px; line-height: 60%\"><p style=\"margin-bottom: 0px\"/><p style=\"margin-bottom: 0px\">Profile: <a href=\"StructureDefinition-isik-koerpertemperatur.html\">UTN Observation Koerper Temperatur Profile</a></p></div><p><b>status</b>: Final</p><p><b>category</b>: <span title=\"Codes:{http://terminology.hl7.org/CodeSystem/observation-category vital-signs}\">Vital Signs</span>, <span title=\"Codes:{http://terminology.hl7.org/CodeSystem/observation-category vital-signs}\">Vital Signs</span></p><p><b>code</b>: <span title=\"Codes:{http://loinc.org 8310-5}, {urn:iso:std:iso:11073:10101 150364}, {http://snomed.info/sct 386725007}\">Körpertemperatur</span></p><p><b>subject</b>: <a href=\"https://simplifier.net/resolve?scope=de.medizininformatikinitiative.kerndatensatz.consent@1.0.7&amp;canonical=de.medizininformatikinitiative.kerndatensatz.consent/Patient/PatientinMusterfrau\">Patient/PatientinMusterfrau</a></p><p><b>effective</b>: 2020-10-11</p><p><b>value</b>: 36.8 °C<span style=\"background: LightGoldenRodYellow\"> (Details: UCUM  codeCel = 'Cel')</span></p></div>"
  },
  "status" : "final",
  "category" : [{
    "coding" : [{
      "system" : "http://terminology.hl7.org/CodeSystem/observation-category",
      "code" : "vital-signs"
    }]
  },
  {
    "coding" : [{
      "system" : "http://terminology.hl7.org/CodeSystem/observation-category",
      "code" : "vital-signs"
    }]
  }],
  "code" : {
    "coding" : [{
      "system" : "http://loinc.org",
      "code" : "8310-5",
      "display" : "Body temperature"
    },
    {
      "system" : "urn:iso:std:iso:11073:10101",
      "code" : "150364",
      "display" : "MDC_TEMP_BODY"
    },
    {
      "system" : "http://snomed.info/sct",
      "code" : "386725007",
      "display" : "Body temperature (observable entity)"
    }],
    "text" : "Körpertemperatur"
  },
  "subject" : {
    "reference" : "Patient/PatientinMusterfrau"
  },
  "effectiveDateTime" : "2020-10-11",
  "valueQuantity" : {
    "value" : 36.8,
    "unit" : "°C",
    "system" : "http://unitsofmeasure.org",
    "code" : "Cel"
  }
}