{
  "resourceType" : "Patient",
  "id" : "consent-management-patient",
  "meta" : {
    "profile" : ["http://utn/consentresource.com/StructureDefinition/consent-management-patient"]
  },
  "text" : {
    "status" : "generated",
    "div" : "<div xmlns=\"http://www.w3.org/1999/xhtml\"><p class=\"res-header-id\"><b>Generated Narrative: Patient consent-management-patient</b></p><a name=\"consent-management-patient\"> </a><a name=\"hcconsent-management-patient\"> </a><a name=\"consent-management-patient-en-US\"> </a><div style=\"display: inline-block; background-color: #d9e0e7; padding: 6px; margin: 4px; border: 1px solid #8da1b4; border-radius: 5px; line-height: 60%\"><p style=\"margin-bottom: 0px\"/><p style=\"margin-bottom: 0px\">Profile: <a href=\"StructureDefinition-consent-management-patient.html\">UTN Patient</a></p></div><p style=\"border: 1px #661aff solid; background-color: #e6e6ff; padding: 10px;\">John Doe  Other, DoB: 1998-09-19 ( MR)</p><hr/><table class=\"grid\"><tr><td style=\"background-color: #f3f5da\" title=\"Ways to contact the Patient\">Contact Detail</td><td colspan=\"3\">Teststraße 2 Köln 50823 DE </td></tr></table></div>"
  },
  "identifier" : [{
    "type" : {
      "coding" : [{
        "system" : "https://example.com",
        "code" : "MR"
      }]
    },
    "system" : "https://example.com",
    "value" : "12345"
  }],
  "name" : [{
    "family" : "Doe",
    "given" : ["John"]
  }],
  "gender" : "other",
  "birthDate" : "1998-09-19",
  "address" : [{
    "type" : "both",
    "line" : ["Teststraße 2"],
    "city" : "Köln",
    "postalCode" : "50823",
    "country" : "DE"
  }]
}