{
  "resourceType" : "Patient",
  "id" : "utn-patient-2",
  "meta" : {
    "profile" : ["http://utn/consentresource.com/StructureDefinition/utn-patient"]
  },
  "text" : {
    "status" : "generated",
    "div" : "<div xmlns=\"http://www.w3.org/1999/xhtml\"><p class=\"res-header-id\"><b>Generated Narrative: Patient utn-patient-2</b></p><a name=\"utn-patient-2\"> </a><a name=\"hcutn-patient-2\"> </a><a name=\"utn-patient-2-en-US\"> </a><div style=\"display: inline-block; background-color: #d9e0e7; padding: 6px; margin: 4px; border: 1px solid #8da1b4; border-radius: 5px; line-height: 60%\"><p style=\"margin-bottom: 0px\"/><p style=\"margin-bottom: 0px\">Profile: <a href=\"StructureDefinition-utn-patient.html\">UTN Patient</a></p></div><p style=\"border: 1px #661aff solid; background-color: #e6e6ff; padding: 10px;\">Anna Müller  Female, DoB: 1985-03-12 ( MR)</p><hr/><table class=\"grid\"><tr><td style=\"background-color: #f3f5da\" title=\"Ways to contact the Patient\">Contact Detail</td><td colspan=\"3\">Beispielweg 5 Berlin 10115 DE </td></tr></table></div>"
  },
  "identifier" : [{
    "type" : {
      "coding" : [{
        "system" : "https://example.com",
        "code" : "MR"
      }]
    },
    "system" : "https://example.com",
    "value" : "67890"
  }],
  "name" : [{
    "family" : "Müller",
    "given" : ["Anna"]
  }],
  "gender" : "female",
  "birthDate" : "1985-03-12",
  "address" : [{
    "type" : "both",
    "line" : ["Beispielweg 5"],
    "city" : "Berlin",
    "postalCode" : "10115",
    "country" : "DE"
  }]
}