{
  "resourceType" : "PractitionerRole",
  "id" : "Example-UTN-PractitionerRole-PR2",
  "meta" : {
    "profile" : ["http://utn/consentresource.com/StructureDefinition/utn-PR-Base-PractitionerRole",
    "https://fhir.kbv.de/StructureDefinition/KBV_PR_Base_PractitionerRole"]
  },
  "text" : {
    "status" : "generated",
    "div" : "<div xmlns=\"http://www.w3.org/1999/xhtml\"><p class=\"res-header-id\"><b>Generated Narrative: PractitionerRole Example-UTN-PractitionerRole-PR2</b></p><a name=\"Example-UTN-PractitionerRole-PR2\"> </a><a name=\"hcExample-UTN-PractitionerRole-PR2\"> </a><div style=\"display: inline-block; background-color: #d9e0e7; padding: 6px; margin: 4px; border: 1px solid #8da1b4; border-radius: 5px; line-height: 60%\"><p style=\"margin-bottom: 0px\"/><p style=\"margin-bottom: 0px\">Profiles: <a href=\"StructureDefinition-utn-PR-Base-PractitionerRole.html\">UTN Practitioner Role</a>, <a href=\"https://simplifier.net/resolve?scope=kbv.basis@1.7.0&amp;canonical=https://fhir.kbv.de/StructureDefinition/KBV_PR_Base_PractitionerRole\">KBV_PR_Base_PractitionerRole</a></p></div><p><b>practitioner</b>: <a href=\"Practitioner-Example-UTN-Practitioner-PR2.html\">Practitioner Gunther Neumann(official)</a></p><p><b>organization</b>: Identifier: <code>http://fhir.de/NamingSystem/asv/teamnummer</code>/001234567</p><p><b>code</b>: <span title=\"Codes:{https://fhir.kbv.de/CodeSystem/KBV_CS_Base_Role_Care OA}\">\tOberärztin/-arzt</span></p><p><b>specialty</b>: <span title=\"Codes:{https://fhir.kbv.de/CodeSystem/KBV_CS_SFHIR_BAR2_ARZTNRFACHGRUPPE 28}\">Kardiologie</span></p><p><b>healthcareService</b>: <a href=\"HealthcareService-teleconsultation-service-wuerzburg.html\">HealthcareService Uniklinik Würzburg Teleconsultation Service</a></p></div>"
  },
  "practitioner" : {
    "reference" : "Practitioner/Example-UTN-Practitioner-PR2"
  },
  "organization" : {
    "identifier" : {
      "system" : "http://fhir.de/NamingSystem/asv/teamnummer",
      "value" : "001234567"
    }
  },
  "code" : [{
    "coding" : [{
      "system" : "https://fhir.kbv.de/CodeSystem/KBV_CS_Base_Role_Care",
      "code" : "OA",
      "display" : "\tOberärztin/-arzt"
    }]
  }],
  "specialty" : [{
    "coding" : [{
      "system" : "https://fhir.kbv.de/CodeSystem/KBV_CS_SFHIR_BAR2_ARZTNRFACHGRUPPE",
      "code" : "28",
      "display" : "Kardiologie"
    }]
  }],
  "healthcareService" : [{
    "reference" : "HealthcareService/teleconsultation-service-wuerzburg"
  }]
}