<?xml version="1.0" encoding="UTF-8"?>

<Procedure xmlns="http://hl7.org/fhir">
  <id value="Example-UTN-Invasive-Beatmung"/>
  <meta>
    <profile value="http://utn/consentresource.com/StructureDefinition/utn-procedure-beatmung"/>
    <profile value="https://www.medizininformatik-initiative.de/fhir/ext/modul-icu/StructureDefinition/beatmung"/>
  </meta>
  <text>
    <status value="generated"/><div xmlns="http://www.w3.org/1999/xhtml"><p class="res-header-id"><b>Generated Narrative: Procedure Example-UTN-Invasive-Beatmung</b></p><a name="Example-UTN-Invasive-Beatmung"> </a><a name="hcExample-UTN-Invasive-Beatmung"> </a><div style="display: inline-block; background-color: #d9e0e7; padding: 6px; margin: 4px; border: 1px solid #8da1b4; border-radius: 5px; line-height: 60%"><p style="margin-bottom: 0px"/><p style="margin-bottom: 0px">Profiles: <a href="StructureDefinition-utn-procedure-beatmung.html">UTN Procedure Beatmung</a>, <a href="https://simplifier.net/resolve?scope=de.medizininformatikinitiative.kerndatensatz.icu@2025.0.2&amp;canonical=https://www.medizininformatik-initiative.de/fhir/ext/modul-icu/StructureDefinition/beatmung">SD MII ICU Beatmung</a></p></div><p><b>status</b>: In Progress</p><p><b>category</b>: <span title="Codes:{http://snomed.info/sct 40617009}">Artificial Ventilation</span></p><p><b>code</b>: <span title="Codes:{http://snomed.info/sct 1258985005}">Invasive mechanical ventilation (regime/therapy)</span></p><p><b>subject</b>: <a href="Patient-utn-patient-2.html">Anna Müller  Female, DoB: 1985-03-12 ( MR)</a></p><p><b>encounter</b>: <a href="Encounter-Example-UTN-Encounter-PRtoPR.html">Encounter: status = in-progress; class = inpatient encounter (ActCode#IMP); type = intensivstationaer; serviceType = Intensivmedizin; period = 2025-01-14 08:00:00+1000 --&gt; (ongoing)</a></p><p><b>performed</b>: 2025-01-14 16:48:00+0100 --&gt; (ongoing)</p><p><b>recorder</b>: <a href="Practitioner-Example-UTN-Practitioner-PR1.html">Practitioner Hans Topp-Glücklich(official)</a></p></div>
  </text>
  <status value="in-progress"/>
  <category>
    <coding>
      <system value="http://snomed.info/sct"/>
      <code value="40617009"/>
      <display value="Artificial Ventilation"/>
    </coding>
  </category>
  <code>
    <coding>
      <system value="http://snomed.info/sct"/>
      <code value="1258985005"/>
    </coding>
  </code>
  <subject>
    <reference value="Patient/utn-patient-2"/>
  </subject>
  <encounter>
    <reference value="Encounter/Example-UTN-Encounter-PRtoPR"/>
  </encounter>
  <performedPeriod>
    <start value="2025-01-14T16:48:00+01:00"/>
  </performedPeriod>
  <recorder>
    <reference value="Practitioner/Example-UTN-Practitioner-PR1"/>
  </recorder>
</Procedure>