{
  "package": "consent.id",
  "version": "0.1.0",
  "fhirVersion": "4.0.1",
  "extensions": [
    {
      "url": "http://utn/consentresource.com/StructureDefinition/device-reference",
      "title": "Device Reference",
      "types": [
        "base64Binary",
        "boolean",
        "canonical",
        "code",
        "date",
        "dateTime",
        "decimal",
        "id",
        "instant",
        "integer",
        "markdown",
        "oid",
        "positiveInt",
        "string",
        "time",
        "unsignedInt",
        "uri",
        "url",
        "uuid",
        "Address",
        "Age",
        "Annotation",
        "Attachment",
        "CodeableConcept",
        "Coding",
        "ContactPoint",
        "Count",
        "Distance",
        "Duration",
        "HumanName",
        "Identifier",
        "Money",
        "Period",
        "Quantity",
        "Range",
        "Ratio",
        "Reference",
        "SampledData",
        "Signature",
        "Timing",
        "ContactDetail",
        "Contributor",
        "DataRequirement",
        "Expression",
        "ParameterDefinition",
        "RelatedArtifact",
        "TriggerDefinition",
        "UsageContext",
        "Dosage",
        "Meta",
        "Reference",
        "string",
        "Extension",
        "string",
        "uri",
        "Identifier",
        "string"
      ]
    }
  ],
  "profiles": {
    "Practitioner": [
      {
        "url": "http://utn/consentresource.com/StructureDefinition/KBV-PR-Base-Practitioner",
        "title": "UTN Practitioner"
      }
    ],
    "Patient": [
      {
        "url": "http://utn/consentresource.com/StructureDefinition/consent-management-patient",
        "title": "UTN Patient"
      }
    ],
    "Provenance": [
      {
        "url": "http://utn/consentresource.com/StructureDefinition/consent-management-provenance",
        "title": "UTN Consent Management Provenance"
      }
    ],
    "HealthcareService": [
      {
        "url": "http://utn/consentresource.com/StructureDefinition/healthcare-service-with-devices",
        "title": "UTN Healthcare Service with Devices"
      }
    ],
    "Observation": [
      {
        "url": "http://utn/consentresource.com/StructureDefinition/utn-isik-atemfrequenz",
        "title": "UTN Observation Atemfrequenz Profile"
      },
      {
        "url": "http://utn/consentresource.com/StructureDefinition/utn-observation-arterieller-blutdruck",
        "title": "UTN Observation Arterieller Blutdruck"
      }
    ],
    "QuestionnaireResponse": [
      {
        "url": "http://utn/consentresource.com/StructureDefinition/profile-consent-management-questionnaireresponse",
        "title": "UTN Consent Management QuestionnaireResponse"
      }
    ],
    "PractitionerRole": [
      {
        "url": "http://utn/consentresource.com/StructureDefinition/utn-PR-Base-PractitionerRole",
        "title": "UTN Practitioner Role"
      }
    ],
    "DocumentReference": [
      {
        "url": "http://utn/consentresource.com/StructureDefinition/utn-consent-documentreference-id",
        "title": "UTN Consent Document Reference"
      }
    ],
    "Consent": [
      {
        "url": "http://utn/consentresource.com/StructureDefinition/utn-consent-id",
        "title": "UTN Consent Forschungsvorhaben and Videosprechstunde"
      }
    ]
  },
  "usage": {
    "http://example.org/fhir/StructureDefinition/device-reference": [
      "HealthcareService"
    ],
    "http://fhir.de/ConsentManagement/StructureDefinition/DomainReference": [
      "Consent"
    ],
    "http://fhir.de/ConsentManagement/StructureDefinition/Xacml": [
      "Consent.policyRule"
    ],
    "http://fhir.de/StructureDefinition/gender-amtlich-de": [
      "Practitioner.gender"
    ],
    "http://fhir.de/StructureDefinition/humanname-namenszusatz": [
      "Practitioner.name.family"
    ],
    "http://hl7.org/fhir/StructureDefinition/elementdefinition-bestpractice": [
      "StructureDefinition.snapshot.element.constraint"
    ],
    "http://hl7.org/fhir/StructureDefinition/elementdefinition-bestpractice-explanation": [
      "StructureDefinition.snapshot.element.constraint"
    ],
    "http://hl7.org/fhir/StructureDefinition/elementdefinition-bindingName": [
      "StructureDefinition.snapshot.element.binding"
    ],
    "http://hl7.org/fhir/StructureDefinition/elementdefinition-isCommonBinding": [
      "StructureDefinition.snapshot.element.binding"
    ],
    "http://hl7.org/fhir/StructureDefinition/elementdefinition-maxValueSet": [
      "StructureDefinition.snapshot.element.binding"
    ],
    "http://hl7.org/fhir/StructureDefinition/elementdefinition-translatable": [
      "StructureDefinition.snapshot.element"
    ],
    "http://hl7.org/fhir/StructureDefinition/humanname-own-name": [
      "Practitioner.name.family"
    ],
    "http://hl7.org/fhir/StructureDefinition/humanname-own-prefix": [
      "Practitioner.name.family"
    ],
    "http://hl7.org/fhir/StructureDefinition/iso21090-ADXP-houseNumber": [
      "Practitioner.address.line"
    ],
    "http://hl7.org/fhir/StructureDefinition/iso21090-ADXP-postBox": [
      "Practitioner.address.line"
    ],
    "http://hl7.org/fhir/StructureDefinition/iso21090-ADXP-streetName": [
      "Practitioner.address.line"
    ],
    "http://hl7.org/fhir/StructureDefinition/iso21090-EN-qualifier": [
      "Practitioner.name.prefix"
    ],
    "http://hl7.org/fhir/StructureDefinition/iso21090-PQ-translation": [
      "Observation.valueQuantity",
      "Observation.value[x]"
    ],
    "http://hl7.org/fhir/StructureDefinition/quantity-precision": [
      "Observation.valueQuantity.value",
      "Observation.value[x].value"
    ],
    "http://hl7.org/fhir/StructureDefinition/regex": [
      "StructureDefinition.snapshot.element.type"
    ],
    "http://hl7.org/fhir/StructureDefinition/structuredefinition-display-hint": [
      "StructureDefinition.snapshot.element"
    ],
    "http://hl7.org/fhir/StructureDefinition/structuredefinition-fhir-type": [
      "StructureDefinition.snapshot.element.type"
    ],
    "http://hl7.org/fhir/StructureDefinition/structuredefinition-hierarchy": [
      "StructureDefinition.snapshot.element.type"
    ],
    "http://hl7.org/fhir/StructureDefinition/structuredefinition-normative-version": [
      "StructureDefinition.snapshot.element"
    ],
    "http://hl7.org/fhir/StructureDefinition/structuredefinition-standards-status": [
      "StructureDefinition.differential.element",
      "StructureDefinition.snapshot.element"
    ],
    "http://hl7.org/fhir/StructureDefinition/translation": [
      "StructureDefinition.snapshot.element.definition",
      "StructureDefinition.snapshot.element.short"
    ],
    "http://hl7.org/fhir/tools/StructureDefinition/ig-internal-dependency": [
      "ImplementationGuide.definition"
    ],
    "http://hl7.org/fhir/tools/StructureDefinition/ig-page-name": [
      "ImplementationGuide.definition.page",
      "ImplementationGuide.definition.page.page"
    ],
    "http://hl7.org/fhir/tools/StructureDefinition/ig-parameter": [
      "ImplementationGuide.definition"
    ],
    "http://hl7.org/fhir/tools/StructureDefinition/implementationguide-dependency-comment": [
      "ImplementationGuide.dependsOn"
    ],
    "http://hl7.org/fhir/tools/StructureDefinition/resource-information": [
      "ImplementationGuide.definition.resource"
    ],
    "http://hl7.org/fhir/tools/StructureDefinition/snapshot-base-version": [
      "StructureDefinition.snapshot"
    ],
    "http://utn/consentresource.com/StructureDefinition/device-reference": [
      "HealthcareService"
    ],
    "https://fhir.kbv.de/StructureDefinition/KBV_EX_Base_Additional_Comment": [
      "Practitioner"
    ],
    "https://www.medizininformatik-initiative.de/fhir/core/modul-labor/StructureDefinition/QuelleKlinischesBezugsdatum": [
      "Observation.effectiveDateTime",
      "Observation.effective[x]"
    ]
  }
}