{
  "package": "num.utn",
  "version": "0.1.0",
  "fhirVersion": "4.0.1",
  "extensions": [
    {
      "url": "https://www.utn-num.de/fhir/StructureDefinition/composition-basedon-servicerequest",
      "title": "Composition BasedOn ServiceRequest",
      "types": [
        "Reference"
      ]
    }
  ],
  "profiles": {
    "Practitioner": [
      {
        "url": "https://www.utn-num.de/fhir/StructureDefinition/KBV-PR-Base-Practitioner",
        "title": "UTN Practitioner"
      }
    ],
    "Provenance": [
      {
        "url": "https://www.utn-num.de/fhir/StructureDefinition/consent-management-provenance",
        "title": "UTN Consent Management Provenance"
      }
    ],
    "HealthcareService": [
      {
        "url": "https://www.utn-num.de/fhir/StructureDefinition/healthcare-service",
        "title": "UTN Healthcare Service with Devices"
      }
    ],
    "Observation": [
      {
        "url": "https://www.utn-num.de/fhir/StructureDefinition/utn-isik-atemfrequenz",
        "title": "UTN Observation Atemfrequenz Profile"
      },
      {
        "url": "https://www.utn-num.de/fhir/StructureDefinition/utn-observation-arterieller-blutdruck",
        "title": "UTN Observation Arterieller Blutdruck"
      }
    ],
    "QuestionnaireResponse": [
      {
        "url": "https://www.utn-num.de/fhir/StructureDefinition/profile-consent-management-questionnaireresponse",
        "title": "UTN Consent Management QuestionnaireResponse"
      }
    ],
    "Communication": [
      {
        "url": "https://www.utn-num.de/fhir/StructureDefinition/teleconsult-communication",
        "title": "Teleconsultation Communication"
      }
    ],
    "PractitionerRole": [
      {
        "url": "https://www.utn-num.de/fhir/StructureDefinition/utn-PR-Base-PractitionerRole",
        "title": "UTN Practitioner Role"
      }
    ],
    "DocumentReference": [
      {
        "url": "https://www.utn-num.de/fhir/StructureDefinition/utn-documentreference",
        "title": "UTNTeleconsultDocumentReference"
      }
    ],
    "Consent": [
      {
        "url": "https://www.utn-num.de/fhir/StructureDefinition/utn-consent-id",
        "title": "UTN Consent Forschungsvorhaben and Videosprechstunde"
      }
    ],
    "DiagnosticReport": [
      {
        "url": "https://www.utn-num.de/fhir/StructureDefinition/utn-diagnostik-report",
        "title": "UTNDiagnostikReport"
      }
    ],
    "Encounter": [
      {
        "url": "https://www.utn-num.de/fhir/StructureDefinition/utn-encounter",
        "title": "UTN Encounter"
      }
    ],
    "Procedure": [
      {
        "url": "https://www.utn-num.de/fhir/StructureDefinition/utn-procedure",
        "title": "UTN Procedure"
      },
      {
        "url": "https://www.utn-num.de/fhir/StructureDefinition/utn-procedure-beatmung",
        "title": "UTN Procedure Beatmung"
      }
    ],
    "Patient": [
      {
        "url": "https://www.utn-num.de/fhir/StructureDefinition/utn-patient",
        "title": "UTN Patient"
      }
    ],
    "ServiceRequest": [
      {
        "url": "https://www.utn-num.de/fhir/StructureDefinition/utn-service-request",
        "title": "UTN Teleconsultation Service Request"
      }
    ]
  },
  "usage": {
    "http://example.org/fhir/StructureDefinition/composition-basedon-servicerequest": [
      "Composition"
    ],
    "http://fhir.de/ConsentManagement/StructureDefinition/DomainReference": [
      "Consent"
    ],
    "http://fhir.de/ConsentManagement/StructureDefinition/SignatureLocation": [
      "Provenance.signature"
    ],
    "http://fhir.de/ConsentManagement/StructureDefinition/Xacml": [
      "Consent.policyRule"
    ],
    "http://fhir.de/StructureDefinition/Aufnahmegrund": [
      "Encounter"
    ],
    "http://fhir.de/StructureDefinition/Entlassungsgrund": [
      "Encounter.hospitalization.dischargeDisposition"
    ],
    "http://fhir.de/StructureDefinition/ProzedurDokumentationsdatum": [
      "Procedure"
    ],
    "http://fhir.de/StructureDefinition/gender-amtlich-de": [
      "Practitioner.gender"
    ],
    "http://fhir.de/StructureDefinition/humanname-namenszusatz": [
      "Practitioner.name.family"
    ],
    "http://fhir.de/StructureDefinition/seitenlokalisation": [
      "Procedure.code.coding"
    ],
    "http://hl7.org/fhir/5.0/StructureDefinition/extension-Encounter.plannedEndDate": [
      "Encounter"
    ],
    "http://hl7.org/fhir/5.0/StructureDefinition/extension-Encounter.plannedStartDate": [
      "Encounter"
    ],
    "http://hl7.org/fhir/StructureDefinition/elementdefinition-bestpractice": [
      "StructureDefinition.snapshot.element.constraint"
    ],
    "http://hl7.org/fhir/StructureDefinition/elementdefinition-bestpractice-explanation": [
      "StructureDefinition.snapshot.element.constraint"
    ],
    "http://hl7.org/fhir/StructureDefinition/elementdefinition-bindingName": [
      "StructureDefinition.snapshot.element.binding"
    ],
    "http://hl7.org/fhir/StructureDefinition/elementdefinition-isCommonBinding": [
      "StructureDefinition.snapshot.element.binding"
    ],
    "http://hl7.org/fhir/StructureDefinition/elementdefinition-maxValueSet": [
      "StructureDefinition.snapshot.element.binding"
    ],
    "http://hl7.org/fhir/StructureDefinition/elementdefinition-translatable": [
      "StructureDefinition.snapshot.element"
    ],
    "http://hl7.org/fhir/StructureDefinition/humanname-own-name": [
      "Practitioner.name.family"
    ],
    "http://hl7.org/fhir/StructureDefinition/humanname-own-prefix": [
      "Practitioner.name.family"
    ],
    "http://hl7.org/fhir/StructureDefinition/iso21090-ADXP-houseNumber": [
      "Practitioner.address.line"
    ],
    "http://hl7.org/fhir/StructureDefinition/iso21090-ADXP-postBox": [
      "Practitioner.address.line"
    ],
    "http://hl7.org/fhir/StructureDefinition/iso21090-ADXP-streetName": [
      "Practitioner.address.line"
    ],
    "http://hl7.org/fhir/StructureDefinition/iso21090-EN-qualifier": [
      "Practitioner.name.prefix"
    ],
    "http://hl7.org/fhir/StructureDefinition/iso21090-PQ-translation": [
      "Observation.valueQuantity",
      "Observation.value[x]"
    ],
    "http://hl7.org/fhir/StructureDefinition/ordinalValue": [
      "CodeSystem.concept"
    ],
    "http://hl7.org/fhir/StructureDefinition/quantity-precision": [
      "Observation.valueQuantity.value",
      "Observation.value[x].value"
    ],
    "http://hl7.org/fhir/StructureDefinition/regex": [
      "StructureDefinition.snapshot.element.type"
    ],
    "http://hl7.org/fhir/StructureDefinition/structuredefinition-display-hint": [
      "StructureDefinition.snapshot.element"
    ],
    "http://hl7.org/fhir/StructureDefinition/structuredefinition-fhir-type": [
      "StructureDefinition.snapshot.element.type"
    ],
    "http://hl7.org/fhir/StructureDefinition/structuredefinition-hierarchy": [
      "StructureDefinition.snapshot.element.type"
    ],
    "http://hl7.org/fhir/StructureDefinition/structuredefinition-normative-version": [
      "StructureDefinition.snapshot.element"
    ],
    "http://hl7.org/fhir/StructureDefinition/structuredefinition-standards-status": [
      "StructureDefinition.differential.element",
      "StructureDefinition.snapshot.element"
    ],
    "http://hl7.org/fhir/StructureDefinition/translation": [
      "StructureDefinition.snapshot.element.definition",
      "StructureDefinition.snapshot.element.short"
    ],
    "http://hl7.org/fhir/tools/StructureDefinition/ig-internal-dependency": [
      "ImplementationGuide.definition"
    ],
    "http://hl7.org/fhir/tools/StructureDefinition/ig-page-name": [
      "ImplementationGuide.definition.page",
      "ImplementationGuide.definition.page.page"
    ],
    "http://hl7.org/fhir/tools/StructureDefinition/ig-parameter": [
      "ImplementationGuide.definition"
    ],
    "http://hl7.org/fhir/tools/StructureDefinition/implementationguide-dependency-comment": [
      "ImplementationGuide.dependsOn"
    ],
    "http://hl7.org/fhir/tools/StructureDefinition/resource-information": [
      "ImplementationGuide.definition.resource"
    ],
    "http://hl7.org/fhir/tools/StructureDefinition/snapshot-base-version": [
      "StructureDefinition.snapshot"
    ],
    "https://fhir.kbv.de/StructureDefinition/KBV_EX_Base_Additional_Comment": [
      "Practitioner"
    ],
    "https://www.medizininformatik-initiative.de/fhir/core/modul-labor/StructureDefinition/QuelleKlinischesBezugsdatum": [
      "Observation.effectiveDateTime",
      "Observation.effective[x]"
    ],
    "https://www.medizininformatik-initiative.de/fhir/core/modul-prozedur/StructureDefinition/Durchfuehrungsabsicht": [
      "Procedure"
    ],
    "https://www.medizininformatik-initiative.de/fhir/modul-meta/StructureDefinition/mii-ex-meta-license-codeable": [
      "StructureDefinition"
    ]
  }
}