{
  "resourceType" : "ValueSet",
  "id" : "gridhamd-answer-options-vs-q17",
  "text" : {
    "status" : "generated",
    "div" : "<div xmlns=\"http://www.w3.org/1999/xhtml\"><p class=\"res-header-id\"><b>Generated Narrative: ValueSet gridhamd-answer-options-vs-q17</b></p><a name=\"gridhamd-answer-options-vs-q17\"> </a><a name=\"hcgridhamd-answer-options-vs-q17\"> </a><a name=\"gridhamd-answer-options-vs-q17-en-US\"> </a><ul><li>Include these codes as defined in <a href=\"CodeSystem-gridhamd-answer-options-cs.html\"><code>http://example.org/fhir/CodeSystem/gridhamd-answer-options-cs</code></a><table class=\"none\"><tr><td style=\"white-space:nowrap\"><b>Code</b></td><td><b>Display</b></td></tr><tr><td><a href=\"CodeSystem-gridhamd-answer-options-cs.html#gridhamd-answer-options-cs-Q17-1\">Q17-1</a></td><td>Any recognition of depressive symptoms, with or without attribution to any cause, e.g., “I’m depressed because my partner always argues with me.</td></tr><tr><td><a href=\"CodeSystem-gridhamd-answer-options-cs.html#gridhamd-answer-options-cs-Q17-2\">Q17-2</a></td><td>Denies illness but accepts possibility of being ill, e.g., “I don’t think there’s anything wrong, but other people think there is.</td></tr><tr><td><a href=\"CodeSystem-gridhamd-answer-options-cs.html#gridhamd-answer-options-cs-Q17-3\">Q17-3</a></td><td>Complete denial of having any illness, e.g., “I’m not depressed; I’m fine.</td></tr></table></li></ul></div>"
  },
  "url" : "http://example.org/fhir/CodeSystem/gridhamd-answer-options-vs17",
  "version" : "0.1.0",
  "name" : "GRIDHAMDAnswerOptionsVSQ17",
  "title" : "GRID-HAMD Answer Options ValueSet",
  "status" : "draft",
  "date" : "2025-06-13T14:46:42+02:00",
  "publisher" : "BIH-CEI",
  "contact" : [{
    "name" : "BIH-CEI",
    "telecom" : [{
      "system" : "url",
      "value" : "http://utn/consentresource.com"
    }]
  }],
  "description" : "ValueSet including Q17 of the GRID-HAMD Questionnaire answer options.",
  "compose" : {
    "include" : [{
      "system" : "http://example.org/fhir/CodeSystem/gridhamd-answer-options-cs",
      "concept" : [{
        "code" : "Q17-1",
        "display" : "Any recognition of depressive symptoms, with or without attribution to any cause, e.g., “I’m depressed because my partner always argues with me."
      },
      {
        "code" : "Q17-2",
        "display" : "Denies illness but accepts possibility of being ill, e.g., “I don’t think there’s anything wrong, but other people think there is."
      },
      {
        "code" : "Q17-3",
        "display" : "Complete denial of having any illness, e.g., “I’m not depressed; I’m fine."
      }]
    }]
  }
}