{
  "resourceType" : "ValueSet",
  "id" : "gridhamd-answer-options-vs-q3",
  "text" : {
    "status" : "generated",
    "div" : "<div xmlns=\"http://www.w3.org/1999/xhtml\"><p class=\"res-header-id\"><b>Generated Narrative: ValueSet gridhamd-answer-options-vs-q3</b></p><a name=\"gridhamd-answer-options-vs-q3\"> </a><a name=\"hcgridhamd-answer-options-vs-q3\"> </a><ul><li>Include these codes as defined in <a href=\"CodeSystem-gridhamd-answer-options-cs.html\"><code>http://example.org/fhir/CodeSystem/gridhamd-answer-options-cs</code></a><table class=\"none\"><tr><td style=\"white-space:nowrap\"><b>Code</b></td><td><b>Display</b></td></tr><tr><td><a href=\"CodeSystem-gridhamd-answer-options-cs.html#gridhamd-answer-options-cs-Q3-1\">Q3-1</a></td><td>Absent and Absent or clinically insignificant</td></tr><tr><td><a href=\"CodeSystem-gridhamd-answer-options-cs.html#gridhamd-answer-options-cs-Q3-2\">Q3-2</a></td><td>Mild (Feels life is not worth living, but expresses no wish to die, e.g., “I don’t care if I live or die”)  and Absent or clinically insignificant</td></tr><tr><td><a href=\"CodeSystem-gridhamd-answer-options-cs.html#gridhamd-answer-options-cs-Q3-3\">Q3-3</a></td><td>Mild (Feels life is not worth living, but expresses no wish to die, e.g., “I don’t care if I live or die”)  and Occasional</td></tr><tr><td><a href=\"CodeSystem-gridhamd-answer-options-cs.html#gridhamd-answer-options-cs-Q3-4\">Q3-4</a></td><td>Mild (Feels life is not worth living, but expresses no wish to die, e.g., “I don’t care if I live or die”) and Much of the time</td></tr><tr><td><a href=\"CodeSystem-gridhamd-answer-options-cs.html#gridhamd-answer-options-cs-Q3-5\">Q3-5</a></td><td>Mild (Feels life is not worth living, but expresses nowish to die, e.g., “I don’t care if I live or die”)   and Almost all the time</td></tr><tr><td><a href=\"CodeSystem-gridhamd-answer-options-cs.html#gridhamd-answer-options-cs-Q3-6\">Q3-6</a></td><td>Moderate (Wishes to be dead; thoughts of dying, but no specific plan or intent, e.g., “If I got hit by a bus, I wouldn’t care,” “I’d like to go to sleep and never wake up”)  and Occasional</td></tr><tr><td><a href=\"CodeSystem-gridhamd-answer-options-cs.html#gridhamd-answer-options-cs-Q3-7\">Q3-7</a></td><td>Moderate (Wishes to be dead; thoughts of dying, but no specific plan or intent, e.g., “If I got hit by a bus, I wouldn’t care,” “I’d like to go to sleep and never wake up”)  and Much of the time</td></tr><tr><td><a href=\"CodeSystem-gridhamd-answer-options-cs.html#gridhamd-answer-options-cs-Q3-8\">Q3-8</a></td><td>Moderate (Wishes to be dead; thoughts of dying, but no specific plan or intent, e.g., “If I got hit by a bus, I wouldn’t care,” “I’d like to go to sleep and never wake up”)  and Almost all the time</td></tr><tr><td><a href=\"CodeSystem-gridhamd-answer-options-cs.html#gridhamd-answer-options-cs-Q3-9\">Q3-9</a></td><td>Severe (Clear suicidal plan or intent; suicidal gesture, e.g., taking a few sleeping pills)  and Occasional</td></tr><tr><td><a href=\"CodeSystem-gridhamd-answer-options-cs.html#gridhamd-answer-options-cs-Q3-10\">Q3-10</a></td><td>Severe (Clear suicidal plan or intent; suicidal gesture, e.g., taking a few sleeping pills)  and Much of the time</td></tr><tr><td><a href=\"CodeSystem-gridhamd-answer-options-cs.html#gridhamd-answer-options-cs-Q3-11\">Q3-11</a></td><td>Severe (Clear suicidal plan or intent; suicidal gesture, e.g., taking a few sleeping pills)  and almost all of the time&quot;4</td></tr><tr><td><a href=\"CodeSystem-gridhamd-answer-options-cs.html#gridhamd-answer-options-cs-Q3-12\">Q3-12</a></td><td>Very severe (Attempts at suicide)  and Occasional</td></tr><tr><td><a href=\"CodeSystem-gridhamd-answer-options-cs.html#gridhamd-answer-options-cs-Q3-13\">Q3-13</a></td><td>Very severe (Attempts at suicide)  and Much off the time</td></tr><tr><td><a href=\"CodeSystem-gridhamd-answer-options-cs.html#gridhamd-answer-options-cs-Q3-14\">Q3-14</a></td><td>Very severe (Attempts at suicide)  and Almost all of the time</td></tr></table></li></ul></div>"
  },
  "url" : "http://example.org/fhir/CodeSystem/gridhamd-answer-options-vs3",
  "version" : "0.1.0",
  "name" : "GRIDHAMDAnswerOptionsVSQ3",
  "title" : "GRID-HAMD Answer Options ValueSet",
  "status" : "draft",
  "date" : "2025-06-18T14:35:27+02:00",
  "publisher" : "BIH at Charité - Core Unit Digital Medicine and Interoperability",
  "contact" : [{
    "name" : "BIH at Charité - Core Unit Digital Medicine and Interoperability",
    "telecom" : [{
      "system" : "url",
      "value" : "https://www.bihealth.org/de/forschung/arbeitsgruppen/interoperabilitaet/home"
    }]
  }],
  "description" : "ValueSet including Q3 of the GRID-HAMD Questionnaire answer options.",
  "compose" : {
    "include" : [{
      "system" : "http://example.org/fhir/CodeSystem/gridhamd-answer-options-cs",
      "concept" : [{
        "code" : "Q3-1",
        "display" : "Absent and Absent or clinically insignificant"
      },
      {
        "code" : "Q3-2",
        "display" : "Mild (Feels life is not worth living, but expresses no wish to die, e.g., “I don’t care if I live or die”)  and Absent or clinically insignificant"
      },
      {
        "code" : "Q3-3",
        "display" : "Mild (Feels life is not worth living, but expresses no wish to die, e.g., “I don’t care if I live or die”)  and Occasional"
      },
      {
        "code" : "Q3-4",
        "display" : "Mild (Feels life is not worth living, but expresses no wish to die, e.g., “I don’t care if I live or die”) and Much of the time"
      },
      {
        "code" : "Q3-5",
        "display" : "Mild (Feels life is not worth living, but expresses nowish to die, e.g., “I don’t care if I live or die”)   and Almost all the time"
      },
      {
        "code" : "Q3-6",
        "display" : "Moderate (Wishes to be dead; thoughts of dying, but no specific plan or intent, e.g., “If I got hit by a bus, I wouldn’t care,” “I’d like to go to sleep and never wake up”)  and Occasional"
      },
      {
        "code" : "Q3-7",
        "display" : "Moderate (Wishes to be dead; thoughts of dying, but no specific plan or intent, e.g., “If I got hit by a bus, I wouldn’t care,” “I’d like to go to sleep and never wake up”)  and Much of the time"
      },
      {
        "code" : "Q3-8",
        "display" : "Moderate (Wishes to be dead; thoughts of dying, but no specific plan or intent, e.g., “If I got hit by a bus, I wouldn’t care,” “I’d like to go to sleep and never wake up”)  and Almost all the time"
      },
      {
        "code" : "Q3-9",
        "display" : "Severe (Clear suicidal plan or intent; suicidal gesture, e.g., taking a few sleeping pills)  and Occasional"
      },
      {
        "code" : "Q3-10",
        "display" : "Severe (Clear suicidal plan or intent; suicidal gesture, e.g., taking a few sleeping pills)  and Much of the time"
      },
      {
        "code" : "Q3-11",
        "display" : "Severe (Clear suicidal plan or intent; suicidal gesture, e.g., taking a few sleeping pills)  and almost all of the time\"4"
      },
      {
        "code" : "Q3-12",
        "display" : "Very severe (Attempts at suicide)  and Occasional"
      },
      {
        "code" : "Q3-13",
        "display" : "Very severe (Attempts at suicide)  and Much off the time"
      },
      {
        "code" : "Q3-14",
        "display" : "Very severe (Attempts at suicide)  and Almost all of the time"
      }]
    }]
  }
}