{
  "codeSystems" : [
    {
      "url" : "http://example.org/fhir/CodeSystem/gridhamd-answer-options-vs1",
      "version" : "0.1.0",
      "status" : "draft",
      "name" : "GRIDHAMDAnswerOptionsVSQ1",
      "title" : "GRID-HAMD Answer Options ValueSet",
      "description" : "ValueSet including Q1 of the GRID-HAMD Questionnaire answer options.",
      "systems" : [
        "http://example.org/fhir/CodeSystem/gridhamd-answer-options-cs"
      ],
      "uses" : {
      },
      "Questionnaire-GRIDHAMDQuestionnaire.html" : "GRID Hamilton Depression Rating Scale"
    },
    {
      "url" : "http://example.org/fhir/CodeSystem/gridhamd-answer-options-vs10",
      "version" : "0.1.0",
      "status" : "draft",
      "name" : "GRIDHAMDAnswerOptionsVSQ10",
      "title" : "GRID-HAMD Answer Options ValueSet",
      "description" : "ValueSet including Q10 of the GRID-HAMD Questionnaire answer options.",
      "systems" : [
        "http://example.org/fhir/CodeSystem/gridhamd-answer-options-cs"
      ],
      "uses" : {
      },
      "Questionnaire-GRIDHAMDQuestionnaire.html" : "GRID Hamilton Depression Rating Scale"
    },
    {
      "url" : "http://example.org/fhir/CodeSystem/gridhamd-answer-options-vs11",
      "version" : "0.1.0",
      "status" : "draft",
      "name" : "GRIDHAMDAnswerOptionsVSQ11",
      "title" : "GRID-HAMD Answer Options ValueSet",
      "description" : "ValueSet including Q11 of the GRID-HAMD Questionnaire answer options.",
      "systems" : [
        "http://example.org/fhir/CodeSystem/gridhamd-answer-options-cs"
      ],
      "uses" : {
      },
      "Questionnaire-GRIDHAMDQuestionnaire.html" : "GRID Hamilton Depression Rating Scale"
    },
    {
      "url" : "http://example.org/fhir/CodeSystem/gridhamd-answer-options-vs12",
      "version" : "0.1.0",
      "status" : "draft",
      "name" : "GRIDHAMDAnswerOptionsVSQ12",
      "title" : "GRID-HAMD Answer Options ValueSet",
      "description" : "ValueSet including Q12 of the GRID-HAMD Questionnaire answer options.",
      "systems" : [
        "http://example.org/fhir/CodeSystem/gridhamd-answer-options-cs"
      ],
      "uses" : {
      },
      "Questionnaire-GRIDHAMDQuestionnaire.html" : "GRID Hamilton Depression Rating Scale"
    },
    {
      "url" : "http://example.org/fhir/CodeSystem/gridhamd-answer-options-vs13",
      "version" : "0.1.0",
      "status" : "draft",
      "name" : "GRIDHAMDAnswerOptionsVSQ13",
      "title" : "GRID-HAMD Answer Options ValueSet",
      "description" : "ValueSet including Q13 of the GRID-HAMD Questionnaire answer options.",
      "systems" : [
        "http://example.org/fhir/CodeSystem/gridhamd-answer-options-cs"
      ],
      "uses" : {
      },
      "Questionnaire-GRIDHAMDQuestionnaire.html" : "GRID Hamilton Depression Rating Scale"
    },
    {
      "url" : "http://example.org/fhir/CodeSystem/gridhamd-answer-options-vs14",
      "version" : "0.1.0",
      "status" : "draft",
      "name" : "GRIDHAMDAnswerOptionsVSQ14",
      "title" : "GRID-HAMD Answer Options ValueSet",
      "description" : "ValueSet including Q14 of the GRID-HAMD Questionnaire answer options.",
      "systems" : [
        "http://example.org/fhir/CodeSystem/gridhamd-answer-options-cs"
      ],
      "uses" : {
      },
      "Questionnaire-GRIDHAMDQuestionnaire.html" : "GRID Hamilton Depression Rating Scale"
    },
    {
      "url" : "http://example.org/fhir/CodeSystem/gridhamd-answer-options-vs15",
      "version" : "0.1.0",
      "status" : "draft",
      "name" : "GRIDHAMDAnswerOptionsVSQ15",
      "title" : "GRID-HAMD Answer Options ValueSet",
      "description" : "ValueSet including Q15 of the GRID-HAMD Questionnaire answer options.",
      "systems" : [
        "http://example.org/fhir/CodeSystem/gridhamd-answer-options-cs"
      ],
      "uses" : {
      },
      "Questionnaire-GRIDHAMDQuestionnaire.html" : "GRID Hamilton Depression Rating Scale"
    },
    {
      "url" : "http://example.org/fhir/CodeSystem/gridhamd-answer-options-vs16",
      "version" : "0.1.0",
      "status" : "draft",
      "name" : "GRIDHAMDAnswerOptionsVSQ16",
      "title" : "GRID-HAMD Answer Options ValueSet",
      "description" : "ValueSet including Q16 of the GRID-HAMD Questionnaire answer options.",
      "systems" : [
        "http://example.org/fhir/CodeSystem/gridhamd-answer-options-cs"
      ],
      "uses" : {
      },
      "Questionnaire-GRIDHAMDQuestionnaire.html" : "GRID Hamilton Depression Rating Scale"
    },
    {
      "url" : "http://example.org/fhir/CodeSystem/gridhamd-answer-options-vs17",
      "version" : "0.1.0",
      "status" : "draft",
      "name" : "GRIDHAMDAnswerOptionsVSQ17",
      "title" : "GRID-HAMD Answer Options ValueSet",
      "description" : "ValueSet including Q17 of the GRID-HAMD Questionnaire answer options.",
      "systems" : [
        "http://example.org/fhir/CodeSystem/gridhamd-answer-options-cs"
      ],
      "uses" : {
      },
      "Questionnaire-GRIDHAMDQuestionnaire.html" : "GRID Hamilton Depression Rating Scale"
    },
    {
      "url" : "http://example.org/fhir/CodeSystem/gridhamd-answer-options-vs2",
      "version" : "0.1.0",
      "status" : "draft",
      "name" : "GRIDHAMDAnswerOptionsVSQ2",
      "title" : "GRID-HAMD Answer Options ValueSet",
      "description" : "ValueSet including Q2 of the GRID-HAMD Questionnaire answer options.",
      "systems" : [
        "http://example.org/fhir/CodeSystem/gridhamd-answer-options-cs"
      ],
      "uses" : {
      },
      "Questionnaire-GRIDHAMDQuestionnaire.html" : "GRID Hamilton Depression Rating Scale"
    },
    {
      "url" : "http://example.org/fhir/CodeSystem/gridhamd-answer-options-vs3",
      "version" : "0.1.0",
      "status" : "draft",
      "name" : "GRIDHAMDAnswerOptionsVSQ3",
      "title" : "GRID-HAMD Answer Options ValueSet",
      "description" : "ValueSet including Q3 of the GRID-HAMD Questionnaire answer options.",
      "systems" : [
        "http://example.org/fhir/CodeSystem/gridhamd-answer-options-cs"
      ],
      "uses" : {
      },
      "Questionnaire-GRIDHAMDQuestionnaire.html" : "GRID Hamilton Depression Rating Scale"
    },
    {
      "url" : "http://example.org/fhir/CodeSystem/gridhamd-answer-options-vs4",
      "version" : "0.1.0",
      "status" : "draft",
      "name" : "GRIDHAMDAnswerOptionsVSQ4",
      "title" : "GRID-HAMD Answer Options ValueSet",
      "description" : "ValueSet including Q4 of the GRID-HAMD Questionnaire answer options.",
      "systems" : [
        "http://example.org/fhir/CodeSystem/gridhamd-answer-options-cs"
      ],
      "uses" : {
      },
      "Questionnaire-GRIDHAMDQuestionnaire.html" : "GRID Hamilton Depression Rating Scale"
    },
    {
      "url" : "http://example.org/fhir/CodeSystem/gridhamd-answer-options-vs5",
      "version" : "0.1.0",
      "status" : "draft",
      "name" : "GRIDHAMDAnswerOptionsVSQ5",
      "title" : "GRID-HAMD Answer Options ValueSet",
      "description" : "ValueSet including Q5 of the GRID-HAMD Questionnaire answer options.",
      "systems" : [
        "http://example.org/fhir/CodeSystem/gridhamd-answer-options-cs"
      ],
      "uses" : {
      },
      "Questionnaire-GRIDHAMDQuestionnaire.html" : "GRID Hamilton Depression Rating Scale"
    },
    {
      "url" : "http://example.org/fhir/CodeSystem/gridhamd-answer-options-vs6",
      "version" : "0.1.0",
      "status" : "draft",
      "name" : "GRIDHAMDAnswerOptionsVSQ6",
      "title" : "GRID-HAMD Answer Options ValueSet",
      "description" : "ValueSet including Q6 of the GRID-HAMD Questionnaire answer options.",
      "systems" : [
        "http://example.org/fhir/CodeSystem/gridhamd-answer-options-cs"
      ],
      "uses" : {
      },
      "Questionnaire-GRIDHAMDQuestionnaire.html" : "GRID Hamilton Depression Rating Scale"
    },
    {
      "url" : "http://example.org/fhir/CodeSystem/gridhamd-answer-options-vs7",
      "version" : "0.1.0",
      "status" : "draft",
      "name" : "GRIDHAMDAnswerOptionsVSQ7",
      "title" : "GRID-HAMD Answer Options ValueSet",
      "description" : "ValueSet including Q7 of the GRID-HAMD Questionnaire answer options.",
      "systems" : [
        "http://example.org/fhir/CodeSystem/gridhamd-answer-options-cs"
      ],
      "uses" : {
      },
      "Questionnaire-GRIDHAMDQuestionnaire.html" : "GRID Hamilton Depression Rating Scale"
    },
    {
      "url" : "http://example.org/fhir/CodeSystem/gridhamd-answer-options-vs8",
      "version" : "0.1.0",
      "status" : "draft",
      "name" : "GRIDHAMDAnswerOptionsVSQ8",
      "title" : "GRID-HAMD Answer Options ValueSet",
      "description" : "ValueSet including Q8 of the GRID-HAMD Questionnaire answer options.",
      "systems" : [
        "http://example.org/fhir/CodeSystem/gridhamd-answer-options-cs"
      ],
      "uses" : {
      },
      "Questionnaire-GRIDHAMDQuestionnaire.html" : "GRID Hamilton Depression Rating Scale"
    },
    {
      "url" : "http://example.org/fhir/CodeSystem/gridhamd-answer-options-vs9",
      "version" : "0.1.0",
      "status" : "draft",
      "name" : "GRIDHAMDAnswerOptionsVSQ9",
      "title" : "GRID-HAMD Answer Options ValueSet",
      "description" : "ValueSet including Q9 of the GRID-HAMD Questionnaire answer options.",
      "systems" : [
        "http://example.org/fhir/CodeSystem/gridhamd-answer-options-cs"
      ],
      "uses" : {
      },
      "Questionnaire-GRIDHAMDQuestionnaire.html" : "GRID Hamilton Depression Rating Scale"
    },
    {
      "url" : "http://fhir.de/ConsentManagement/ValueSet/ContextIdentifierType",
      "version" : "1.0.1",
      "status" : "active",
      "name" : "ConsentManagementContextIdentifierType",
      "title" : null,
      "description" : null,
      "systems" : [
        "http://fhir.de/CodeSystem/identifier-type-de-basis",
        "http://terminology.hl7.org/CodeSystem/v2-0203"
      ],
      "uses" : {
      },
      "StructureDefinition-consent-management-patient.html" : "UTN Patient"
    },
    {
      "url" : "http://fhir.de/ValueSet/UcumVitalsCommonDE",
      "version" : "1.5.2",
      "status" : "active",
      "name" : "UCUM_Vitals_Common_DE",
      "title" : "UCUM Vitals Common DE",
      "description" : "Alle innerhalb der VitalSign Profile (DE) erlaubten UCUM Einheiten für value[x]",
      "systems" : ["http://unitsofmeasure.org"],
      "uses" : {
      },
      "StructureDefinition-isik-koerpergewicht.html" : "UTN Observation Koerpergewicht Profile",
      "StructureDefinition-utn-observation-arterieller-blutdruck.html" : "UTN Observation Arterieller Blutdruck",
      "StructureDefinition-isik-herzfrequenz.html" : "UTN Observation Heart rate Profile",
      "StructureDefinition-isik-koerpertemperatur.html" : "UTN Observation Koerpertemperatur Profile",
      "StructureDefinition-utn-isik-atemfrequenz.html" : "UTN Observation Atemfrequenz Profile"
    },
    {
      "url" : "http://fhir.de/ValueSet/VitalSignDE-Atemfrequenz-SNOMED-CT",
      "version" : "1.5.2",
      "status" : "active",
      "name" : "VitalSignDE_Atemfrequenz_SNOMED_CT",
      "title" : "VitalSignDE_Atemfrequenz_SNOMED_CT",
      "description" : "VitalSignDE_Atemfrequenz_SNOMED_CT enthält die erwarteten $sct Codes für Atemfrequenz",
      "systems" : ["http://snomed.info/sct"],
      "uses" : {
      },
      "StructureDefinition-utn-isik-atemfrequenz.html" : "UTN Observation Atemfrequenz Profile"
    },
    {
      "url" : "http://fhir.de/ValueSet/VitalSignDE_Body_Weight_Loinc",
      "version" : "1.5.0",
      "status" : "active",
      "name" : "VitalSignDE_Body_Weight_Loinc",
      "title" : "VitalSignDE_Body_Weight_Loinc",
      "description" : "VitalSignDE_Body_Weight_Loinc enthält Codes zur Kodierung der Messung eines Körpergewichtes (inkl. Gewicht bei der Geburt)",
      "systems" : ["http://loinc.org"],
      "uses" : {
      },
      "StructureDefinition-isik-koerpergewicht.html" : "UTN Observation Koerpergewicht Profile"
    },
    {
      "url" : "http://fhir.de/ValueSet/VitalSignDE_Body_Weigth_UCUM",
      "version" : "1.5.2",
      "status" : "active",
      "name" : "VitalSignDE_Body_Weigth_UCUM",
      "title" : "VitalSignDE_Body_Weigth_UCUM",
      "description" : "VitalSignDE_Body_Weigth_UCUM enthält alle validen Einheiten zur Kodierung eines Körpergewichtes",
      "systems" : ["http://unitsofmeasure.org"],
      "uses" : {
      },
      "StructureDefinition-isik-koerpergewicht.html" : "UTN Observation Koerpergewicht Profile"
    },
    {
      "url" : "http://fhir.de/ValueSet/identifier-type-de-basis",
      "version" : "1.5.2",
      "status" : "active",
      "name" : "IdentifierTypeDeBasis",
      "title" : "Identifier Type DeBasis ValueSet",
      "description" : "ValueSet zur Codierung des Identifier-Typs",
      "systems" : [
        "http://fhir.de/CodeSystem/identifier-type-de-basis",
        "http://terminology.hl7.org/CodeSystem/v2-0203"
      ],
      "uses" : {
      },
      "StructureDefinition-KBV-PR-Base-Practitioner.html" : "UTN Practitioner"
    },
    {
      "url" : "http://hl7.org/fhir/ValueSet/administrative-gender",
      "version" : "4.0.1",
      "status" : "active",
      "name" : "AdministrativeGender",
      "title" : "AdministrativeGender",
      "description" : "The gender of a person used for administrative purposes.",
      "systems" : ["http://hl7.org/fhir/administrative-gender"],
      "oids" : ["2.16.840.1.113883.4.642.3.1"],
      "sources" : ["2.16.840.1.113883.4.642.3.1"],
      "uses" : {
      },
      "StructureDefinition-KBV-PR-Base-Practitioner.html" : "UTN Practitioner",
      "StructureDefinition-consent-management-patient.html" : "UTN Patient"
    },
    {
      "url" : "http://hl7.org/fhir/ValueSet/body-site",
      "version" : "4.0.1",
      "status" : "draft",
      "name" : "SNOMEDCTBodyStructures",
      "title" : "SNOMED CT Body Structures",
      "description" : "This value set includes all codes from [SNOMED CT](http://snomed.info/sct) where concept is-a 442083009 (Anatomical or acquired body site (body structure)).",
      "systems" : ["http://snomed.info/sct"],
      "oids" : ["2.16.840.1.113883.4.642.3.141"],
      "sources" : ["2.16.840.1.113883.4.642.3.141"],
      "uses" : {
      },
      "StructureDefinition-isik-koerpergewicht.html" : "UTN Observation Koerpergewicht Profile",
      "StructureDefinition-utn-observation-arterieller-blutdruck.html" : "UTN Observation Arterieller Blutdruck",
      "StructureDefinition-isik-herzfrequenz.html" : "UTN Observation Heart rate Profile",
      "StructureDefinition-isik-koerpertemperatur.html" : "UTN Observation Koerpertemperatur Profile",
      "StructureDefinition-mii-kreatinin.html" : "UTN Laboruntersuchung-Kreatinin",
      "StructureDefinition-utn-isik-atemfrequenz.html" : "UTN Observation Atemfrequenz Profile"
    },
    {
      "url" : "http://hl7.org/fhir/ValueSet/c80-doc-typecodes",
      "version" : "4.0.1",
      "status" : "active",
      "name" : "DocumentTypeValueSet",
      "title" : "Document Type Value Set",
      "description" : "This is the code specifying the precise type of document (e.g. Pulmonary History and  Physical, Discharge Summary, Ultrasound Report, etc.). The Document Type value set includes all LOINC  values listed in HITSP C80 Table 2-144 Document Class Value Set Definition above used for Document Class,  and all LOINC values whose SCALE is DOC in the LOINC database.",
      "systems" : ["http://loinc.org"],
      "oids" : ["2.16.840.1.113883.3.88.12.80.47"],
      "sources" : ["2.16.840.1.113883.3.88.12.80.47"],
      "uses" : {
      },
      "StructureDefinition-utn-consent-documentreference-id.html" : "UTN Consent Document Reference"
    },
    {
      "url" : "http://hl7.org/fhir/ValueSet/c80-facilitycodes",
      "version" : "4.0.1",
      "status" : "active",
      "name" : "FacilityTypeCodeValueSet",
      "title" : "Facility Type Code Value Set",
      "description" : "This is the code representing the type of organizational setting where the clinical encounter, service, interaction, or treatment occurred. The value set used for Healthcare Facility Type has been defined by HITSP to be the value set reproduced from HITSP C80 Table 2-147.",
      "systems" : ["http://snomed.info/sct"],
      "oids" : ["2.16.840.1.113883.3.88.12.80.67"],
      "sources" : ["2.16.840.1.113883.3.88.12.80.67"],
      "uses" : {
      },
      "StructureDefinition-utn-consent-documentreference-id.html" : "UTN Consent Document Reference"
    },
    {
      "url" : "http://hl7.org/fhir/ValueSet/c80-practice-codes",
      "version" : "4.0.1",
      "status" : "active",
      "name" : "PracticeSettingCodeValueSet",
      "title" : "Practice Setting Code Value Set",
      "description" : "This is the code representing the clinical specialty of the clinician or provider who interacted with, treated, or provided a service to/for the patient. The value set used for clinical specialty has been limited by HITSP to the value set reproduced from HITSP C80 Table 2-149 Clinical Specialty Value Set Definition.",
      "systems" : ["http://snomed.info/sct"],
      "oids" : ["2.16.840.1.113883.3.88.12.80.72"],
      "sources" : ["2.16.840.1.113883.3.88.12.80.72"],
      "uses" : {
      },
      "StructureDefinition-utn-consent-documentreference-id.html" : "UTN Consent Document Reference",
      "StructureDefinition-healthcare-service-with-devices.html" : "UTN Healthcare Service with Devices",
      "StructureDefinition-utn-PR-Base-PractitionerRole.html" : "UTN Practitioner Role"
    },
    {
      "url" : "http://hl7.org/fhir/ValueSet/clinical-findings",
      "version" : "4.0.1",
      "status" : "draft",
      "name" : "SNOMEDCTClinicalFindings",
      "title" : "SNOMED CT Clinical Findings",
      "description" : "This value set includes all the \"Clinical finding\" [SNOMED CT](http://snomed.info/sct) codes - concepts where concept is-a 404684003 (Clinical finding (finding)).",
      "systems" : ["http://snomed.info/sct"],
      "oids" : ["2.16.840.1.113883.4.642.3.232"],
      "sources" : ["2.16.840.1.113883.4.642.3.232"],
      "uses" : {
      },
      "StructureDefinition-utn-diagnostik-report.html" : "UTNDiagnostikReport"
    },
    {
      "url" : "http://hl7.org/fhir/ValueSet/common-tags",
      "version" : "4.0.1",
      "status" : "draft",
      "name" : "CommonTags",
      "title" : "Common Tags",
      "description" : "Common Tag Codes defined by FHIR project",
      "systems" : ["http://terminology.hl7.org/CodeSystem/common-tags"],
      "oids" : ["2.16.840.1.113883.4.642.3.79"],
      "sources" : ["2.16.840.1.113883.4.642.3.79"],
      "uses" : {
      },
      "StructureDefinition-utn-consent-id.html" : "UTN Consent Forschungsvorhaben and Videosprechstunde",
      "StructureDefinition-mii-kreatinin.html" : "UTN Laboruntersuchung-Kreatinin"
    },
    {
      "url" : "http://hl7.org/fhir/ValueSet/composition-status",
      "version" : "4.0.1",
      "status" : "draft",
      "name" : "CompositionStatus",
      "title" : "CompositionStatus",
      "description" : "The workflow/clinical status of the composition.",
      "systems" : ["http://hl7.org/fhir/composition-status"],
      "oids" : ["2.16.840.1.113883.4.642.3.241"],
      "sources" : ["2.16.840.1.113883.4.642.3.241"],
      "uses" : {
      },
      "StructureDefinition-utn-consent-documentreference-id.html" : "UTN Consent Document Reference"
    },
    {
      "url" : "http://hl7.org/fhir/ValueSet/consent-action",
      "version" : "4.0.1",
      "status" : "draft",
      "name" : "ConsentActionCodes",
      "title" : "Consent Action Codes",
      "description" : "This value set includes sample Consent Action codes.",
      "systems" : ["http://terminology.hl7.org/CodeSystem/consentaction"],
      "oids" : ["2.16.840.1.113883.4.642.3.753"],
      "sources" : ["2.16.840.1.113883.4.642.3.753"],
      "uses" : {
      },
      "StructureDefinition-utn-consent-id.html" : "UTN Consent Forschungsvorhaben and Videosprechstunde"
    },
    {
      "url" : "http://hl7.org/fhir/ValueSet/consent-category",
      "version" : "4.0.1",
      "status" : "draft",
      "name" : "ConsentCategoryCodes",
      "title" : "Consent Category Codes",
      "description" : "This value set includes sample Consent Directive Type codes, including several consent directive related LOINC codes; HL7 VALUE SET: ActConsentType(2.16.840.1.113883.1.11.19897); examples of US realm consent directive legal descriptions and references to online and/or downloadable forms such as the SSA-827 Authorization to Disclose Information to the Social Security Administration; and other anticipated consent directives related to participation in a clinical trial, medical procedures, reproductive procedures; health care directive (Living Will); advance directive, do not resuscitate (DNR); Physician Orders for Life-Sustaining Treatment (POLST)",
      "systems" : [
        "http://terminology.hl7.org/CodeSystem/v3-ActCode",
        "http://loinc.org",
        "http://terminology.hl7.org/CodeSystem/consentcategorycodes"
      ],
      "oids" : ["2.16.840.1.113883.4.642.3.751"],
      "sources" : ["2.16.840.1.113883.4.642.3.751"],
      "uses" : {
      },
      "StructureDefinition-utn-consent-id.html" : "UTN Consent Forschungsvorhaben and Videosprechstunde"
    },
    {
      "url" : "http://hl7.org/fhir/ValueSet/consent-content-class",
      "version" : "4.0.1",
      "status" : "draft",
      "name" : "ConsentContentClass",
      "title" : "Consent Content Class",
      "description" : "This value set includes the FHIR resource types, along with some other important content class codes",
      "systems" : [
        "urn:ietf:rfc:3986",
        "urn:ietf:bcp:13",
        "http://hl7.org/fhir/resource-types",
        "http://ihe.net/fhir/ValueSet/IHE.FormatCode.codesystem"
      ],
      "oids" : ["2.16.840.1.113883.4.642.3.747"],
      "sources" : ["2.16.840.1.113883.4.642.3.747"],
      "uses" : {
      },
      "StructureDefinition-utn-consent-id.html" : "UTN Consent Forschungsvorhaben and Videosprechstunde"
    },
    {
      "url" : "http://hl7.org/fhir/ValueSet/consent-content-code",
      "version" : "4.0.1",
      "status" : "draft",
      "name" : "ConsentContentCodes",
      "title" : "Consent Content Codes",
      "description" : "This example value set contains all LOINC code",
      "systems" : ["http://loinc.org"],
      "oids" : ["2.16.840.1.113883.4.642.3.748"],
      "sources" : ["2.16.840.1.113883.4.642.3.748"],
      "uses" : {
      },
      "StructureDefinition-utn-consent-id.html" : "UTN Consent Forschungsvorhaben and Videosprechstunde"
    },
    {
      "url" : "http://hl7.org/fhir/ValueSet/consent-data-meaning",
      "version" : "4.0.1",
      "status" : "draft",
      "name" : "ConsentDataMeaning",
      "title" : "ConsentDataMeaning",
      "description" : "How a resource reference is interpreted when testing consent restrictions.",
      "systems" : ["http://hl7.org/fhir/consent-data-meaning"],
      "oids" : ["2.16.840.1.113883.4.642.3.759"],
      "sources" : ["2.16.840.1.113883.4.642.3.759"],
      "uses" : {
      },
      "StructureDefinition-utn-consent-id.html" : "UTN Consent Forschungsvorhaben and Videosprechstunde"
    },
    {
      "url" : "http://hl7.org/fhir/ValueSet/consent-policy",
      "version" : "4.0.1",
      "status" : "draft",
      "name" : "ConsentPolicyRuleCodes",
      "title" : "Consent PolicyRule Codes",
      "description" : "This value set includes sample Regulatory consent policy types from the US and other regions.",
      "systems" : ["http://terminology.hl7.org/CodeSystem/consentpolicycodes"],
      "oids" : ["2.16.840.1.113883.4.642.3.1014"],
      "sources" : ["2.16.840.1.113883.4.642.3.1014"],
      "uses" : {
      },
      "StructureDefinition-utn-consent-id.html" : "UTN Consent Forschungsvorhaben and Videosprechstunde"
    },
    {
      "url" : "http://hl7.org/fhir/ValueSet/consent-provision-type",
      "version" : "4.0.1",
      "status" : "draft",
      "name" : "ConsentProvisionType",
      "title" : "ConsentProvisionType",
      "description" : "How a rule statement is applied, such as adding additional consent or removing consent.",
      "systems" : ["http://hl7.org/fhir/consent-provision-type"],
      "oids" : ["2.16.840.1.113883.4.642.3.757"],
      "sources" : ["2.16.840.1.113883.4.642.3.757"],
      "uses" : {
      },
      "StructureDefinition-utn-consent-id.html" : "UTN Consent Forschungsvorhaben and Videosprechstunde"
    },
    {
      "url" : "http://hl7.org/fhir/ValueSet/consent-scope",
      "version" : "4.0.1",
      "status" : "draft",
      "name" : "ConsentScopeCodes",
      "title" : "Consent Scope Codes",
      "description" : "This value set includes the four Consent scope codes.",
      "systems" : ["http://terminology.hl7.org/CodeSystem/consentscope"],
      "oids" : ["2.16.840.1.113883.4.642.3.761"],
      "sources" : ["2.16.840.1.113883.4.642.3.761"],
      "uses" : {
      },
      "StructureDefinition-utn-consent-id.html" : "UTN Consent Forschungsvorhaben and Videosprechstunde"
    },
    {
      "url" : "http://hl7.org/fhir/ValueSet/consent-state-codes",
      "version" : "4.0.1",
      "status" : "draft",
      "name" : "ConsentState",
      "title" : "ConsentState",
      "description" : "Indicates the state of the consent.",
      "systems" : ["http://hl7.org/fhir/consent-state-codes"],
      "oids" : ["2.16.840.1.113883.4.642.3.755"],
      "sources" : ["2.16.840.1.113883.4.642.3.755"],
      "uses" : {
      },
      "StructureDefinition-utn-consent-id.html" : "UTN Consent Forschungsvorhaben and Videosprechstunde"
    },
    {
      "url" : "http://hl7.org/fhir/ValueSet/data-absent-reason",
      "version" : "4.0.1",
      "status" : "active",
      "name" : "DataAbsentReason",
      "title" : "DataAbsentReason",
      "description" : "Used to specify why the normally expected content of the data element is missing.",
      "systems" : ["http://terminology.hl7.org/CodeSystem/data-absent-reason"],
      "oids" : ["2.16.840.1.113883.4.642.3.5"],
      "sources" : ["2.16.840.1.113883.4.642.3.5"],
      "uses" : {
      },
      "StructureDefinition-isik-koerpergewicht.html" : "UTN Observation Koerpergewicht Profile",
      "StructureDefinition-utn-observation-arterieller-blutdruck.html" : "UTN Observation Arterieller Blutdruck",
      "StructureDefinition-isik-herzfrequenz.html" : "UTN Observation Heart rate Profile",
      "StructureDefinition-isik-koerpertemperatur.html" : "UTN Observation Koerpertemperatur Profile",
      "StructureDefinition-mii-kreatinin.html" : "UTN Laboruntersuchung-Kreatinin",
      "StructureDefinition-utn-isik-atemfrequenz.html" : "UTN Observation Atemfrequenz Profile"
    },
    {
      "url" : "http://hl7.org/fhir/ValueSet/days-of-week",
      "version" : "4.0.1",
      "status" : "active",
      "name" : "DaysOfWeek",
      "title" : "DaysOfWeek",
      "description" : "The days of the week.",
      "systems" : ["http://hl7.org/fhir/days-of-week"],
      "oids" : ["2.16.840.1.113883.4.642.3.512"],
      "sources" : ["2.16.840.1.113883.4.642.3.512"],
      "uses" : {
      },
      "StructureDefinition-healthcare-service-with-devices.html" : "UTN Healthcare Service with Devices",
      "StructureDefinition-utn-PR-Base-PractitionerRole.html" : "UTN Practitioner Role"
    },
    {
      "url" : "http://hl7.org/fhir/ValueSet/diagnostic-report-status",
      "version" : "4.0.1",
      "status" : "draft",
      "name" : "DiagnosticReportStatus",
      "title" : "DiagnosticReportStatus",
      "description" : "The status of the diagnostic report.",
      "systems" : ["http://hl7.org/fhir/diagnostic-report-status"],
      "oids" : ["2.16.840.1.113883.4.642.3.235"],
      "sources" : ["2.16.840.1.113883.4.642.3.235"],
      "uses" : {
      },
      "StructureDefinition-utn-diagnostik-report.html" : "UTNDiagnostikReport"
    },
    {
      "url" : "http://hl7.org/fhir/ValueSet/diagnostic-service-sections",
      "version" : "4.0.1",
      "status" : "draft",
      "name" : "DiagnosticServiceSectionCodes",
      "title" : "Diagnostic Service Section Codes",
      "description" : "This value set includes all the codes in HL7 V2 table 0074.",
      "systems" : ["http://terminology.hl7.org/CodeSystem/v2-0074"],
      "oids" : ["2.16.840.1.113883.4.642.3.234"],
      "sources" : ["2.16.840.1.113883.4.642.3.234"],
      "uses" : {
      },
      "StructureDefinition-utn-diagnostik-report.html" : "UTNDiagnostikReport"
    },
    {
      "url" : "http://hl7.org/fhir/ValueSet/document-classcodes",
      "version" : "4.0.1",
      "status" : "active",
      "name" : "DocumentClassValueSet",
      "title" : "Document Class Value Set",
      "description" : "This is the code specifying the high-level kind of document (e.g. Prescription, Discharge Summary, Report, etc.). Note: Class code for documents comes from LOINC, and is based upon one of the following:The type of service described by the document. It is described at a very high level in Section 7.3 of the LOINC Manual. The type study performed. It was determined by identifying modalities for study reports. The section of the chart where the document is placed. It was determined from the SETs created for Claims Attachment requests.",
      "systems" : ["http://loinc.org"],
      "oids" : ["2.16.840.1.113883.3.88.12.80.46"],
      "sources" : ["2.16.840.1.113883.3.88.12.80.46"],
      "uses" : {
      },
      "StructureDefinition-utn-consent-documentreference-id.html" : "UTN Consent Document Reference"
    },
    {
      "url" : "http://hl7.org/fhir/ValueSet/document-reference-status",
      "version" : "4.0.1",
      "status" : "draft",
      "name" : "DocumentReferenceStatus",
      "title" : "DocumentReferenceStatus",
      "description" : "The status of the document reference.",
      "systems" : ["http://hl7.org/fhir/document-reference-status"],
      "oids" : ["2.16.840.1.113883.4.642.3.7"],
      "sources" : ["2.16.840.1.113883.4.642.3.7"],
      "uses" : {
      },
      "StructureDefinition-utn-consent-documentreference-id.html" : "UTN Consent Document Reference"
    },
    {
      "url" : "http://hl7.org/fhir/ValueSet/document-relationship-type",
      "version" : "4.0.1",
      "status" : "draft",
      "name" : "DocumentRelationshipType",
      "title" : "DocumentRelationshipType",
      "description" : "The type of relationship between documents.",
      "systems" : ["http://hl7.org/fhir/document-relationship-type"],
      "oids" : ["2.16.840.1.113883.4.642.3.244"],
      "sources" : ["2.16.840.1.113883.4.642.3.244"],
      "uses" : {
      },
      "StructureDefinition-utn-consent-documentreference-id.html" : "UTN Consent Document Reference"
    },
    {
      "url" : "http://hl7.org/fhir/ValueSet/formatcodes",
      "version" : "4.0.1",
      "status" : "active",
      "name" : "DocumentReferenceFormatCodeSet",
      "title" : "DocumentReference Format Code Set",
      "description" : "The value set is defined to be the set of format codes defined by the IHE Technical Framework, and also including additional format codes defined by the    HL7. The value set is listed in HITSP C80 Table 2-153 Format Code Value Set Definition,    with additions published later by IHE as published    at http://wiki.ihe.net/index.php?title=IHE_Format_Codes   and with additions published later by HL7 as published at https://confluence.hl7.org/display/SD/Format+Codes+for+IHE+XDS.   This is the code specifying the technical format of the document. Along with the typeCode,    it should provide sufficient information to allow any potential document consumer to know    if it will be able to process the document. The code shall be sufficiently specific to    ensure processing/display by identifying a document encoding, structure and template. The actual list of codes here is incomplete",
      "systems" : ["http://ihe.net/fhir/ValueSet/IHE.FormatCode.codesystem"],
      "oids" : ["1.3.6.1.4.1.19376.1.2.7.1"],
      "sources" : ["1.3.6.1.4.1.19376.1.2.7.1"],
      "uses" : {
      },
      "StructureDefinition-utn-consent-documentreference-id.html" : "UTN Consent Document Reference"
    },
    {
      "url" : "http://hl7.org/fhir/ValueSet/identifier-type",
      "version" : "4.0.1",
      "status" : "active",
      "name" : "Identifier Type Codes",
      "title" : "IdentifierType",
      "description" : "A coded type for an identifier that can be used to determine which identifier to use for a specific purpose.",
      "systems" : ["http://terminology.hl7.org/CodeSystem/v2-0203"],
      "oids" : ["2.16.840.1.113883.4.642.3.45"],
      "sources" : ["2.16.840.1.113883.4.642.3.45"],
      "uses" : {
      },
      "StructureDefinition-KBV-PR-Base-Practitioner.html" : "UTN Practitioner",
      "StructureDefinition-utn-consent-id.html" : "UTN Consent Forschungsvorhaben and Videosprechstunde"
    },
    {
      "url" : "http://hl7.org/fhir/ValueSet/identifier-use",
      "version" : "4.0.1",
      "status" : "active",
      "name" : "IdentifierUse",
      "title" : "IdentifierUse",
      "description" : "Identifies the purpose for this identifier, if known .",
      "systems" : ["http://hl7.org/fhir/identifier-use"],
      "oids" : ["2.16.840.1.113883.4.642.3.57"],
      "sources" : ["2.16.840.1.113883.4.642.3.57"],
      "uses" : {
      },
      "StructureDefinition-KBV-PR-Base-Practitioner.html" : "UTN Practitioner",
      "StructureDefinition-consent-management-patient.html" : "UTN Patient",
      "StructureDefinition-utn-consent-id.html" : "UTN Consent Forschungsvorhaben and Videosprechstunde",
      "StructureDefinition-mii-kreatinin.html" : "UTN Laboruntersuchung-Kreatinin"
    },
    {
      "url" : "http://hl7.org/fhir/ValueSet/languages",
      "version" : "4.0.1",
      "status" : "draft",
      "name" : "CommonLanguages",
      "title" : "Common Languages",
      "description" : "This value set includes common codes from BCP-47 (http://tools.ietf.org/html/bcp47)",
      "systems" : ["urn:ietf:bcp:47"],
      "oids" : ["2.16.840.1.113883.4.642.3.20"],
      "sources" : ["2.16.840.1.113883.4.642.3.20"],
      "uses" : {
      },
      "StructureDefinition-consent-management-provenance.html" : "UTN Consent Management Provenance",
      "StructureDefinition-utn-consent-id.html" : "UTN Consent Forschungsvorhaben and Videosprechstunde",
      "StructureDefinition-profile-consent-management-questionnaireresponse.html" : "UTN Consent Management QuestionnaireResponse",
      "StructureDefinition-isik-herzfrequenz.html" : "UTN Observation Heart rate Profile",
      "StructureDefinition-utn-consent-documentreference-id.html" : "UTN Consent Document Reference",
      "StructureDefinition-healthcare-service-with-devices.html" : "UTN Healthcare Service with Devices",
      "StructureDefinition-utn-PR-Base-PractitionerRole.html" : "UTN Practitioner Role",
      "StructureDefinition-isik-koerpertemperatur.html" : "UTN Observation Koerpertemperatur Profile",
      "StructureDefinition-mii-kreatinin.html" : "UTN Laboruntersuchung-Kreatinin",
      "StructureDefinition-utn-isik-atemfrequenz.html" : "UTN Observation Atemfrequenz Profile",
      "StructureDefinition-KBV-PR-Base-Practitioner.html" : "UTN Practitioner",
      "StructureDefinition-consent-management-patient.html" : "UTN Patient",
      "StructureDefinition-isik-koerpergewicht.html" : "UTN Observation Koerpergewicht Profile",
      "StructureDefinition-utn-observation-arterieller-blutdruck.html" : "UTN Observation Arterieller Blutdruck",
      "StructureDefinition-utn-diagnostik-report.html" : "UTNDiagnostikReport"
    },
    {
      "url" : "http://hl7.org/fhir/ValueSet/link-type",
      "version" : "4.0.1",
      "status" : "active",
      "name" : "LinkType",
      "title" : "LinkType",
      "description" : "The type of link between this patient resource and another patient resource.",
      "systems" : ["http://hl7.org/fhir/link-type"],
      "oids" : ["2.16.840.1.113883.4.642.3.423"],
      "sources" : ["2.16.840.1.113883.4.642.3.423"],
      "uses" : {
      },
      "StructureDefinition-consent-management-patient.html" : "UTN Patient"
    },
    {
      "url" : "http://hl7.org/fhir/ValueSet/marital-status",
      "version" : "4.0.1",
      "status" : "active",
      "name" : "Marital Status Codes",
      "title" : "MaritalStatus",
      "description" : "This value set defines the set of codes that can be used to indicate the marital status of a person.",
      "systems" : [
        "http://terminology.hl7.org/CodeSystem/v3-MaritalStatus",
        "http://terminology.hl7.org/CodeSystem/v3-NullFlavor"
      ],
      "oids" : ["2.16.840.1.113883.4.642.3.29"],
      "sources" : ["2.16.840.1.113883.4.642.3.29"],
      "uses" : {
      },
      "StructureDefinition-consent-management-patient.html" : "UTN Patient"
    },
    {
      "url" : "http://hl7.org/fhir/ValueSet/mimetypes",
      "version" : "4.0.1",
      "status" : "active",
      "name" : "Mime Types",
      "title" : "MimeType",
      "description" : "This value set includes all possible codes from BCP-13 (http://tools.ietf.org/html/bcp13)",
      "systems" : ["urn:ietf:bcp:13"],
      "oids" : ["2.16.840.1.113883.4.642.3.1024"],
      "sources" : ["2.16.840.1.113883.4.642.3.1024"],
      "uses" : {
      },
      "StructureDefinition-consent-management-provenance.html" : "UTN Consent Management Provenance",
      "StructureDefinition-utn-consent-documentreference-id.html" : "UTN Consent Document Reference"
    },
    {
      "url" : "http://hl7.org/fhir/ValueSet/name-part-qualifier",
      "version" : "4.0.1",
      "status" : "draft",
      "name" : "EntityNamePartQualifier",
      "title" : "EntityNamePartQualifier",
      "description" : "A set of codes each of which specifies a certain subcategory of the name part in addition to the main name part type.",
      "systems" : [
        "http://terminology.hl7.org/CodeSystem/v3-EntityNamePartQualifierR2",
        "http://terminology.hl7.org/CodeSystem/v3-EntityNamePartQualifier"
      ],
      "oids" : ["2.16.840.1.113883.4.642.3.906"],
      "sources" : ["2.16.840.1.113883.4.642.3.906"],
      "uses" : {
      },
      "StructureDefinition-KBV-PR-Base-Practitioner.html" : "UTN Practitioner"
    },
    {
      "url" : "http://hl7.org/fhir/ValueSet/name-use",
      "version" : "4.0.1",
      "status" : "active",
      "name" : "NameUse",
      "title" : "NameUse",
      "description" : "The use of a human name.",
      "systems" : ["http://hl7.org/fhir/name-use"],
      "oids" : ["2.16.840.1.113883.4.642.3.65"],
      "sources" : ["2.16.840.1.113883.4.642.3.65"],
      "uses" : {
      },
      "StructureDefinition-KBV-PR-Base-Practitioner.html" : "UTN Practitioner"
    },
    {
      "url" : "http://hl7.org/fhir/ValueSet/observation-category",
      "version" : "4.0.1",
      "status" : "draft",
      "name" : "ObservationCategoryCodes",
      "title" : "Observation Category Codes",
      "description" : "Observation Category codes.",
      "systems" : ["http://terminology.hl7.org/CodeSystem/observation-category"],
      "oids" : ["2.16.840.1.113883.4.642.3.403"],
      "sources" : ["2.16.840.1.113883.4.642.3.403"],
      "uses" : {
      },
      "StructureDefinition-isik-koerpergewicht.html" : "UTN Observation Koerpergewicht Profile",
      "StructureDefinition-utn-observation-arterieller-blutdruck.html" : "UTN Observation Arterieller Blutdruck",
      "StructureDefinition-isik-herzfrequenz.html" : "UTN Observation Heart rate Profile",
      "StructureDefinition-isik-koerpertemperatur.html" : "UTN Observation Koerpertemperatur Profile",
      "StructureDefinition-mii-kreatinin.html" : "UTN Laboruntersuchung-Kreatinin",
      "StructureDefinition-utn-isik-atemfrequenz.html" : "UTN Observation Atemfrequenz Profile"
    },
    {
      "url" : "http://hl7.org/fhir/ValueSet/observation-codes",
      "version" : "4.0.1",
      "status" : "draft",
      "name" : "LOINCCodes",
      "title" : "LOINC Codes",
      "description" : "This value set includes all LOINC codes",
      "systems" : ["http://loinc.org"],
      "oids" : ["2.16.840.1.113883.4.642.3.396"],
      "sources" : ["2.16.840.1.113883.4.642.3.396"],
      "uses" : {
      },
      "StructureDefinition-isik-koerpergewicht.html" : "UTN Observation Koerpergewicht Profile",
      "StructureDefinition-utn-observation-arterieller-blutdruck.html" : "UTN Observation Arterieller Blutdruck",
      "StructureDefinition-isik-herzfrequenz.html" : "UTN Observation Heart rate Profile",
      "StructureDefinition-isik-koerpertemperatur.html" : "UTN Observation Koerpertemperatur Profile",
      "StructureDefinition-mii-kreatinin.html" : "UTN Laboruntersuchung-Kreatinin",
      "StructureDefinition-utn-isik-atemfrequenz.html" : "UTN Observation Atemfrequenz Profile"
    },
    {
      "url" : "http://hl7.org/fhir/ValueSet/observation-interpretation",
      "version" : "4.0.1",
      "status" : "active",
      "name" : "ObservationInterpretationCodes",
      "title" : "Observation Interpretation Codes",
      "description" : "A categorical assessment, providing a rough qualitative interpretation of the observation value,    such as “normal”/ “abnormal”,”low” / “high”, “better” / “worse”, “susceptible” / “resistant”, “expected”/ “not expected”.    The value set is intended to be for ANY use where coded representation of an interpretation is needed.   \r\n   \r\n   Notes:\r\n   \r\n   This is being communicated in v2.x in OBX-8 (Observation Interpretation), in v3 in ObservationInterpretation (CWE) in R1 (Representative Realm) and in FHIR in    Observation.interpretation. Historically these values come from the laboratory domain, and these codes are extensively    used. The value set binding is extensible, so codes outside the value set that are needed for interpretation concepts    (i.e. particular meanings) that are not included in the value set can be used, and these new codes may also be added to    the value set and published in a future version.",
      "systems" : [
        "http://terminology.hl7.org/CodeSystem/v3-ObservationInterpretation"
      ],
      "oids" : ["2.16.840.1.113883.4.642.3.399"],
      "sources" : ["2.16.840.1.113883.4.642.3.399"],
      "uses" : {
      },
      "StructureDefinition-isik-koerpergewicht.html" : "UTN Observation Koerpergewicht Profile",
      "StructureDefinition-utn-observation-arterieller-blutdruck.html" : "UTN Observation Arterieller Blutdruck",
      "StructureDefinition-isik-herzfrequenz.html" : "UTN Observation Heart rate Profile",
      "StructureDefinition-isik-koerpertemperatur.html" : "UTN Observation Koerpertemperatur Profile",
      "StructureDefinition-mii-kreatinin.html" : "UTN Laboruntersuchung-Kreatinin",
      "StructureDefinition-utn-isik-atemfrequenz.html" : "UTN Observation Atemfrequenz Profile"
    },
    {
      "url" : "http://hl7.org/fhir/ValueSet/observation-methods",
      "version" : "4.0.1",
      "status" : "draft",
      "name" : "ObservationMethods",
      "title" : "Observation Methods",
      "description" : "Observation Method codes from [SNOMED CT](http://snomed.info/sct) where concept is-a 272394005 (Technique (qualifier value)) or is-a 129264002 (Action (qualifier value)) or is-a 386053000 (Evaluation procedure(procedure))",
      "systems" : ["http://snomed.info/sct"],
      "oids" : ["2.16.840.1.113883.4.642.3.395"],
      "sources" : ["2.16.840.1.113883.4.642.3.395"],
      "uses" : {
      },
      "StructureDefinition-isik-koerpergewicht.html" : "UTN Observation Koerpergewicht Profile",
      "StructureDefinition-utn-observation-arterieller-blutdruck.html" : "UTN Observation Arterieller Blutdruck",
      "StructureDefinition-isik-herzfrequenz.html" : "UTN Observation Heart rate Profile",
      "StructureDefinition-isik-koerpertemperatur.html" : "UTN Observation Koerpertemperatur Profile",
      "StructureDefinition-mii-kreatinin.html" : "UTN Laboruntersuchung-Kreatinin",
      "StructureDefinition-utn-isik-atemfrequenz.html" : "UTN Observation Atemfrequenz Profile"
    },
    {
      "url" : "http://hl7.org/fhir/ValueSet/observation-status",
      "version" : "4.0.1",
      "status" : "active",
      "name" : "ObservationStatus",
      "title" : "ObservationStatus",
      "description" : "Codes providing the status of an observation.",
      "systems" : ["http://hl7.org/fhir/observation-status"],
      "oids" : ["2.16.840.1.113883.4.642.3.400"],
      "sources" : ["2.16.840.1.113883.4.642.3.400"],
      "uses" : {
      },
      "StructureDefinition-isik-koerpergewicht.html" : "UTN Observation Koerpergewicht Profile",
      "StructureDefinition-utn-observation-arterieller-blutdruck.html" : "UTN Observation Arterieller Blutdruck",
      "StructureDefinition-isik-herzfrequenz.html" : "UTN Observation Heart rate Profile",
      "StructureDefinition-isik-koerpertemperatur.html" : "UTN Observation Koerpertemperatur Profile",
      "StructureDefinition-mii-kreatinin.html" : "UTN Laboruntersuchung-Kreatinin",
      "StructureDefinition-utn-isik-atemfrequenz.html" : "UTN Observation Atemfrequenz Profile"
    },
    {
      "url" : "http://hl7.org/fhir/ValueSet/patient-contactrelationship",
      "version" : "4.0.1",
      "status" : "active",
      "name" : "PatientContactRelationship",
      "title" : "Patient Contact Relationship ",
      "description" : "The nature of the relationship between the patient and the contact person.",
      "systems" : ["http://terminology.hl7.org/CodeSystem/v2-0131"],
      "oids" : ["2.16.840.1.113883.4.642.3.1130"],
      "sources" : ["2.16.840.1.113883.4.642.3.1130"],
      "uses" : {
      },
      "StructureDefinition-consent-management-patient.html" : "UTN Patient"
    },
    {
      "url" : "http://hl7.org/fhir/ValueSet/practitioner-role",
      "version" : "4.0.1",
      "status" : "draft",
      "name" : "PractitionerRole",
      "title" : "Practitioner role",
      "description" : "This example value set defines a set of codes that can be used to indicate the role of a Practitioner.",
      "systems" : [
        "http://terminology.hl7.org/CodeSystem/practitioner-role",
        "http://snomed.info/sct"
      ],
      "oids" : ["2.16.840.1.113883.4.642.3.439"],
      "sources" : ["2.16.840.1.113883.4.642.3.439"],
      "uses" : {
      },
      "StructureDefinition-utn-PR-Base-PractitionerRole.html" : "UTN Practitioner Role"
    },
    {
      "url" : "http://hl7.org/fhir/ValueSet/program",
      "version" : "4.0.1",
      "status" : "draft",
      "name" : "Program",
      "title" : "Program",
      "description" : "This value set defines an example set of codes that could be can be used to classify groupings of service-types/specialties.",
      "systems" : ["http://terminology.hl7.org/CodeSystem/program"],
      "oids" : ["2.16.840.1.113883.4.642.3.1383"],
      "sources" : ["2.16.840.1.113883.4.642.3.1383"],
      "uses" : {
      },
      "StructureDefinition-healthcare-service-with-devices.html" : "UTN Healthcare Service with Devices"
    },
    {
      "url" : "http://hl7.org/fhir/ValueSet/provenance-activity-type",
      "version" : "4.0.1",
      "status" : "draft",
      "name" : "ProvenanceActivityType",
      "title" : "Provenance activity type",
      "description" : "This value set contains representative Activity Type codes, which includes codes from the HL7 DocumentCompletion, ActStatus, and DataOperations code system, W3C PROV-DM and PROV-N concepts and display names, several HL7 Lifecycle Event codes for which there are agreed upon definitions, and non-duplicated codes from the HL7 Security and Privacy Ontology Operations codes.",
      "systems" : [
        "http://terminology.hl7.org/CodeSystem/v3-DocumentCompletion",
        "http://terminology.hl7.org/CodeSystem/v3-DataOperation",
        "http://terminology.hl7.org/CodeSystem/v3-ActCode",
        "http://terminology.hl7.org/CodeSystem/v3-ParticipationType"
      ],
      "oids" : ["2.16.840.1.113883.4.642.3.438"],
      "sources" : ["2.16.840.1.113883.4.642.3.438"],
      "uses" : {
      },
      "StructureDefinition-consent-management-provenance.html" : "UTN Consent Management Provenance"
    },
    {
      "url" : "http://hl7.org/fhir/ValueSet/provenance-agent-type",
      "version" : "4.0.1",
      "status" : "draft",
      "name" : "ProvenanceParticipantType",
      "title" : "Provenance participant type",
      "description" : "The type of participation a provenance participant.",
      "systems" : [
        "http://terminology.hl7.org/CodeSystem/provenance-participant-type"
      ],
      "oids" : ["2.16.840.1.113883.4.642.3.1003"],
      "sources" : ["2.16.840.1.113883.4.642.3.1003"],
      "uses" : {
      },
      "StructureDefinition-consent-management-provenance.html" : "UTN Consent Management Provenance"
    },
    {
      "url" : "http://hl7.org/fhir/ValueSet/provenance-entity-role",
      "version" : "4.0.1",
      "status" : "draft",
      "name" : "ProvenanceEntityRole",
      "title" : "ProvenanceEntityRole",
      "description" : "How an entity was used in an activity.",
      "systems" : ["http://hl7.org/fhir/provenance-entity-role"],
      "oids" : ["2.16.840.1.113883.4.642.3.436"],
      "sources" : ["2.16.840.1.113883.4.642.3.436"],
      "uses" : {
      },
      "StructureDefinition-consent-management-provenance.html" : "UTN Consent Management Provenance"
    },
    {
      "url" : "http://hl7.org/fhir/ValueSet/publication-status",
      "version" : "4.0.1",
      "status" : "active",
      "name" : "PublicationStatus",
      "title" : "PublicationStatus",
      "description" : "The lifecycle status of an artifact.",
      "systems" : ["http://hl7.org/fhir/publication-status"],
      "oids" : ["2.16.840.1.113883.4.642.3.3"],
      "sources" : ["2.16.840.1.113883.4.642.3.3"],
      "uses" : {
      },
      "StructureDefinition-utn-consent-id.html" : "UTN Consent Forschungsvorhaben and Videosprechstunde"
    },
    {
      "url" : "http://hl7.org/fhir/ValueSet/quantity-comparator",
      "version" : "4.0.1",
      "status" : "active",
      "name" : "QuantityComparator",
      "title" : "QuantityComparator",
      "description" : "How the Quantity should be understood and represented.",
      "systems" : ["http://hl7.org/fhir/quantity-comparator"],
      "oids" : ["2.16.840.1.113883.4.642.3.59"],
      "sources" : ["2.16.840.1.113883.4.642.3.59"],
      "uses" : {
      },
      "StructureDefinition-isik-koerpergewicht.html" : "UTN Observation Koerpergewicht Profile",
      "StructureDefinition-utn-observation-arterieller-blutdruck.html" : "UTN Observation Arterieller Blutdruck",
      "StructureDefinition-isik-herzfrequenz.html" : "UTN Observation Heart rate Profile",
      "StructureDefinition-isik-koerpertemperatur.html" : "UTN Observation Koerpertemperatur Profile",
      "StructureDefinition-mii-kreatinin.html" : "UTN Laboruntersuchung-Kreatinin",
      "StructureDefinition-utn-isik-atemfrequenz.html" : "UTN Observation Atemfrequenz Profile"
    },
    {
      "url" : "http://hl7.org/fhir/ValueSet/questionnaire-answers",
      "version" : "4.0.1",
      "status" : "draft",
      "name" : "QuestionnaireAnswerCodes",
      "title" : "Questionnaire Answer Codes",
      "description" : "Example list of codes for answers to questions. (Not complete or necessarily appropriate.)",
      "systems" : ["http://snomed.info/sct"],
      "oids" : ["2.16.840.1.113883.4.642.3.446"],
      "sources" : ["2.16.840.1.113883.4.642.3.446"],
      "uses" : {
      },
      "StructureDefinition-profile-consent-management-questionnaireresponse.html" : "UTN Consent Management QuestionnaireResponse"
    },
    {
      "url" : "http://hl7.org/fhir/ValueSet/questionnaire-answers-status",
      "version" : "4.0.1",
      "status" : "draft",
      "name" : "QuestionnaireResponseStatus",
      "title" : "QuestionnaireResponseStatus",
      "description" : "Lifecycle status of the questionnaire response.",
      "systems" : ["http://hl7.org/fhir/questionnaire-answers-status"],
      "oids" : ["required"],
      "sources" : ["required"],
      "uses" : {
      },
      "StructureDefinition-profile-consent-management-questionnaireresponse.html" : "UTN Consent Management QuestionnaireResponse"
    },
    {
      "url" : "http://hl7.org/fhir/ValueSet/referencerange-appliesto",
      "version" : "4.0.1",
      "status" : "draft",
      "name" : "ObservationReferenceRangeAppliesToCodes",
      "title" : "Observation Reference Range Applies To Codes",
      "description" : "This value set defines a set of codes that can be used to indicate the particular target population the reference range applies to.",
      "systems" : [
        "http://terminology.hl7.org/CodeSystem/v3-Race",
        "http://snomed.info/sct"
      ],
      "oids" : ["2.16.840.1.113883.4.642.3.407"],
      "sources" : ["2.16.840.1.113883.4.642.3.407"],
      "uses" : {
      },
      "StructureDefinition-isik-koerpergewicht.html" : "UTN Observation Koerpergewicht Profile",
      "StructureDefinition-utn-observation-arterieller-blutdruck.html" : "UTN Observation Arterieller Blutdruck",
      "StructureDefinition-isik-herzfrequenz.html" : "UTN Observation Heart rate Profile",
      "StructureDefinition-isik-koerpertemperatur.html" : "UTN Observation Koerpertemperatur Profile",
      "StructureDefinition-mii-kreatinin.html" : "UTN Laboruntersuchung-Kreatinin",
      "StructureDefinition-utn-isik-atemfrequenz.html" : "UTN Observation Atemfrequenz Profile"
    },
    {
      "url" : "http://hl7.org/fhir/ValueSet/referencerange-meaning",
      "version" : "4.0.1",
      "status" : "draft",
      "name" : "ObservationReferenceRangeMeaningCodes",
      "title" : "Observation Reference Range Meaning Codes",
      "description" : "This value set defines a set of codes that can be used to indicate the meaning/use of a reference range for a particular target population.",
      "systems" : [
        "http://terminology.hl7.org/CodeSystem/referencerange-meaning"
      ],
      "oids" : ["2.16.840.1.113883.4.642.3.397"],
      "sources" : ["2.16.840.1.113883.4.642.3.397"],
      "uses" : {
      },
      "StructureDefinition-isik-koerpergewicht.html" : "UTN Observation Koerpergewicht Profile",
      "StructureDefinition-utn-observation-arterieller-blutdruck.html" : "UTN Observation Arterieller Blutdruck",
      "StructureDefinition-isik-herzfrequenz.html" : "UTN Observation Heart rate Profile",
      "StructureDefinition-isik-koerpertemperatur.html" : "UTN Observation Koerpertemperatur Profile",
      "StructureDefinition-mii-kreatinin.html" : "UTN Laboruntersuchung-Kreatinin",
      "StructureDefinition-utn-isik-atemfrequenz.html" : "UTN Observation Atemfrequenz Profile"
    },
    {
      "url" : "http://hl7.org/fhir/ValueSet/report-codes",
      "version" : "4.0.1",
      "status" : "draft",
      "name" : "LOINCDiagnosticReportCodes",
      "title" : "LOINC Diagnostic Report Codes",
      "description" : "This value set includes LOINC codes that relate to Diagnostic Observations.",
      "systems" : ["http://loinc.org"],
      "oids" : ["2.16.840.1.113883.4.642.3.233"],
      "sources" : ["2.16.840.1.113883.4.642.3.233"],
      "uses" : {
      },
      "StructureDefinition-utn-diagnostik-report.html" : "UTNDiagnostikReport"
    },
    {
      "url" : "http://hl7.org/fhir/ValueSet/resource-types",
      "version" : "4.0.1",
      "status" : "active",
      "name" : "ResourceType",
      "title" : "ResourceType",
      "description" : "One of the resource types defined as part of this version of FHIR.",
      "systems" : ["http://hl7.org/fhir/resource-types"],
      "oids" : ["2.16.840.1.113883.4.642.3.27"],
      "sources" : ["2.16.840.1.113883.4.642.3.27"],
      "uses" : {
      },
      "StructureDefinition-KBV-PR-Base-Practitioner.html" : "UTN Practitioner",
      "StructureDefinition-consent-management-provenance.html" : "UTN Consent Management Provenance",
      "StructureDefinition-utn-consent-id.html" : "UTN Consent Forschungsvorhaben and Videosprechstunde",
      "StructureDefinition-profile-consent-management-questionnaireresponse.html" : "UTN Consent Management QuestionnaireResponse",
      "StructureDefinition-device-reference.html" : "Device Reference",
      "StructureDefinition-utn-consent-documentreference-id.html" : "UTN Consent Document Reference",
      "StructureDefinition-mii-kreatinin.html" : "UTN Laboruntersuchung-Kreatinin"
    },
    {
      "url" : "http://hl7.org/fhir/ValueSet/security-labels",
      "version" : "4.0.1",
      "status" : "active",
      "name" : "All Security Labels",
      "title" : "SecurityLabels",
      "description" : "A single value set for all security labels defined by FHIR.",
      "systems" : [
        "http://terminology.hl7.org/CodeSystem/v3-ActReason",
        "http://terminology.hl7.org/CodeSystem/v3-ActUSPrivacyLaw",
        "http://terminology.hl7.org/CodeSystem/v3-ObservationValue",
        "http://terminology.hl7.org/CodeSystem/v3-ActCode",
        "http://terminology.hl7.org/CodeSystem/v3-Confidentiality"
      ],
      "oids" : ["2.16.840.1.113883.4.642.3.47"],
      "sources" : ["2.16.840.1.113883.4.642.3.47"],
      "uses" : {
      },
      "StructureDefinition-utn-consent-id.html" : "UTN Consent Forschungsvorhaben and Videosprechstunde",
      "StructureDefinition-utn-consent-documentreference-id.html" : "UTN Consent Document Reference",
      "StructureDefinition-mii-kreatinin.html" : "UTN Laboruntersuchung-Kreatinin"
    },
    {
      "url" : "http://hl7.org/fhir/ValueSet/security-role-type",
      "version" : "4.0.1",
      "status" : "draft",
      "name" : "SecurityRoleType",
      "title" : "SecurityRoleType",
      "description" : "This example FHIR value set is comprised of example Actor Type codes, which can be used to value FHIR agents, actors, and other role         elements such as those specified in financial transactions. The FHIR Actor value set is based on    DICOM Audit Message, C402;   ASTM Standard, E1762-95 [2013]; selected codes and          derived actor roles from HL7 RoleClass OID 2.16.840.1.113883.5.110;    HL7 Role Code 2.16.840.1.113883.5.111, including AgentRoleType;          HL7 ParticipationType OID: 2.16.840.1.113883.5.90; and    HL7 ParticipationFunction codes OID: 2.16.840.1.113883.5.88.           This value set includes, by reference, role codes from external code systems: NUCC Health Care Provider Taxonomy OID: 2.16.840.1.113883.6.101;          North American Industry Classification System [NAICS]OID: 2.16.840.1.113883.6.85; IndustryClassificationSystem 2.16.840.1.113883.1.11.16039;          and US Census Occupation Code OID: 2.16.840.1.113883.6.243 for relevant recipient or custodian codes not included in this value set.            If no source is indicated in the definition comments, then these are example FHIR codes.          It can be extended with appropriate roles described by SNOMED as well as those described in the HL7 Role Based Access Control Catalog and the          HL7 Healthcare (Security and Privacy) Access Control Catalog.            In Role-Based Access Control (RBAC), permissions are operations on an object that a user wishes to access. Permissions are grouped into roles.          A role characterizes the functions a user is allowed to perform. Roles are assigned to users. If the user's role has the appropriate permissions          to access an object, then that user is granted access to the object. FHIR readily enables RBAC, as FHIR Resources are object types and the CRUDE          events (the FHIR equivalent to permissions in the RBAC scheme) are operations on those objects.          In Attribute-Based Access Control (ABAC), a user requests to perform operations on objects. That user's access request is granted or denied          based on a set of access control policies that are specified in terms of attributes and conditions. FHIR readily enables ABAC, as instances of          a Resource in FHIR (again, Resources are object types) can have attributes associated with them. These attributes include security tags,          environment conditions, and a host of user and object characteristics, which are the same attributes as those used in ABAC. Attributes help          define the access control policies that determine the operations a user may perform on a Resource (in FHIR) or object (in ABAC). For example,          a tag (or attribute) may specify that the identified Resource (object) is not to be further disclosed without explicit consent from the patient.",
      "systems" : [
        "http://terminology.hl7.org/CodeSystem/extra-security-role-type",
        "http://terminology.hl7.org/CodeSystem/v3-RoleCode",
        "http://terminology.hl7.org/CodeSystem/v3-RoleClass",
        "http://terminology.hl7.org/CodeSystem/v3-ParticipationFunction",
        "http://terminology.hl7.org/CodeSystem/contractsignertypecodes",
        "http://terminology.hl7.org/CodeSystem/v3-ParticipationType",
        "http://dicom.nema.org/resources/ontology/DCM"
      ],
      "oids" : ["2.16.840.1.113883.4.642.3.978"],
      "sources" : ["2.16.840.1.113883.4.642.3.978"],
      "uses" : {
      },
      "StructureDefinition-consent-management-provenance.html" : "UTN Consent Management Provenance",
      "StructureDefinition-utn-consent-id.html" : "UTN Consent Forschungsvorhaben and Videosprechstunde"
    },
    {
      "url" : "http://hl7.org/fhir/ValueSet/service-category",
      "version" : "4.0.1",
      "status" : "draft",
      "name" : "ServiceCategory",
      "title" : "Service category",
      "description" : "This value set defines an example set of codes that can be used to classify groupings of service-types/specialties.",
      "systems" : ["http://terminology.hl7.org/CodeSystem/service-category"],
      "oids" : ["2.16.840.1.113883.4.642.3.516"],
      "sources" : ["2.16.840.1.113883.4.642.3.516"],
      "uses" : {
      },
      "StructureDefinition-healthcare-service-with-devices.html" : "UTN Healthcare Service with Devices"
    },
    {
      "url" : "http://hl7.org/fhir/ValueSet/service-provision-conditions",
      "version" : "4.0.1",
      "status" : "draft",
      "name" : "ServiceProvisionConditions",
      "title" : "ServiceProvisionConditions",
      "description" : "The code(s) that detail the conditions under which the healthcare service is available/offered.",
      "systems" : [
        "http://terminology.hl7.org/CodeSystem/service-provision-conditions"
      ],
      "oids" : ["2.16.840.1.113883.4.642.3.514"],
      "sources" : ["2.16.840.1.113883.4.642.3.514"],
      "uses" : {
      },
      "StructureDefinition-healthcare-service-with-devices.html" : "UTN Healthcare Service with Devices"
    },
    {
      "url" : "http://hl7.org/fhir/ValueSet/service-referral-method",
      "version" : "4.0.1",
      "status" : "draft",
      "name" : "ReferralMethod",
      "title" : "ReferralMethod",
      "description" : "The methods of referral can be used when referring to a specific HealthCareService resource.",
      "systems" : [
        "http://terminology.hl7.org/CodeSystem/service-referral-method"
      ],
      "oids" : ["2.16.840.1.113883.4.642.3.510"],
      "sources" : ["2.16.840.1.113883.4.642.3.510"],
      "uses" : {
      },
      "StructureDefinition-healthcare-service-with-devices.html" : "UTN Healthcare Service with Devices"
    },
    {
      "url" : "http://hl7.org/fhir/ValueSet/service-type",
      "version" : "4.0.1",
      "status" : "draft",
      "name" : "ServiceType",
      "title" : "Service type",
      "description" : "This value set defines an example set of codes of service-types.",
      "systems" : ["http://terminology.hl7.org/CodeSystem/service-type"],
      "oids" : ["2.16.840.1.113883.4.642.3.518"],
      "sources" : ["2.16.840.1.113883.4.642.3.518"],
      "uses" : {
      },
      "StructureDefinition-healthcare-service-with-devices.html" : "UTN Healthcare Service with Devices"
    },
    {
      "url" : "http://hl7.org/fhir/uv/ips/ValueSet/results-laboratory-observations-uv-ips",
      "version" : "1.1.0",
      "status" : "active",
      "name" : "ResultsLaboratoryObservationUvIps",
      "title" : "Results Laboratory Observation - IPS",
      "description" : "Value Set Definition: LOINC {STATUS in {ACTIVE}, CLASSTYPE in {1}, CLASS exclude {CHALSKIN, H&P.HX.LAB, LABORDERS, NR STATS, PATH, PATH.\\*, MOLPATH, MOLPATH.\\*, CYTO, HL7.CYTOGEN, HL7.GENETICS}}",
      "systems" : ["http://loinc.org"],
      "uses" : {
      },
      "StructureDefinition-mii-kreatinin.html" : "UTN Laboruntersuchung-Kreatinin"
    },
    {
      "url" : "http://terminology.hl7.org/ValueSet/v3-ActCode",
      "version" : "3.0.0",
      "status" : "active",
      "name" : "ActCode",
      "title" : "v3 Code System ActCode",
      "description" : "A code specifying the particular kind of Act that the Act-instance represents within its class.  Constraints:\r\nThe kind of Act (e.g. physical examination, serum potassium, inpatient encounter, charge financial transaction, etc.) is specified with a code from one of several, typically external, coding systems.  The coding system will depend on the class of Act, such as LOINC for observations, etc. Conceptually, the Act.code must be a specialization of the Act.classCode. This is why the structure of ActClass domain should be reflected in the superstructure of the ActCode domain and then individual codes or externally referenced vocabularies subordinated under these domains that reflect the ActClass structure. Act.classCode and Act.code are not modifiers of each other but the Act.code concept should really imply the Act.classCode concept. For a negative example, it is not appropriate to use an Act.code \"potassium\" together with and Act.classCode for \"laboratory observation\" to somehow mean \"potassium laboratory observation\" and then use the same Act.code for \"potassium\" together with Act.classCode for \"medication\" to mean \"substitution of potassium\". This mutually modifying use of Act.code and Act.classCode is not permitted.",
      "systems" : ["http://terminology.hl7.org/CodeSystem/v3-ActCode"],
      "uses" : {
      },
      "StructureDefinition-utn-consent-documentreference-id.html" : "UTN Consent Document Reference"
    },
    {
      "url" : "http://terminology.hl7.org/ValueSet/v3-PurposeOfUse",
      "version" : "3.1.0",
      "status" : "active",
      "name" : "PurposeOfUse",
      "title" : "PurposeOfUse",
      "description" : "Supports communication of purpose of use at a general level.",
      "systems" : ["http://terminology.hl7.org/CodeSystem/v3-ActReason"],
      "oids" : ["2.16.840.1.113883.1.11.20448"],
      "sources" : ["2.16.840.1.113883.1.11.20448"],
      "uses" : {
      },
      "StructureDefinition-consent-management-provenance.html" : "UTN Consent Management Provenance",
      "StructureDefinition-utn-consent-id.html" : "UTN Consent Forschungsvorhaben and Videosprechstunde"
    },
    {
      "url" : "https://fhir.kbv.de/ValueSet/KBV_VS_Base_Practitioner_Speciality",
      "version" : "1.7.0",
      "status" : "active",
      "name" : "KBV_VS_Base_Practitioner_Speciality",
      "title" : "Practitioner Speciality",
      "description" : "Dieses Valueset enthält die Codes zur Beschreibung von Practitioner Speciality.",
      "systems" : [
        "http://ihe-d.de/CodeSystems/QualifikationenNichtAerztlicherAutoren",
        "http://ihe-d.de/CodeSystems/QualifikatorenZahnaerztlicherAutoren",
        "http://ihe-d.de/CodeSystems/FacharzttitelDerAerztekammern",
        "http://snomed.info/sct"
      ],
      "uses" : {
      },
      "StructureDefinition-KBV-PR-Base-Practitioner.html" : "UTN Practitioner"
    },
    {
      "url" : "https://fhir.kbv.de/ValueSet/KBV_VS_Base_Role_Care",
      "version" : "1.7.0",
      "status" : "active",
      "name" : "KBV_VS_Base_Role_Care",
      "title" : "Rolle in Bezug auf die Einrichtung",
      "description" : "Dieses Valueset enthält die Codes zur Beschreibung von Rolle in Bezug auf die Einrichtung.",
      "systems" : ["https://fhir.kbv.de/CodeSystem/KBV_CS_Base_Role_Care"],
      "uses" : {
      },
      "StructureDefinition-utn-PR-Base-PractitionerRole.html" : "UTN Practitioner Role"
    },
    {
      "url" : "https://gematik.de/fhir/isik/ValueSet/ISiKHerzfrequenzSCTVS",
      "version" : "4.0.0",
      "status" : "active",
      "name" : "ISiKHerzfrequenzSCTVS",
      "title" : "ISiKHerzfrequenzSCTVS",
      "description" : "ValueSet des Herzfrequenz SnomedCT Codes in ISiK",
      "systems" : ["http://snomed.info/sct"],
      "uses" : {
      },
      "StructureDefinition-isik-herzfrequenz.html" : "UTN Observation Heart rate Profile"
    },
    {
      "url" : "https://gematik.de/fhir/isik/ValueSet/ISiKKoerpergewichtSCTVS",
      "version" : "4.0.0",
      "status" : "active",
      "name" : "ISiKKoerpergewichtSCTVS",
      "title" : "ISiKKoerpergewichtSCTVS",
      "description" : "ValueSet des Körpergewichts SnomedCT Codes in ISiK",
      "systems" : ["http://snomed.info/sct"],
      "uses" : {
      },
      "StructureDefinition-isik-koerpergewicht.html" : "UTN Observation Koerpergewicht Profile"
    },
    {
      "url" : "https://gematik.de/fhir/isik/ValueSet/ISiKKoerpertemperaturSCTVS",
      "version" : "4.0.0",
      "status" : "active",
      "name" : "ISiKKoerpertemperaturSCTVS",
      "title" : "ISiKKoerpertemperaturSCTVS",
      "description" : "ValueSet des Körpergewicht SnomedCT Codes in ISiK",
      "systems" : ["http://snomed.info/sct"],
      "uses" : {
      },
      "StructureDefinition-isik-koerpertemperatur.html" : "UTN Observation Koerpertemperatur Profile"
    },
    {
      "url" : "https://www.medizininformatik-initiative.de/fhir/core/modul-labor/ValueSet/mii-vs-labor-identifier-type-codes",
      "version" : "2025.0.2",
      "status" : "active",
      "name" : "MII_VS_Labor_Identifier_Type_Codes",
      "title" : "MII VS Labor Identifier Type Codes",
      "description" : "Type-Codes, um zu bestimmen, welcher Identifier für einen bestimmten Zweck zu verwenden ist.",
      "systems" : ["http://terminology.hl7.org/CodeSystem/v2-0203"],
      "uses" : {
      },
      "StructureDefinition-mii-kreatinin.html" : "UTN Laboruntersuchung-Kreatinin"
    },
    {
      "url" : "https://www.medizininformatik-initiative.de/fhir/modul-consent/ValueSet/mii-vs-consent-signaturetypes",
      "version" : "1.0.0",
      "status" : "active",
      "name" : "MII_VS_Consent_SignatureTypes",
      "title" : "MII Consent: Signature Types",
      "description" : "Dieses ValueSet enthält die zulässigen Werte für den Signaturtyp im Kontext des MI-I Consent.",
      "systems" : ["urn:iso-astm:E1762-95:2013"],
      "uses" : {
      },
      "StructureDefinition-consent-management-provenance.html" : "UTN Consent Management Provenance"
    }
  ]
}
