<?xml version="1.0" encoding="UTF-8"?>

<ValueSet xmlns="http://hl7.org/fhir">
  <id value="gridhamd-answer-options-vs-q11"/>
  <text>
    <status value="generated"/><div xmlns="http://www.w3.org/1999/xhtml"><p class="res-header-id"><b>Generated Narrative: ValueSet gridhamd-answer-options-vs-q11</b></p><a name="gridhamd-answer-options-vs-q11"> </a><a name="hcgridhamd-answer-options-vs-q11"> </a><ul><li>Include these codes as defined in <a href="CodeSystem-gridhamd-answer-options-cs.html"><code>http://example.org/fhir/CodeSystem/gridhamd-answer-options-cs</code></a><table class="none"><tr><td style="white-space:nowrap"><b>Code</b></td><td><b>Display</b></td></tr><tr><td><a href="CodeSystem-gridhamd-answer-options-cs.html#gridhamd-answer-options-cs-Q11-1">Q11-1</a></td><td>Absent and Absent or clinically insignificant</td></tr><tr><td><a href="CodeSystem-gridhamd-answer-options-cs.html#gridhamd-answer-options-cs-Q11-2">Q11-2</a></td><td>Mild (some distress) and Absent or clinically insignificant</td></tr><tr><td><a href="CodeSystem-gridhamd-answer-options-cs.html#gridhamd-answer-options-cs-Q11-3">Q11-3</a></td><td>Mild (some distress) and Occasional</td></tr><tr><td><a href="CodeSystem-gridhamd-answer-options-cs.html#gridhamd-answer-options-cs-Q11-4">Q11-4</a></td><td>Mild (some distress) and Much of the time</td></tr><tr><td><a href="CodeSystem-gridhamd-answer-options-cs.html#gridhamd-answer-options-cs-Q11-5">Q11-5</a></td><td>Mild (some distress) and Almost all the time</td></tr><tr><td><a href="CodeSystem-gridhamd-answer-options-cs.html#gridhamd-answer-options-cs-Q11-6">Q11-6</a></td><td>Moderate (marked distress, may cause some impairment in functioning) and Occasional</td></tr><tr><td><a href="CodeSystem-gridhamd-answer-options-cs.html#gridhamd-answer-options-cs-Q11-7">Q11-7</a></td><td>Moderate (marked distress, may cause some impairment in functioning) and Much of the time</td></tr><tr><td><a href="CodeSystem-gridhamd-answer-options-cs.html#gridhamd-answer-options-cs-Q11-8">Q11-8</a></td><td>Moderate (marked distress, may cause some impairment in functioning)  and Almost all the time</td></tr><tr><td><a href="CodeSystem-gridhamd-answer-options-cs.html#gridhamd-answer-options-cs-Q11-9">Q11-9</a></td><td>Severe (significant impairment in functioning)  and Occasional</td></tr><tr><td><a href="CodeSystem-gridhamd-answer-options-cs.html#gridhamd-answer-options-cs-Q11-10">Q11-10</a></td><td>Severe (significant impairment in functioning) and Much of the time</td></tr><tr><td><a href="CodeSystem-gridhamd-answer-options-cs.html#gridhamd-answer-options-cs-Q11-11">Q11-11</a></td><td>Severe (significant impairment in functioning) and almost all of the time</td></tr><tr><td><a href="CodeSystem-gridhamd-answer-options-cs.html#gridhamd-answer-options-cs-Q11-12">Q11-12</a></td><td>Very Severe (incapacitating) and Occasional</td></tr><tr><td><a href="CodeSystem-gridhamd-answer-options-cs.html#gridhamd-answer-options-cs-Q11-13">Q11-13</a></td><td>Very Severe (incapacitating) and Much off the time</td></tr><tr><td><a href="CodeSystem-gridhamd-answer-options-cs.html#gridhamd-answer-options-cs-Q11-14">Q11-14</a></td><td>Very Severe (incapacitating) and Almost all of the time</td></tr></table></li></ul></div>
  </text>
  <url value="http://example.org/fhir/CodeSystem/gridhamd-answer-options-vs11"/>
  <version value="0.1.0"/>
  <name value="GRIDHAMDAnswerOptionsVSQ11"/>
  <title value="GRID-HAMD Answer Options ValueSet"/>
  <status value="draft"/>
  <date value="2025-06-18T11:50:53+02:00"/>
  <publisher value="BIH at Charité - Core Unit Digital Medicine and Interoperability"/>
  <contact>
    <name value="BIH at Charité - Core Unit Digital Medicine and Interoperability"/>
    <telecom>
      <system value="url"/>
      <value value="https://www.bihealth.org/de/forschung/arbeitsgruppen/interoperabilitaet/home"/>
    </telecom>
  </contact>
  <description value="ValueSet including Q11 of the GRID-HAMD Questionnaire answer options."/>
  <compose>
    <include>
      <system value="http://example.org/fhir/CodeSystem/gridhamd-answer-options-cs"/>
      <concept>
        <code value="Q11-1"/>
        <display value="Absent and Absent or clinically insignificant"/>
      </concept>
      <concept>
        <code value="Q11-2"/>
        <display value="Mild (some distress) and Absent or clinically insignificant"/>
      </concept>
      <concept>
        <code value="Q11-3"/>
        <display value="Mild (some distress) and Occasional"/>
      </concept>
      <concept>
        <code value="Q11-4"/>
        <display value="Mild (some distress) and Much of the time"/>
      </concept>
      <concept>
        <code value="Q11-5"/>
        <display value="Mild (some distress) and Almost all the time"/>
      </concept>
      <concept>
        <code value="Q11-6"/>
        <display value="Moderate (marked distress, may cause some impairment in functioning) and Occasional"/>
      </concept>
      <concept>
        <code value="Q11-7"/>
        <display value="Moderate (marked distress, may cause some impairment in functioning) and Much of the time"/>
      </concept>
      <concept>
        <code value="Q11-8"/>
        <display value="Moderate (marked distress, may cause some impairment in functioning)  and Almost all the time"/>
      </concept>
      <concept>
        <code value="Q11-9"/>
        <display value="Severe (significant impairment in functioning)  and Occasional"/>
      </concept>
      <concept>
        <code value="Q11-10"/>
        <display value="Severe (significant impairment in functioning) and Much of the time"/>
      </concept>
      <concept>
        <code value="Q11-11"/>
        <display value="Severe (significant impairment in functioning) and almost all of the time"/>
      </concept>
      <concept>
        <code value="Q11-12"/>
        <display value="Very Severe (incapacitating) and Occasional"/>
      </concept>
      <concept>
        <code value="Q11-13"/>
        <display value="Very Severe (incapacitating) and Much off the time"/>
      </concept>
      <concept>
        <code value="Q11-14"/>
        <display value="Very Severe (incapacitating) and Almost all of the time"/>
      </concept>
    </include>
  </compose>
</ValueSet>