<?xml version="1.0" encoding="UTF-8"?>

<ValueSet xmlns="http://hl7.org/fhir">
  <id value="gridhamd-answer-options-vs-q16"/>
  <text>
    <status value="generated"/><div xmlns="http://www.w3.org/1999/xhtml"><p class="res-header-id"><b>Generated Narrative: ValueSet gridhamd-answer-options-vs-q16</b></p><a name="gridhamd-answer-options-vs-q16"> </a><a name="hcgridhamd-answer-options-vs-q16"> </a><ul><li>Include these codes as defined in <a href="CodeSystem-gridhamd-answer-options-cs.html"><code>http://example.org/fhir/CodeSystem/gridhamd-answer-options-cs</code></a><table class="none"><tr><td style="white-space:nowrap"><b>Code</b></td><td><b>Display</b></td></tr><tr><td><a href="CodeSystem-gridhamd-answer-options-cs.html#gridhamd-answer-options-cs-Q16.471-1">Q16/1-1</a></td><td>No weight loss</td></tr><tr><td><a href="CodeSystem-gridhamd-answer-options-cs.html#gridhamd-answer-options-cs-Q16.471-2">Q16/1-2</a></td><td>Probable weight loss</td></tr><tr><td><a href="CodeSystem-gridhamd-answer-options-cs.html#gridhamd-answer-options-cs-Q16.471-3">Q16/1-3</a></td><td>Definite weight loss</td></tr><tr><td><a href="CodeSystem-gridhamd-answer-options-cs.html#gridhamd-answer-options-cs-Q16.472-1">Q16/2-1</a></td><td>Less than 1 lb. (.5 kg) loss per week since last visit</td></tr><tr><td><a href="CodeSystem-gridhamd-answer-options-cs.html#gridhamd-answer-options-cs-Q16.472-2">Q16/2-2</a></td><td>1-2 lb. (.5 – 1 kg) loss per week since last visit</td></tr><tr><td><a href="CodeSystem-gridhamd-answer-options-cs.html#gridhamd-answer-options-cs-Q16.472-3">Q16/2-3</a></td><td>More than 2-lb (&gt; 1 kg) loss per week since last visit</td></tr></table></li></ul></div>
  </text>
  <url value="http://example.org/fhir/CodeSystem/gridhamd-answer-options-vs16"/>
  <version value="0.1.0"/>
  <name value="GRIDHAMDAnswerOptionsVSQ16"/>
  <title value="GRID-HAMD Answer Options ValueSet"/>
  <status value="draft"/>
  <date value="2025-06-18T14:35:27+02:00"/>
  <publisher value="BIH at Charité - Core Unit Digital Medicine and Interoperability"/>
  <contact>
    <name value="BIH at Charité - Core Unit Digital Medicine and Interoperability"/>
    <telecom>
      <system value="url"/>
      <value value="https://www.bihealth.org/de/forschung/arbeitsgruppen/interoperabilitaet/home"/>
    </telecom>
  </contact>
  <description value="ValueSet including Q16 of the GRID-HAMD Questionnaire answer options."/>
  <compose>
    <include>
      <system value="http://example.org/fhir/CodeSystem/gridhamd-answer-options-cs"/>
      <concept>
        <code value="Q16/1-1"/>
        <display value="No weight loss"/>
      </concept>
      <concept>
        <code value="Q16/1-2"/>
        <display value="Probable weight loss"/>
      </concept>
      <concept>
        <code value="Q16/1-3"/>
        <display value="Definite weight loss"/>
      </concept>
      <concept>
        <code value="Q16/2-1"/>
        <display value="Less than 1 lb. (.5 kg) loss per week since last visit"/>
      </concept>
      <concept>
        <code value="Q16/2-2"/>
        <display value="1-2 lb. (.5 – 1 kg) loss per week since last visit"/>
      </concept>
      <concept>
        <code value="Q16/2-3"/>
        <display value="More than 2-lb (&gt; 1 kg) loss per week since last visit"/>
      </concept>
    </include>
  </compose>
</ValueSet>