<?xml version="1.0" encoding="UTF-8"?>

<ValueSet xmlns="http://hl7.org/fhir">
  <id value="gridhamd-answer-options-vs-q17"/>
  <text>
    <status value="generated"/><div xmlns="http://www.w3.org/1999/xhtml"><p class="res-header-id"><b>Generated Narrative: ValueSet gridhamd-answer-options-vs-q17</b></p><a name="gridhamd-answer-options-vs-q17"> </a><a name="hcgridhamd-answer-options-vs-q17"> </a><ul><li>Include these codes as defined in <a href="CodeSystem-gridhamd-answer-options-cs.html"><code>http://example.org/fhir/CodeSystem/gridhamd-answer-options-cs</code></a><table class="none"><tr><td style="white-space:nowrap"><b>Code</b></td><td><b>Display</b></td></tr><tr><td><a href="CodeSystem-gridhamd-answer-options-cs.html#gridhamd-answer-options-cs-Q17-1">Q17-1</a></td><td>Any recognition of depressive symptoms, with or without attribution to any cause, e.g., “I’m depressed because my partner always argues with me.</td></tr><tr><td><a href="CodeSystem-gridhamd-answer-options-cs.html#gridhamd-answer-options-cs-Q17-2">Q17-2</a></td><td>Denies illness but accepts possibility of being ill, e.g., “I don’t think there’s anything wrong, but other people think there is.</td></tr><tr><td><a href="CodeSystem-gridhamd-answer-options-cs.html#gridhamd-answer-options-cs-Q17-3">Q17-3</a></td><td>Complete denial of having any illness, e.g., “I’m not depressed; I’m fine.</td></tr></table></li></ul></div>
  </text>
  <url value="http://example.org/fhir/CodeSystem/gridhamd-answer-options-vs17"/>
  <version value="0.1.0"/>
  <name value="GRIDHAMDAnswerOptionsVSQ17"/>
  <title value="GRID-HAMD Answer Options ValueSet"/>
  <status value="draft"/>
  <date value="2025-06-18T14:35:27+02:00"/>
  <publisher value="BIH at Charité - Core Unit Digital Medicine and Interoperability"/>
  <contact>
    <name value="BIH at Charité - Core Unit Digital Medicine and Interoperability"/>
    <telecom>
      <system value="url"/>
      <value value="https://www.bihealth.org/de/forschung/arbeitsgruppen/interoperabilitaet/home"/>
    </telecom>
  </contact>
  <description value="ValueSet including Q17 of the GRID-HAMD Questionnaire answer options."/>
  <compose>
    <include>
      <system value="http://example.org/fhir/CodeSystem/gridhamd-answer-options-cs"/>
      <concept>
        <code value="Q17-1"/>
        <display value="Any recognition of depressive symptoms, with or without attribution to any cause, e.g., “I’m depressed because my partner always argues with me."/>
      </concept>
      <concept>
        <code value="Q17-2"/>
        <display value="Denies illness but accepts possibility of being ill, e.g., “I don’t think there’s anything wrong, but other people think there is."/>
      </concept>
      <concept>
        <code value="Q17-3"/>
        <display value="Complete denial of having any illness, e.g., “I’m not depressed; I’m fine."/>
      </concept>
    </include>
  </compose>
</ValueSet>