<?xml version="1.0" encoding="UTF-8"?>

<ValueSet xmlns="http://hl7.org/fhir">
  <id value="gridhamd-answer-options-vs-q15"/>
  <text>
    <status value="generated"/><div xmlns="http://www.w3.org/1999/xhtml"><p class="res-header-id"><b>Generated Narrative: ValueSet gridhamd-answer-options-vs-q15</b></p><a name="gridhamd-answer-options-vs-q15"> </a><a name="hcgridhamd-answer-options-vs-q15"> </a><a name="gridhamd-answer-options-vs-q15-en-US"> </a><ul><li>Include these codes as defined in <a href="CodeSystem-gridhamd-answer-options-cs.html"><code>http://example.org/fhir/CodeSystem/gridhamd-answer-options-cs</code></a><table class="none"><tr><td style="white-space:nowrap"><b>Code</b></td><td><b>Display</b></td></tr><tr><td><a href="CodeSystem-gridhamd-answer-options-cs.html#gridhamd-answer-options-cs-Q15-1">Q15-1</a></td><td>Absent and Absent or clinically insignificant</td></tr><tr><td><a href="CodeSystem-gridhamd-answer-options-cs.html#gridhamd-answer-options-cs-Q15-2">Q15-2</a></td><td>Mild (preoccupation with bodily functions and sensations, but no concerns about a specific illness)  and Absent or clinically insignificant</td></tr><tr><td><a href="CodeSystem-gridhamd-answer-options-cs.html#gridhamd-answer-options-cs-Q15-3">Q15-3</a></td><td>Mild (preoccupation with bodily functions and sensations, but no concerns about a specific illness)  and Occasional</td></tr><tr><td><a href="CodeSystem-gridhamd-answer-options-cs.html#gridhamd-answer-options-cs-Q15-4">Q15-4</a></td><td>Mild (preoccupation with bodily functions and sensations, but no concerns about a specific illness) and Much of the time</td></tr><tr><td><a href="CodeSystem-gridhamd-answer-options-cs.html#gridhamd-answer-options-cs-Q15-5">Q15-5</a></td><td>Mild (preoccupation with bodily functions and sensations, but no concerns about a specific illness)  and Almost all the time</td></tr><tr><td><a href="CodeSystem-gridhamd-answer-options-cs.html#gridhamd-answer-options-cs-Q15-6">Q15-6</a></td><td>Moderate (Excessive or unrealistic worry about having an illness, e.g., “I worry that these headaches are from a brain tumor.”)  and Occasional</td></tr><tr><td><a href="CodeSystem-gridhamd-answer-options-cs.html#gridhamd-answer-options-cs-Q15-7">Q15-7</a></td><td>Moderate (Excessive or unrealistic worry about having an illness, e.g., “I worry that these headaches are from a brain tumor.”)  and Much of the time</td></tr><tr><td><a href="CodeSystem-gridhamd-answer-options-cs.html#gridhamd-answer-options-cs-Q15-8">Q15-8</a></td><td>Moderate (Excessive or unrealistic worry about having an illness, e.g., “I worry that these headaches are from a brain tumor.”)  and Almost all the time</td></tr><tr><td><a href="CodeSystem-gridhamd-answer-options-cs.html#gridhamd-answer-options-cs-Q15-9">Q15-9</a></td><td>Severe (Strong unrealistic conviction of having an illness, e.g., “I am convinced I have cancer”) and Occasional</td></tr><tr><td><a href="CodeSystem-gridhamd-answer-options-cs.html#gridhamd-answer-options-cs-Q15-10">Q15-10</a></td><td>Severe (Strong unrealistic conviction of having an illness, e.g., “I am convinced I have cancer”) and Much of the time</td></tr><tr><td><a href="CodeSystem-gridhamd-answer-options-cs.html#gridhamd-answer-options-cs-Q15-11">Q15-11</a></td><td>Severe (Strong unrealistic conviction of having an illness, e.g., “I am convinced I have cancer”) and almost all of the time</td></tr><tr><td><a href="CodeSystem-gridhamd-answer-options-cs.html#gridhamd-answer-options-cs-Q15-12">Q15-12</a></td><td>Very Severe (Somatic delusions or hallucinations, e.g., “My insides are rotting”) and Occasional</td></tr><tr><td><a href="CodeSystem-gridhamd-answer-options-cs.html#gridhamd-answer-options-cs-Q15-13">Q15-13</a></td><td>Very Severe (Somatic delusions or hallucinations, e.g., “My insides are rotting”)  and Much off the time</td></tr><tr><td><a href="CodeSystem-gridhamd-answer-options-cs.html#gridhamd-answer-options-cs-Q15-14">Q15-14</a></td><td>Very Severe (Somatic delusions or hallucinations, e.g., “My insides are rotting”) and Almost all of the time</td></tr></table></li></ul></div>
  </text>
  <url value="http://example.org/fhir/CodeSystem/gridhamd-answer-options-vs15"/>
  <version value="0.1.0"/>
  <name value="GRIDHAMDAnswerOptionsVSQ15"/>
  <title value="GRID-HAMD Answer Options ValueSet"/>
  <status value="draft"/>
  <date value="2025-05-14T14:21:32+02:00"/>
  <publisher value="BIH-CEI"/>
  <contact>
    <name value="BIH-CEI"/>
    <telecom>
      <system value="url"/>
      <value value="http://utn/consentresource.com"/>
    </telecom>
  </contact>
  <description value="ValueSet including Q15 of the GRID-HAMD Questionnaire answer options."/>
  <compose>
    <include>
      <system value="http://example.org/fhir/CodeSystem/gridhamd-answer-options-cs"/>
      <concept>
        <code value="Q15-1"/>
        <display value="Absent and Absent or clinically insignificant"/>
      </concept>
      <concept>
        <code value="Q15-2"/>
        <display value="Mild (preoccupation with bodily functions and sensations, but no concerns about a specific illness)  and Absent or clinically insignificant"/>
      </concept>
      <concept>
        <code value="Q15-3"/>
        <display value="Mild (preoccupation with bodily functions and sensations, but no concerns about a specific illness)  and Occasional"/>
      </concept>
      <concept>
        <code value="Q15-4"/>
        <display value="Mild (preoccupation with bodily functions and sensations, but no concerns about a specific illness) and Much of the time"/>
      </concept>
      <concept>
        <code value="Q15-5"/>
        <display value="Mild (preoccupation with bodily functions and sensations, but no concerns about a specific illness)  and Almost all the time"/>
      </concept>
      <concept>
        <code value="Q15-6"/>
        <display value="Moderate (Excessive or unrealistic worry about having an illness, e.g., “I worry that these headaches are from a brain tumor.”)  and Occasional"/>
      </concept>
      <concept>
        <code value="Q15-7"/>
        <display value="Moderate (Excessive or unrealistic worry about having an illness, e.g., “I worry that these headaches are from a brain tumor.”)  and Much of the time"/>
      </concept>
      <concept>
        <code value="Q15-8"/>
        <display value="Moderate (Excessive or unrealistic worry about having an illness, e.g., “I worry that these headaches are from a brain tumor.”)  and Almost all the time"/>
      </concept>
      <concept>
        <code value="Q15-9"/>
        <display value="Severe (Strong unrealistic conviction of having an illness, e.g., “I am convinced I have cancer”) and Occasional"/>
      </concept>
      <concept>
        <code value="Q15-10"/>
        <display value="Severe (Strong unrealistic conviction of having an illness, e.g., “I am convinced I have cancer”) and Much of the time"/>
      </concept>
      <concept>
        <code value="Q15-11"/>
        <display value="Severe (Strong unrealistic conviction of having an illness, e.g., “I am convinced I have cancer”) and almost all of the time"/>
      </concept>
      <concept>
        <code value="Q15-12"/>
        <display value="Very Severe (Somatic delusions or hallucinations, e.g., “My insides are rotting”) and Occasional"/>
      </concept>
      <concept>
        <code value="Q15-13"/>
        <display value="Very Severe (Somatic delusions or hallucinations, e.g., “My insides are rotting”)  and Much off the time"/>
      </concept>
      <concept>
        <code value="Q15-14"/>
        <display value="Very Severe (Somatic delusions or hallucinations, e.g., “My insides are rotting”) and Almost all of the time"/>
      </concept>
    </include>
  </compose>
</ValueSet>