{
  "resourceType" : "ValueSet",
  "id" : "gridhamd-answer-options-vs-q1",
  "text" : {
    "status" : "generated",
    "div" : "<div xmlns=\"http://www.w3.org/1999/xhtml\"><p class=\"res-header-id\"><b>Generated Narrative: ValueSet gridhamd-answer-options-vs-q1</b></p><a name=\"gridhamd-answer-options-vs-q1\"> </a><a name=\"hcgridhamd-answer-options-vs-q1\"> </a><a name=\"gridhamd-answer-options-vs-q1-en-US\"> </a><ul><li>Include these codes as defined in <a href=\"CodeSystem-gridhamd-answer-options-cs.html\"><code>http://example.org/fhir/CodeSystem/gridhamd-answer-options-cs</code></a><table class=\"none\"><tr><td style=\"white-space:nowrap\"><b>Code</b></td><td><b>Display</b></td></tr><tr><td><a href=\"CodeSystem-gridhamd-answer-options-cs.html#gridhamd-answer-options-cs-Q1-1\">Q1-1</a></td><td>Absent and Absent or clinically insignificant</td></tr><tr><td><a href=\"CodeSystem-gridhamd-answer-options-cs.html#gridhamd-answer-options-cs-Q1-2\">Q1-2</a></td><td>Mild (Feelings of sadness, discouragement, low selfesteem, pessimism)  and Absent or clinically insignificant</td></tr><tr><td><a href=\"CodeSystem-gridhamd-answer-options-cs.html#gridhamd-answer-options-cs-Q1-3\">Q1-3</a></td><td>Mild (Feelings of sadness, discouragement, low selfesteem, pessimism) and Occasional</td></tr><tr><td><a href=\"CodeSystem-gridhamd-answer-options-cs.html#gridhamd-answer-options-cs-Q1-4\">Q1-4</a></td><td>Mild (Feelings of sadness, discouragement, low selfesteem, pessimism) and Much of the time</td></tr><tr><td><a href=\"CodeSystem-gridhamd-answer-options-cs.html#gridhamd-answer-options-cs-Q1-5\">Q1-5</a></td><td>Mild (Feelings of sadness, discouragement, low selfesteem, pessimism)  and Almost all the time</td></tr><tr><td><a href=\"CodeSystem-gridhamd-answer-options-cs.html#gridhamd-answer-options-cs-Q1-6\">Q1-6</a></td><td>Moderate (Clear nonverbal signs of sadness, feelings of hopelessness, helplessness, or worthlessness about some aspects of life) and Occasional</td></tr><tr><td><a href=\"CodeSystem-gridhamd-answer-options-cs.html#gridhamd-answer-options-cs-Q1-7\">Q1-7</a></td><td>Moderate (Clear nonverbal signs of sadness, feelings of hopelessness, helplessness, or worthlessness about some aspects of life) and Much of the time</td></tr><tr><td><a href=\"CodeSystem-gridhamd-answer-options-cs.html#gridhamd-answer-options-cs-Q1-8\">Q1-8</a></td><td>Moderate (Clear nonverbal signs of sadness, feelings of hopelessness, helplessness, or worthlessness about some aspects of life) and Almost all the time</td></tr><tr><td><a href=\"CodeSystem-gridhamd-answer-options-cs.html#gridhamd-answer-options-cs-Q1-9\">Q1-9</a></td><td>Severe (Intense sadness, hopelessness about most aspects of life, feelings of complete helplessness or worthlessness) and Occasional</td></tr><tr><td><a href=\"CodeSystem-gridhamd-answer-options-cs.html#gridhamd-answer-options-cs-Q1-10\">Q1-10</a></td><td>Severe (Intense sadness, hopelessness about most aspects of life, feelings of complete helplessness or worthlessness) and Much of the time</td></tr><tr><td><a href=\"CodeSystem-gridhamd-answer-options-cs.html#gridhamd-answer-options-cs-Q1-11\">Q1-11</a></td><td>Severe (Intense sadness, hopelessness about most aspects of life, feelings of complete helplessness or worthlessness) and almost all of the time</td></tr><tr><td><a href=\"CodeSystem-gridhamd-answer-options-cs.html#gridhamd-answer-options-cs-Q1-12\">Q1-12</a></td><td>Very severe (Extreme sadness; intractable hopelessness or helplessness) and Occasional</td></tr><tr><td><a href=\"CodeSystem-gridhamd-answer-options-cs.html#gridhamd-answer-options-cs-Q1-13\">Q1-13</a></td><td>Very severe (Extreme sadness; intractable hopelessness or helplessness) and Much off the time</td></tr><tr><td><a href=\"CodeSystem-gridhamd-answer-options-cs.html#gridhamd-answer-options-cs-Q1-14\">Q1-14</a></td><td>Very severe (Extreme sadness; intractable hopelessness or helplessness) and Almost all of the time</td></tr></table></li></ul></div>"
  },
  "url" : "http://example.org/fhir/CodeSystem/gridhamd-answer-options-vs1",
  "version" : "0.1.0",
  "name" : "GRIDHAMDAnswerOptionsVSQ1",
  "title" : "GRID-HAMD Answer Options ValueSet",
  "status" : "draft",
  "date" : "2025-06-12T14:08:24+02:00",
  "publisher" : "BIH-CEI",
  "contact" : [{
    "name" : "BIH-CEI",
    "telecom" : [{
      "system" : "url",
      "value" : "http://utn/consentresource.com"
    }]
  }],
  "description" : "ValueSet including Q1 of the GRID-HAMD Questionnaire answer options.",
  "compose" : {
    "include" : [{
      "system" : "http://example.org/fhir/CodeSystem/gridhamd-answer-options-cs",
      "concept" : [{
        "code" : "Q1-1",
        "display" : "Absent and Absent or clinically insignificant"
      },
      {
        "code" : "Q1-2",
        "display" : "Mild (Feelings of sadness, discouragement, low selfesteem, pessimism)  and Absent or clinically insignificant"
      },
      {
        "code" : "Q1-3",
        "display" : "Mild (Feelings of sadness, discouragement, low selfesteem, pessimism) and Occasional"
      },
      {
        "code" : "Q1-4",
        "display" : "Mild (Feelings of sadness, discouragement, low selfesteem, pessimism) and Much of the time"
      },
      {
        "code" : "Q1-5",
        "display" : "Mild (Feelings of sadness, discouragement, low selfesteem, pessimism)  and Almost all the time"
      },
      {
        "code" : "Q1-6",
        "display" : "Moderate (Clear nonverbal signs of sadness, feelings of hopelessness, helplessness, or worthlessness about some aspects of life) and Occasional"
      },
      {
        "code" : "Q1-7",
        "display" : "Moderate (Clear nonverbal signs of sadness, feelings of hopelessness, helplessness, or worthlessness about some aspects of life) and Much of the time"
      },
      {
        "code" : "Q1-8",
        "display" : "Moderate (Clear nonverbal signs of sadness, feelings of hopelessness, helplessness, or worthlessness about some aspects of life) and Almost all the time"
      },
      {
        "code" : "Q1-9",
        "display" : "Severe (Intense sadness, hopelessness about most aspects of life, feelings of complete helplessness or worthlessness) and Occasional"
      },
      {
        "code" : "Q1-10",
        "display" : "Severe (Intense sadness, hopelessness about most aspects of life, feelings of complete helplessness or worthlessness) and Much of the time"
      },
      {
        "code" : "Q1-11",
        "display" : "Severe (Intense sadness, hopelessness about most aspects of life, feelings of complete helplessness or worthlessness) and almost all of the time"
      },
      {
        "code" : "Q1-12",
        "display" : "Very severe (Extreme sadness; intractable hopelessness or helplessness) and Occasional"
      },
      {
        "code" : "Q1-13",
        "display" : "Very severe (Extreme sadness; intractable hopelessness or helplessness) and Much off the time"
      },
      {
        "code" : "Q1-14",
        "display" : "Very severe (Extreme sadness; intractable hopelessness or helplessness) and Almost all of the time"
      }]
    }]
  }
}