{
  "resourceType" : "ValueSet",
  "id" : "gridhamd-answer-options-vs-q5",
  "text" : {
    "status" : "generated",
    "div" : "<div xmlns=\"http://www.w3.org/1999/xhtml\"><p class=\"res-header-id\"><b>Generated Narrative: ValueSet gridhamd-answer-options-vs-q5</b></p><a name=\"gridhamd-answer-options-vs-q5\"> </a><a name=\"hcgridhamd-answer-options-vs-q5\"> </a><a name=\"gridhamd-answer-options-vs-q5-en-US\"> </a><ul><li>Include these codes as defined in <a href=\"CodeSystem-gridhamd-answer-options-cs.html\"><code>http://example.org/fhir/CodeSystem/gridhamd-answer-options-cs</code></a><table class=\"none\"><tr><td style=\"white-space:nowrap\"><b>Code</b></td><td><b>Display</b></td></tr><tr><td><a href=\"CodeSystem-gridhamd-answer-options-cs.html#gridhamd-answer-options-cs-Q5-1\">Q5-1</a></td><td>Absent and Absent or clinically insignificant</td></tr><tr><td><a href=\"CodeSystem-gridhamd-answer-options-cs.html#gridhamd-answer-options-cs-Q5-2\">Q5-2</a></td><td>Mild (30 – 59 minutes awake)  and Absent or clinically insignificant</td></tr><tr><td><a href=\"CodeSystem-gridhamd-answer-options-cs.html#gridhamd-answer-options-cs-Q5-3\">Q5-3</a></td><td>Mild (30 – 59 minutes awake) and Occasional</td></tr><tr><td><a href=\"CodeSystem-gridhamd-answer-options-cs.html#gridhamd-answer-options-cs-Q5-4\">Q5-4</a></td><td>Mild (30 – 59 minutes awake) and Much of the time</td></tr><tr><td><a href=\"CodeSystem-gridhamd-answer-options-cs.html#gridhamd-answer-options-cs-Q5-5\">Q5-5</a></td><td>Mild (30 – 59 minutes awake) and Almost all the time</td></tr><tr><td><a href=\"CodeSystem-gridhamd-answer-options-cs.html#gridhamd-answer-options-cs-Q5-6\">Q5-6</a></td><td>Marked (1 hour or more awake) and Occasional</td></tr><tr><td><a href=\"CodeSystem-gridhamd-answer-options-cs.html#gridhamd-answer-options-cs-Q5-7\">Q5-7</a></td><td>Marked (1 hour or more awake) and Much of the time</td></tr><tr><td><a href=\"CodeSystem-gridhamd-answer-options-cs.html#gridhamd-answer-options-cs-Q5-8\">Q5-8</a></td><td>Marked (1 hour or more awake) and Almost all the time</td></tr></table></li></ul></div>"
  },
  "url" : "http://example.org/fhir/CodeSystem/gridhamd-answer-options-vs5",
  "version" : "0.1.0",
  "name" : "GRIDHAMDAnswerOptionsVSQ5",
  "title" : "GRID-HAMD Answer Options ValueSet",
  "status" : "draft",
  "date" : "2025-05-14T14:21:32+02:00",
  "publisher" : "BIH-CEI",
  "contact" : [{
    "name" : "BIH-CEI",
    "telecom" : [{
      "system" : "url",
      "value" : "http://utn/consentresource.com"
    }]
  }],
  "description" : "ValueSet including Q5 of the GRID-HAMD Questionnaire answer options.",
  "compose" : {
    "include" : [{
      "system" : "http://example.org/fhir/CodeSystem/gridhamd-answer-options-cs",
      "concept" : [{
        "code" : "Q5-1",
        "display" : "Absent and Absent or clinically insignificant"
      },
      {
        "code" : "Q5-2",
        "display" : "Mild (30 – 59 minutes awake)  and Absent or clinically insignificant"
      },
      {
        "code" : "Q5-3",
        "display" : "Mild (30 – 59 minutes awake) and Occasional"
      },
      {
        "code" : "Q5-4",
        "display" : "Mild (30 – 59 minutes awake) and Much of the time"
      },
      {
        "code" : "Q5-5",
        "display" : "Mild (30 – 59 minutes awake) and Almost all the time"
      },
      {
        "code" : "Q5-6",
        "display" : "Marked (1 hour or more awake) and Occasional"
      },
      {
        "code" : "Q5-7",
        "display" : "Marked (1 hour or more awake) and Much of the time"
      },
      {
        "code" : "Q5-8",
        "display" : "Marked (1 hour or more awake) and Almost all the time"
      }]
    }]
  }
}