<?xml version="1.0" encoding="UTF-8"?>

<ValueSet xmlns="http://hl7.org/fhir">
  <id value="gridhamd-answer-options-vs-q2"/>
  <text>
    <status value="generated"/><div xmlns="http://www.w3.org/1999/xhtml"><p class="res-header-id"><b>Generated Narrative: ValueSet gridhamd-answer-options-vs-q2</b></p><a name="gridhamd-answer-options-vs-q2"> </a><a name="hcgridhamd-answer-options-vs-q2"> </a><ul><li>Include these codes as defined in <a href="CodeSystem-gridhamd-answer-options-cs.html"><code>http://example.org/fhir/CodeSystem/gridhamd-answer-options-cs</code></a><table class="none"><tr><td style="white-space:nowrap"><b>Code</b></td><td><b>Display</b></td></tr><tr><td><a href="CodeSystem-gridhamd-answer-options-cs.html#gridhamd-answer-options-cs-Q2-1">Q2-1</a></td><td>Absent and Absent or clinically insignificant</td></tr><tr><td><a href="CodeSystem-gridhamd-answer-options-cs.html#gridhamd-answer-options-cs-Q2-2">Q2-2</a></td><td>Mild (Feelings of sadness, discouragement, low selfesteem, pessimism)  and Absent or clinically insignificant</td></tr><tr><td><a href="CodeSystem-gridhamd-answer-options-cs.html#gridhamd-answer-options-cs-Q2-3">Q2-3</a></td><td>Mild (Self-critical, self-reproach, e.g., “I’ve letpeople down”)  and Occasional</td></tr><tr><td><a href="CodeSystem-gridhamd-answer-options-cs.html#gridhamd-answer-options-cs-Q2-4">Q2-4</a></td><td>Mild (Self-critical, self-reproach, e.g., “I’ve letpeople down”)  and Much of the time</td></tr><tr><td><a href="CodeSystem-gridhamd-answer-options-cs.html#gridhamd-answer-options-cs-Q2-5">Q2-5</a></td><td>Mild (Self-critical, self-reproach, e.g., “I’ve letpeople down”) and Almost all the time</td></tr><tr><td><a href="CodeSystem-gridhamd-answer-options-cs.html#gridhamd-answer-options-cs-Q2-6">Q2-6</a></td><td>Moderate (Feelings of guilt, remorse, shame; belief that one has done something bad or wrong)  and Occasional</td></tr><tr><td><a href="CodeSystem-gridhamd-answer-options-cs.html#gridhamd-answer-options-cs-Q2-7">Q2-7</a></td><td>Moderate (Feelings of guilt, remorse, shame; belief that one has done something bad or wrong) and Much of the time</td></tr><tr><td><a href="CodeSystem-gridhamd-answer-options-cs.html#gridhamd-answer-options-cs-Q2-8">Q2-8</a></td><td>Moderate (Feelings of guilt, remorse, shame; belief that one has done something bad or wrong) and Almost all the time</td></tr><tr><td><a href="CodeSystem-gridhamd-answer-options-cs.html#gridhamd-answer-options-cs-Q2-9">Q2-9</a></td><td>Severe (Pervasive feelings of guilt; feels the illness is a punishment for sinful deeds) and Occasional</td></tr><tr><td><a href="CodeSystem-gridhamd-answer-options-cs.html#gridhamd-answer-options-cs-Q2-10">Q2-10</a></td><td>Severe (Pervasive feelings of guilt; feels the illness is a punishment for sinful deeds) and Much of the time</td></tr><tr><td><a href="CodeSystem-gridhamd-answer-options-cs.html#gridhamd-answer-options-cs-Q2-11">Q2-11</a></td><td>Severe (Pervasive feelings of guilt; feels the illness is a punishment for sinful deeds) and almost all of the time</td></tr><tr><td><a href="CodeSystem-gridhamd-answer-options-cs.html#gridhamd-answer-options-cs-Q2-12">Q2-12</a></td><td>Very Severe (Delusions, hallucinations) and Much off the time</td></tr><tr><td><a href="CodeSystem-gridhamd-answer-options-cs.html#gridhamd-answer-options-cs-Q2-13">Q2-13</a></td><td>Very Severe (Delusions, hallucinations) and Almost all of the time</td></tr></table></li></ul></div>
  </text>
  <url value="http://example.org/fhir/CodeSystem/gridhamd-answer-options-vs2"/>
  <version value="0.1.0"/>
  <name value="GRIDHAMDAnswerOptionsVSQ2"/>
  <title value="GRID-HAMD Answer Options ValueSet"/>
  <status value="draft"/>
  <date value="2025-06-18T11:50:53+02:00"/>
  <publisher value="BIH at Charité - Core Unit Digital Medicine and Interoperability"/>
  <contact>
    <name value="BIH at Charité - Core Unit Digital Medicine and Interoperability"/>
    <telecom>
      <system value="url"/>
      <value value="https://www.bihealth.org/de/forschung/arbeitsgruppen/interoperabilitaet/home"/>
    </telecom>
  </contact>
  <description value="ValueSet including Q2 of the GRID-HAMD Questionnaire answer options."/>
  <compose>
    <include>
      <system value="http://example.org/fhir/CodeSystem/gridhamd-answer-options-cs"/>
      <concept>
        <code value="Q2-1"/>
        <display value="Absent and Absent or clinically insignificant"/>
      </concept>
      <concept>
        <code value="Q2-2"/>
        <display value="Mild (Feelings of sadness, discouragement, low selfesteem, pessimism)  and Absent or clinically insignificant"/>
      </concept>
      <concept>
        <code value="Q2-3"/>
        <display value="Mild (Self-critical, self-reproach, e.g., “I’ve letpeople down”)  and Occasional"/>
      </concept>
      <concept>
        <code value="Q2-4"/>
        <display value="Mild (Self-critical, self-reproach, e.g., “I’ve letpeople down”)  and Much of the time"/>
      </concept>
      <concept>
        <code value="Q2-5"/>
        <display value="Mild (Self-critical, self-reproach, e.g., “I’ve letpeople down”) and Almost all the time"/>
      </concept>
      <concept>
        <code value="Q2-6"/>
        <display value="Moderate (Feelings of guilt, remorse, shame; belief that one has done something bad or wrong)  and Occasional"/>
      </concept>
      <concept>
        <code value="Q2-7"/>
        <display value="Moderate (Feelings of guilt, remorse, shame; belief that one has done something bad or wrong) and Much of the time"/>
      </concept>
      <concept>
        <code value="Q2-8"/>
        <display value="Moderate (Feelings of guilt, remorse, shame; belief that one has done something bad or wrong) and Almost all the time"/>
      </concept>
      <concept>
        <code value="Q2-9"/>
        <display value="Severe (Pervasive feelings of guilt; feels the illness is a punishment for sinful deeds) and Occasional"/>
      </concept>
      <concept>
        <code value="Q2-10"/>
        <display value="Severe (Pervasive feelings of guilt; feels the illness is a punishment for sinful deeds) and Much of the time"/>
      </concept>
      <concept>
        <code value="Q2-11"/>
        <display value="Severe (Pervasive feelings of guilt; feels the illness is a punishment for sinful deeds) and almost all of the time"/>
      </concept>
      <concept>
        <code value="Q2-12"/>
        <display value="Very Severe (Delusions, hallucinations) and Much off the time"/>
      </concept>
      <concept>
        <code value="Q2-13"/>
        <display value="Very Severe (Delusions, hallucinations) and Almost all of the time"/>
      </concept>
    </include>
  </compose>
</ValueSet>