{
  "codeSystems" : [
    {
      "url" : "http://fhir.de/ConsentManagement/ValueSet/ContextIdentifierType",
      "version" : "1.0.1",
      "status" : "active",
      "name" : "ConsentManagementContextIdentifierType",
      "title" : null,
      "description" : null,
      "systems" : [
        "http://fhir.de/CodeSystem/identifier-type-de-basis",
        "http://terminology.hl7.org/CodeSystem/v2-0203"
      ],
      "uses" : {
      },
      "StructureDefinition-consent-management-patient.html" : "UTN Patient"
    },
    {
      "url" : "http://hl7.org/fhir/uv/ips/ValueSet/results-laboratory-observations-uv-ips",
      "version" : "1.1.0",
      "status" : "active",
      "name" : "ResultsLaboratoryObservationUvIps",
      "title" : "Results Laboratory Observation - IPS",
      "description" : "Value Set Definition: LOINC {STATUS in {ACTIVE}, CLASSTYPE in {1}, CLASS exclude {CHALSKIN, H&P.HX.LAB, LABORDERS, NR STATS, PATH, PATH.\\*, MOLPATH, MOLPATH.\\*, CYTO, HL7.CYTOGEN, HL7.GENETICS}}",
      "systems" : ["http://loinc.org"],
      "uses" : {
      },
      "StructureDefinition-mii-kreatinin.html" : "UTN Laboruntersuchung-Kreatinin"
    },
    {
      "url" : "https://fhir.kbv.de/ValueSet/KBV_VS_Base_Practitioner_Speciality",
      "version" : "1.7.0",
      "status" : "active",
      "name" : "KBV_VS_Base_Practitioner_Speciality",
      "title" : "Practitioner Speciality",
      "description" : "Dieses Valueset enthält die Codes zur Beschreibung von Practitioner Speciality.",
      "systems" : [
        "http://ihe-d.de/CodeSystems/QualifikationenNichtAerztlicherAutoren",
        "http://ihe-d.de/CodeSystems/QualifikatorenZahnaerztlicherAutoren",
        "http://ihe-d.de/CodeSystems/FacharzttitelDerAerztekammern",
        "http://snomed.info/sct"
      ],
      "uses" : {
      },
      "StructureDefinition-KBV-PR-Base-Practitioner.html" : "UTN Practitioner"
    }
  ]
}
