{
  "codeSystems" : [
    {
      "url" : "http://example.org/fhir/CodeSystem/gridhamd-answer-options-vs1",
      "version" : "0.1.0",
      "status" : "draft",
      "name" : "GRIDHAMDAnswerOptionsVSQ1",
      "title" : "GRID-HAMD Answer Options ValueSet",
      "description" : "ValueSet including Q1 of the GRID-HAMD Questionnaire answer options.",
      "systems" : [
        "http://example.org/fhir/CodeSystem/gridhamd-answer-options-cs"
      ],
      "uses" : {
      },
      "Questionnaire-GRIDHAMDQuestionnaire.html" : "GRID Hamilton Depression Rating Scale"
    },
    {
      "url" : "http://example.org/fhir/CodeSystem/gridhamd-answer-options-vs10",
      "version" : "0.1.0",
      "status" : "draft",
      "name" : "GRIDHAMDAnswerOptionsVSQ10",
      "title" : "GRID-HAMD Answer Options ValueSet",
      "description" : "ValueSet including Q10 of the GRID-HAMD Questionnaire answer options.",
      "systems" : [
        "http://example.org/fhir/CodeSystem/gridhamd-answer-options-cs"
      ],
      "uses" : {
      },
      "Questionnaire-GRIDHAMDQuestionnaire.html" : "GRID Hamilton Depression Rating Scale"
    },
    {
      "url" : "http://example.org/fhir/CodeSystem/gridhamd-answer-options-vs11",
      "version" : "0.1.0",
      "status" : "draft",
      "name" : "GRIDHAMDAnswerOptionsVSQ11",
      "title" : "GRID-HAMD Answer Options ValueSet",
      "description" : "ValueSet including Q11 of the GRID-HAMD Questionnaire answer options.",
      "systems" : [
        "http://example.org/fhir/CodeSystem/gridhamd-answer-options-cs"
      ],
      "uses" : {
      },
      "Questionnaire-GRIDHAMDQuestionnaire.html" : "GRID Hamilton Depression Rating Scale"
    },
    {
      "url" : "http://example.org/fhir/CodeSystem/gridhamd-answer-options-vs12",
      "version" : "0.1.0",
      "status" : "draft",
      "name" : "GRIDHAMDAnswerOptionsVSQ12",
      "title" : "GRID-HAMD Answer Options ValueSet",
      "description" : "ValueSet including Q12 of the GRID-HAMD Questionnaire answer options.",
      "systems" : [
        "http://example.org/fhir/CodeSystem/gridhamd-answer-options-cs"
      ],
      "uses" : {
      },
      "Questionnaire-GRIDHAMDQuestionnaire.html" : "GRID Hamilton Depression Rating Scale"
    },
    {
      "url" : "http://example.org/fhir/CodeSystem/gridhamd-answer-options-vs13",
      "version" : "0.1.0",
      "status" : "draft",
      "name" : "GRIDHAMDAnswerOptionsVSQ13",
      "title" : "GRID-HAMD Answer Options ValueSet",
      "description" : "ValueSet including Q13 of the GRID-HAMD Questionnaire answer options.",
      "systems" : [
        "http://example.org/fhir/CodeSystem/gridhamd-answer-options-cs"
      ],
      "uses" : {
      },
      "Questionnaire-GRIDHAMDQuestionnaire.html" : "GRID Hamilton Depression Rating Scale"
    },
    {
      "url" : "http://example.org/fhir/CodeSystem/gridhamd-answer-options-vs14",
      "version" : "0.1.0",
      "status" : "draft",
      "name" : "GRIDHAMDAnswerOptionsVSQ14",
      "title" : "GRID-HAMD Answer Options ValueSet",
      "description" : "ValueSet including Q14 of the GRID-HAMD Questionnaire answer options.",
      "systems" : [
        "http://example.org/fhir/CodeSystem/gridhamd-answer-options-cs"
      ],
      "uses" : {
      },
      "Questionnaire-GRIDHAMDQuestionnaire.html" : "GRID Hamilton Depression Rating Scale"
    },
    {
      "url" : "http://example.org/fhir/CodeSystem/gridhamd-answer-options-vs15",
      "version" : "0.1.0",
      "status" : "draft",
      "name" : "GRIDHAMDAnswerOptionsVSQ15",
      "title" : "GRID-HAMD Answer Options ValueSet",
      "description" : "ValueSet including Q15 of the GRID-HAMD Questionnaire answer options.",
      "systems" : [
        "http://example.org/fhir/CodeSystem/gridhamd-answer-options-cs"
      ],
      "uses" : {
      },
      "Questionnaire-GRIDHAMDQuestionnaire.html" : "GRID Hamilton Depression Rating Scale"
    },
    {
      "url" : "http://example.org/fhir/CodeSystem/gridhamd-answer-options-vs16",
      "version" : "0.1.0",
      "status" : "draft",
      "name" : "GRIDHAMDAnswerOptionsVSQ16",
      "title" : "GRID-HAMD Answer Options ValueSet",
      "description" : "ValueSet including Q16 of the GRID-HAMD Questionnaire answer options.",
      "systems" : [
        "http://example.org/fhir/CodeSystem/gridhamd-answer-options-cs"
      ],
      "uses" : {
      },
      "Questionnaire-GRIDHAMDQuestionnaire.html" : "GRID Hamilton Depression Rating Scale"
    },
    {
      "url" : "http://example.org/fhir/CodeSystem/gridhamd-answer-options-vs17",
      "version" : "0.1.0",
      "status" : "draft",
      "name" : "GRIDHAMDAnswerOptionsVSQ17",
      "title" : "GRID-HAMD Answer Options ValueSet",
      "description" : "ValueSet including Q17 of the GRID-HAMD Questionnaire answer options.",
      "systems" : [
        "http://example.org/fhir/CodeSystem/gridhamd-answer-options-cs"
      ],
      "uses" : {
      },
      "Questionnaire-GRIDHAMDQuestionnaire.html" : "GRID Hamilton Depression Rating Scale"
    },
    {
      "url" : "http://example.org/fhir/CodeSystem/gridhamd-answer-options-vs2",
      "version" : "0.1.0",
      "status" : "draft",
      "name" : "GRIDHAMDAnswerOptionsVSQ2",
      "title" : "GRID-HAMD Answer Options ValueSet",
      "description" : "ValueSet including Q2 of the GRID-HAMD Questionnaire answer options.",
      "systems" : [
        "http://example.org/fhir/CodeSystem/gridhamd-answer-options-cs"
      ],
      "uses" : {
      },
      "Questionnaire-GRIDHAMDQuestionnaire.html" : "GRID Hamilton Depression Rating Scale"
    },
    {
      "url" : "http://example.org/fhir/CodeSystem/gridhamd-answer-options-vs3",
      "version" : "0.1.0",
      "status" : "draft",
      "name" : "GRIDHAMDAnswerOptionsVSQ3",
      "title" : "GRID-HAMD Answer Options ValueSet",
      "description" : "ValueSet including Q3 of the GRID-HAMD Questionnaire answer options.",
      "systems" : [
        "http://example.org/fhir/CodeSystem/gridhamd-answer-options-cs"
      ],
      "uses" : {
      },
      "Questionnaire-GRIDHAMDQuestionnaire.html" : "GRID Hamilton Depression Rating Scale"
    },
    {
      "url" : "http://example.org/fhir/CodeSystem/gridhamd-answer-options-vs4",
      "version" : "0.1.0",
      "status" : "draft",
      "name" : "GRIDHAMDAnswerOptionsVSQ4",
      "title" : "GRID-HAMD Answer Options ValueSet",
      "description" : "ValueSet including Q4 of the GRID-HAMD Questionnaire answer options.",
      "systems" : [
        "http://example.org/fhir/CodeSystem/gridhamd-answer-options-cs"
      ],
      "uses" : {
      },
      "Questionnaire-GRIDHAMDQuestionnaire.html" : "GRID Hamilton Depression Rating Scale"
    },
    {
      "url" : "http://example.org/fhir/CodeSystem/gridhamd-answer-options-vs5",
      "version" : "0.1.0",
      "status" : "draft",
      "name" : "GRIDHAMDAnswerOptionsVSQ5",
      "title" : "GRID-HAMD Answer Options ValueSet",
      "description" : "ValueSet including Q5 of the GRID-HAMD Questionnaire answer options.",
      "systems" : [
        "http://example.org/fhir/CodeSystem/gridhamd-answer-options-cs"
      ],
      "uses" : {
      },
      "Questionnaire-GRIDHAMDQuestionnaire.html" : "GRID Hamilton Depression Rating Scale"
    },
    {
      "url" : "http://example.org/fhir/CodeSystem/gridhamd-answer-options-vs6",
      "version" : "0.1.0",
      "status" : "draft",
      "name" : "GRIDHAMDAnswerOptionsVSQ6",
      "title" : "GRID-HAMD Answer Options ValueSet",
      "description" : "ValueSet including Q6 of the GRID-HAMD Questionnaire answer options.",
      "systems" : [
        "http://example.org/fhir/CodeSystem/gridhamd-answer-options-cs"
      ],
      "uses" : {
      },
      "Questionnaire-GRIDHAMDQuestionnaire.html" : "GRID Hamilton Depression Rating Scale"
    },
    {
      "url" : "http://example.org/fhir/CodeSystem/gridhamd-answer-options-vs7",
      "version" : "0.1.0",
      "status" : "draft",
      "name" : "GRIDHAMDAnswerOptionsVSQ7",
      "title" : "GRID-HAMD Answer Options ValueSet",
      "description" : "ValueSet including Q7 of the GRID-HAMD Questionnaire answer options.",
      "systems" : [
        "http://example.org/fhir/CodeSystem/gridhamd-answer-options-cs"
      ],
      "uses" : {
      },
      "Questionnaire-GRIDHAMDQuestionnaire.html" : "GRID Hamilton Depression Rating Scale"
    },
    {
      "url" : "http://example.org/fhir/CodeSystem/gridhamd-answer-options-vs8",
      "version" : "0.1.0",
      "status" : "draft",
      "name" : "GRIDHAMDAnswerOptionsVSQ8",
      "title" : "GRID-HAMD Answer Options ValueSet",
      "description" : "ValueSet including Q8 of the GRID-HAMD Questionnaire answer options.",
      "systems" : [
        "http://example.org/fhir/CodeSystem/gridhamd-answer-options-cs"
      ],
      "uses" : {
      },
      "Questionnaire-GRIDHAMDQuestionnaire.html" : "GRID Hamilton Depression Rating Scale"
    },
    {
      "url" : "http://example.org/fhir/CodeSystem/gridhamd-answer-options-vs9",
      "version" : "0.1.0",
      "status" : "draft",
      "name" : "GRIDHAMDAnswerOptionsVSQ9",
      "title" : "GRID-HAMD Answer Options ValueSet",
      "description" : "ValueSet including Q9 of the GRID-HAMD Questionnaire answer options.",
      "systems" : [
        "http://example.org/fhir/CodeSystem/gridhamd-answer-options-cs"
      ],
      "uses" : {
      },
      "Questionnaire-GRIDHAMDQuestionnaire.html" : "GRID Hamilton Depression Rating Scale"
    },
    {
      "url" : "http://fhir.de/ConsentManagement/ValueSet/ContextIdentifierType",
      "version" : "1.0.1",
      "status" : "active",
      "name" : "ConsentManagementContextIdentifierType",
      "title" : null,
      "description" : null,
      "systems" : [
        "http://fhir.de/CodeSystem/identifier-type-de-basis",
        "http://terminology.hl7.org/CodeSystem/v2-0203"
      ],
      "uses" : {
      },
      "StructureDefinition-consent-management-patient.html" : "UTN Patient"
    },
    {
      "url" : "http://hl7.org/fhir/ValueSet/diagnostic-service-sections",
      "version" : "4.0.1",
      "status" : "draft",
      "name" : "DiagnosticServiceSectionCodes",
      "title" : "Diagnostic Service Section Codes",
      "description" : "This value set includes all the codes in HL7 V2 table 0074.",
      "systems" : ["http://terminology.hl7.org/CodeSystem/v2-0074"],
      "oids" : ["2.16.840.1.113883.4.642.3.234"],
      "sources" : ["2.16.840.1.113883.4.642.3.234"],
      "uses" : {
      },
      "StructureDefinition-utn-diagnostik-report.html" : "UTNDiagnostikReport"
    },
    {
      "url" : "http://hl7.org/fhir/uv/ips/ValueSet/results-laboratory-observations-uv-ips",
      "version" : "1.1.0",
      "status" : "active",
      "name" : "ResultsLaboratoryObservationUvIps",
      "title" : "Results Laboratory Observation - IPS",
      "description" : "Value Set Definition: LOINC {STATUS in {ACTIVE}, CLASSTYPE in {1}, CLASS exclude {CHALSKIN, H&P.HX.LAB, LABORDERS, NR STATS, PATH, PATH.\\*, MOLPATH, MOLPATH.\\*, CYTO, HL7.CYTOGEN, HL7.GENETICS}}",
      "systems" : ["http://loinc.org"],
      "uses" : {
      },
      "StructureDefinition-mii-kreatinin.html" : "UTN Laboruntersuchung-Kreatinin"
    },
    {
      "url" : "https://fhir.kbv.de/ValueSet/KBV_VS_Base_Practitioner_Speciality",
      "version" : "1.7.0",
      "status" : "active",
      "name" : "KBV_VS_Base_Practitioner_Speciality",
      "title" : "Practitioner Speciality",
      "description" : "Dieses Valueset enthält die Codes zur Beschreibung von Practitioner Speciality.",
      "systems" : [
        "http://ihe-d.de/CodeSystems/QualifikationenNichtAerztlicherAutoren",
        "http://ihe-d.de/CodeSystems/QualifikatorenZahnaerztlicherAutoren",
        "http://ihe-d.de/CodeSystems/FacharzttitelDerAerztekammern",
        "http://snomed.info/sct"
      ],
      "uses" : {
      },
      "StructureDefinition-KBV-PR-Base-Practitioner.html" : "UTN Practitioner"
    }
  ]
}
