URL,Version,Status,OIDs,Name,Title,Descriptino,Uses,Used,Sources
http://example.org/fhir/CodeSystem/gridhamd-answer-options-vs1,0.1.0,draft,,GRIDHAMDAnswerOptionsVSQ1,GRID-HAMD Answer Options ValueSet,"ValueSet including Q1 of the GRID-HAMD Questionnaire answer options.","Questionnaire/GRIDHAMDQuestionnaire","Internal"
http://example.org/fhir/CodeSystem/gridhamd-answer-options-vs10,0.1.0,draft,,GRIDHAMDAnswerOptionsVSQ10,GRID-HAMD Answer Options ValueSet,"ValueSet including Q10 of the GRID-HAMD Questionnaire answer options.","Questionnaire/GRIDHAMDQuestionnaire","Internal"
http://example.org/fhir/CodeSystem/gridhamd-answer-options-vs11,0.1.0,draft,,GRIDHAMDAnswerOptionsVSQ11,GRID-HAMD Answer Options ValueSet,"ValueSet including Q11 of the GRID-HAMD Questionnaire answer options.","Questionnaire/GRIDHAMDQuestionnaire","Internal"
http://example.org/fhir/CodeSystem/gridhamd-answer-options-vs12,0.1.0,draft,,GRIDHAMDAnswerOptionsVSQ12,GRID-HAMD Answer Options ValueSet,"ValueSet including Q12 of the GRID-HAMD Questionnaire answer options.","Questionnaire/GRIDHAMDQuestionnaire","Internal"
http://example.org/fhir/CodeSystem/gridhamd-answer-options-vs13,0.1.0,draft,,GRIDHAMDAnswerOptionsVSQ13,GRID-HAMD Answer Options ValueSet,"ValueSet including Q13 of the GRID-HAMD Questionnaire answer options.","Questionnaire/GRIDHAMDQuestionnaire","Internal"
http://example.org/fhir/CodeSystem/gridhamd-answer-options-vs14,0.1.0,draft,,GRIDHAMDAnswerOptionsVSQ14,GRID-HAMD Answer Options ValueSet,"ValueSet including Q14 of the GRID-HAMD Questionnaire answer options.","Questionnaire/GRIDHAMDQuestionnaire","Internal"
http://example.org/fhir/CodeSystem/gridhamd-answer-options-vs15,0.1.0,draft,,GRIDHAMDAnswerOptionsVSQ15,GRID-HAMD Answer Options ValueSet,"ValueSet including Q15 of the GRID-HAMD Questionnaire answer options.","Questionnaire/GRIDHAMDQuestionnaire","Internal"
http://example.org/fhir/CodeSystem/gridhamd-answer-options-vs16,0.1.0,draft,,GRIDHAMDAnswerOptionsVSQ16,GRID-HAMD Answer Options ValueSet,"ValueSet including Q16 of the GRID-HAMD Questionnaire answer options.","Questionnaire/GRIDHAMDQuestionnaire","Internal"
http://example.org/fhir/CodeSystem/gridhamd-answer-options-vs17,0.1.0,draft,,GRIDHAMDAnswerOptionsVSQ17,GRID-HAMD Answer Options ValueSet,"ValueSet including Q17 of the GRID-HAMD Questionnaire answer options.","Questionnaire/GRIDHAMDQuestionnaire","Internal"
http://example.org/fhir/CodeSystem/gridhamd-answer-options-vs2,0.1.0,draft,,GRIDHAMDAnswerOptionsVSQ2,GRID-HAMD Answer Options ValueSet,"ValueSet including Q2 of the GRID-HAMD Questionnaire answer options.","Questionnaire/GRIDHAMDQuestionnaire","Internal"
http://example.org/fhir/CodeSystem/gridhamd-answer-options-vs3,0.1.0,draft,,GRIDHAMDAnswerOptionsVSQ3,GRID-HAMD Answer Options ValueSet,"ValueSet including Q3 of the GRID-HAMD Questionnaire answer options.","Questionnaire/GRIDHAMDQuestionnaire","Internal"
http://example.org/fhir/CodeSystem/gridhamd-answer-options-vs4,0.1.0,draft,,GRIDHAMDAnswerOptionsVSQ4,GRID-HAMD Answer Options ValueSet,"ValueSet including Q4 of the GRID-HAMD Questionnaire answer options.","Questionnaire/GRIDHAMDQuestionnaire","Internal"
http://example.org/fhir/CodeSystem/gridhamd-answer-options-vs5,0.1.0,draft,,GRIDHAMDAnswerOptionsVSQ5,GRID-HAMD Answer Options ValueSet,"ValueSet including Q5 of the GRID-HAMD Questionnaire answer options.","Questionnaire/GRIDHAMDQuestionnaire","Internal"
http://example.org/fhir/CodeSystem/gridhamd-answer-options-vs6,0.1.0,draft,,GRIDHAMDAnswerOptionsVSQ6,GRID-HAMD Answer Options ValueSet,"ValueSet including Q6 of the GRID-HAMD Questionnaire answer options.","Questionnaire/GRIDHAMDQuestionnaire","Internal"
http://example.org/fhir/CodeSystem/gridhamd-answer-options-vs7,0.1.0,draft,,GRIDHAMDAnswerOptionsVSQ7,GRID-HAMD Answer Options ValueSet,"ValueSet including Q7 of the GRID-HAMD Questionnaire answer options.","Questionnaire/GRIDHAMDQuestionnaire","Internal"
http://example.org/fhir/CodeSystem/gridhamd-answer-options-vs8,0.1.0,draft,,GRIDHAMDAnswerOptionsVSQ8,GRID-HAMD Answer Options ValueSet,"ValueSet including Q8 of the GRID-HAMD Questionnaire answer options.","Questionnaire/GRIDHAMDQuestionnaire","Internal"
http://example.org/fhir/CodeSystem/gridhamd-answer-options-vs9,0.1.0,draft,,GRIDHAMDAnswerOptionsVSQ9,GRID-HAMD Answer Options ValueSet,"ValueSet including Q9 of the GRID-HAMD Questionnaire answer options.","Questionnaire/GRIDHAMDQuestionnaire","Internal"
http://fhir.de/ConsentManagement/ValueSet/ContextIdentifierType,2.0.0,active,,ConsentManagementContextIdentifierType,,"","StructureDefinition/utn-patient","THO (V2),de.basisprofil.r4"
http://fhir.de/ValueSet/DiagnoseTyp,1.5.0,active,,DiagnoseTyp,DiagnoseTyp ValueSet,"DiagnoseTyp ValueSet","StructureDefinition/utn-encounter","de.basisprofil.r4"
http://fhir.de/ValueSet/Diagnosesubtyp,1.5.0,active,,Diagnosesubtyp,Diagnosesubtyp ValueSet,"Diagnosesubtyp ValueSet","StructureDefinition/utn-encounter","de.basisprofil.r4,THO"
http://fhir.de/ValueSet/EncounterClassDE,1.5.0,active,,EncounterClassDE,EncounterClassDE,"Fallarten und Patientenstatus zur Codierung von Encounter.class","StructureDefinition/utn-encounter","THO (V3)"
http://fhir.de/ValueSet/EncounterStatusDe,1.5.0,active,,EncounterStatusDe,Encounter Status ValueSet,"Einschränkung von Encounter Status in Vorbereitung auf Änderungen in FHIR R5","StructureDefinition/utn-encounter","hl7.fhir.r4.core"
http://fhir.de/ValueSet/UcumVitalsCommonDE,1.5.0,active,,UCUM_Vitals_Common_DE,UCUM Vitals Common DE,"Alle innerhalb der VitalSign Profile (DE) erlaubten UCUM Einheiten für value[x]","StructureDefinition/isik-koerpergewicht,StructureDefinition/isik-herzfrequenz,StructureDefinition/utn-isik-atemfrequenz,StructureDefinition/isik-koerpertemperatur,StructureDefinition/utn-observation-arterieller-blutdruck","UCUM"
http://fhir.de/ValueSet/VitalSignDE-Atemfrequenz-SNOMED-CT,1.5.0,active,,VitalSignDE_Atemfrequenz_SNOMED_CT,VitalSignDE_Atemfrequenz_SNOMED_CT,"VitalSignDE_Atemfrequenz_SNOMED_CT enthält die erwarteten $sct Codes für Atemfrequenz","StructureDefinition/utn-isik-atemfrequenz","SCT"
http://fhir.de/ValueSet/VitalSignDE_Body_Weight_Loinc,1.5.0,active,,VitalSignDE_Body_Weight_Loinc,VitalSignDE_Body_Weight_Loinc,"VitalSignDE_Body_Weight_Loinc enthält Codes zur Kodierung der Messung eines Körpergewichtes (inkl. Gewicht bei der Geburt)","StructureDefinition/isik-koerpergewicht","LOINC"
http://fhir.de/ValueSet/VitalSignDE_Body_Weigth_UCUM,1.5.0,active,,VitalSignDE_Body_Weigth_UCUM,VitalSignDE_Body_Weigth_UCUM,"VitalSignDE_Body_Weigth_UCUM enthält alle validen Einheiten zur Kodierung eines Körpergewichtes","StructureDefinition/isik-koerpergewicht","UCUM"
http://fhir.de/ValueSet/bfarm/ops,1.5.0,active,,OpsVS,OPS ValueSet,"OPS ValueSet","StructureDefinition/utn-icu-extrakorporales-verfahren,StructureDefinition/utn-procedure,StructureDefinition/utn-procedure-beatmung","de.basisprofil.r4"
http://fhir.de/ValueSet/dgkev/Aufnahmeanlass,1.5.0,active,,AufnahmeanlassVS,Aufnahmeanlass ValueSet,"Aufnahmeanlass, Datenübermittlung nach § 301 Abs. 3 SGB V","StructureDefinition/utn-encounter","de.basisprofil.r4"
http://fhir.de/ValueSet/dkgev/AufnahmegrundDritteStelle,1.5.0,active,,AufnahmegrundDritteStelleVS,AufnahmegrundDritteStelle ValueSet,"Aufnahmegrund (3. Stelle), Datenübermittlung nach § 301 Abs. 3 SGB V","StructureDefinition/utn-encounter","de.basisprofil.r4"
http://fhir.de/ValueSet/dkgev/AufnahmegrundErsteUndZweiteStelle,1.5.0,active,,AufnahmegrundErsteUndZweiteStelleVS,Aufnahmegrund Erste und Zweite Stelle ValueSet,"Aufnahmegrund (1. und 2. Stelle), Datenübermittlung nach § 301 Abs. 3 SGB V","StructureDefinition/utn-encounter","de.basisprofil.r4"
http://fhir.de/ValueSet/dkgev/AufnahmegrundVierteStelle,1.5.0,active,,AufnahmegrundVierteStelleVS,Aufnahmegrund Vierte Stelle ValueSet,"Aufnahmegrund (4. Stelle), Datenübermittlung nach § 301 Abs. 3 SGB V","StructureDefinition/utn-encounter","de.basisprofil.r4"
http://fhir.de/ValueSet/dkgev/Fachabteilungsschluessel,1.5.0,active,,FachabteilungsschluesselVS,Fachabteilungsschlüssel ValueSet,"Fachabteilungen gemäß Anhang 1 der BPflV in der am 31.12.2003 geltenden Fassung","StructureDefinition/utn-encounter","de.basisprofil.r4"
http://fhir.de/ValueSet/dkgev/Fachabteilungsschluessel-erweitert,1.5.0,active,,ValueSetFachabteilungsschluesselErweitert,FachabteilungsschluesselErweitert ValueSet,"Fachabteilungen gemäß Anhang 1 der BPflV in der am 31.12.2003 geltenden Fassung inkl. Spezialisierungen","StructureDefinition/utn-encounter","de.basisprofil.r4"
http://fhir.de/ValueSet/identifier-type-de-basis,1.5.0,active,,IdentifierTypeDeBasis,Identifier Type DeBasis ValueSet,"ValueSet zur Codierung des Identifier-Typs","StructureDefinition/KBV-PR-Base-Practitioner","THO (V2),de.basisprofil.r4"
http://fhir.de/ValueSet/kontaktart-de,1.5.0,active,,KontaktartDe,KontaktartDe ValueSet,"Kontaktarten für die Codierung von Encounter.type","StructureDefinition/utn-encounter","de.basisprofil.r4"
http://fhir.de/ValueSet/kontaktebene-de,1.5.0,active,,KontaktebeneDe,KontaktebeneDe ValueSet,"Kontaktebene für die Codierung von Encounter.type","StructureDefinition/utn-encounter","de.basisprofil.r4"
http://hl7.org/fhir/ValueSet/administrative-gender,4.0.1,active,"2.16.840.1.113883.4.642.3.1",AdministrativeGender,AdministrativeGender,"The gender of a person used for administrative purposes.","StructureDefinition/utn-patient,StructureDefinition/KBV-PR-Base-Practitioner","hl7.fhir.r4.core"
http://hl7.org/fhir/ValueSet/allergy-intolerance-category,4.0.1,draft,"2.16.840.1.113883.4.642.3.133",AllergyIntoleranceCategory,AllergyIntoleranceCategory,"Category of an identified substance associated with allergies or intolerances.","StructureDefinition/utn-icu-allergyintolerance","hl7.fhir.r4.core"
http://hl7.org/fhir/ValueSet/allergy-intolerance-criticality,4.0.1,draft,"2.16.840.1.113883.4.642.3.129",AllergyIntoleranceCriticality,AllergyIntoleranceCriticality,"Estimate of the potential clinical harm, or seriousness, of a reaction to an identified substance.","StructureDefinition/utn-icu-allergyintolerance","hl7.fhir.r4.core"
http://hl7.org/fhir/ValueSet/allergy-intolerance-type,4.0.1,draft,"2.16.840.1.113883.4.642.3.131",AllergyIntoleranceType,AllergyIntoleranceType,"Identification of the underlying physiological mechanism for a Reaction Risk.","StructureDefinition/utn-icu-allergyintolerance","hl7.fhir.r4.core"
http://hl7.org/fhir/ValueSet/allergyintolerance-clinical,4.0.1,draft,"2.16.840.1.113883.4.642.3.1372",AllergyIntoleranceClinicalStatusCodes,AllergyIntolerance Clinical Status Codes,"Preferred value set for AllergyIntolerance Clinical Status.","StructureDefinition/utn-icu-allergyintolerance","THO"
http://hl7.org/fhir/ValueSet/allergyintolerance-code,4.0.1,draft,"2.16.840.1.113883.4.642.3.137",AllergyIntoleranceSubstance/Product,ConditionAndNegationCodes,AllergyIntolerance Substance/Product, Condition and Negation Codes,"This value set includes concept codes for specific substances/pharmaceutical products, allergy or intolerance conditions, and negation/exclusion codes to specify the absence of specific types of allergies or intolerances.","StructureDefinition/utn-icu-allergyintolerance","SCT"
http://hl7.org/fhir/ValueSet/allergyintolerance-verification,4.0.1,draft,"2.16.840.1.113883.4.642.3.1370",AllergyIntoleranceVerificationStatusCodes,AllergyIntolerance Verification Status Codes,"Preferred value set for AllergyIntolerance Verification Status.","StructureDefinition/utn-icu-allergyintolerance","THO"
http://hl7.org/fhir/ValueSet/body-site,4.0.1,draft,"2.16.840.1.113883.4.642.3.141",SNOMEDCTBodyStructures,SNOMED CT Body Structures,"This value set includes all codes from [SNOMED CT](http://snomed.info/sct) where concept is-a 442083009 (Anatomical or acquired body site (body structure)).","StructureDefinition/isik-koerpergewicht,StructureDefinition/mii-kreatinin,StructureDefinition/utn-icu-extrakorporales-verfahren,StructureDefinition/utn-procedure,StructureDefinition/utn-service-request,StructureDefinition/isik-herzfrequenz,StructureDefinition/utn-isik-atemfrequenz,StructureDefinition/utn-procedure-beatmung,StructureDefinition/isik-koerpertemperatur,StructureDefinition/utn-observation-arterieller-blutdruck","SCT"
http://hl7.org/fhir/ValueSet/c80-doc-typecodes,4.0.1,active,"2.16.840.1.113883.3.88.12.80.47",DocumentTypeValueSet,Document Type Value Set,"This is the code specifying the precise type of document (e.g. Pulmonary History and  Physical, Discharge Summary, Ultrasound Report, etc.). The Document Type value set includes all LOINC  values listed in HITSP C80 Table 2-144 Document Class Value Set Definition above used for Document Class,  and all LOINC values whose SCALE is DOC in the LOINC database.","StructureDefinition/utn-consent-documentreference-id","LOINC"
http://hl7.org/fhir/ValueSet/c80-facilitycodes,4.0.1,active,"2.16.840.1.113883.3.88.12.80.67",FacilityTypeCodeValueSet,Facility Type Code Value Set,"This is the code representing the type of organizational setting where the clinical encounter, service, interaction, or treatment occurred. The value set used for Healthcare Facility Type has been defined by HITSP to be the value set reproduced from HITSP C80 Table 2-147.","StructureDefinition/utn-consent-documentreference-id","SCT"
http://hl7.org/fhir/ValueSet/c80-practice-codes,4.0.1,active,"2.16.840.1.113883.3.88.12.80.72",PracticeSettingCodeValueSet,Practice Setting Code Value Set,"This is the code representing the clinical specialty of the clinician or provider who interacted with, treated, or provided a service to/for the patient. The value set used for clinical specialty has been limited by HITSP to the value set reproduced from HITSP C80 Table 2-149 Clinical Specialty Value Set Definition.","StructureDefinition/utn-consent-documentreference-id,StructureDefinition/healthcare-service,StructureDefinition/utn-PR-Base-PractitionerRole","SCT"
http://hl7.org/fhir/ValueSet/clinical-findings,4.0.1,draft,"2.16.840.1.113883.4.642.3.232",SNOMEDCTClinicalFindings,SNOMED CT Clinical Findings,"This value set includes all the ""Clinical finding"" [SNOMED CT](http://snomed.info/sct) codes - concepts where concept is-a 404684003 (Clinical finding (finding)).","StructureDefinition/utn-icu-allergyintolerance","SCT"
http://hl7.org/fhir/ValueSet/common-tags,4.0.1,draft,"2.16.840.1.113883.4.642.3.79",CommonTags,Common Tags,"Common Tag Codes defined by FHIR project","StructureDefinition/mii-kreatinin,StructureDefinition/utn-icu-extrakorporales-verfahren,StructureDefinition/utn-procedure,StructureDefinition/utn-encounter,StructureDefinition/utn-procedure-beatmung,StructureDefinition/utn-consent-id","THO"
http://hl7.org/fhir/ValueSet/composition-status,4.0.1,draft,"2.16.840.1.113883.4.642.3.241",CompositionStatus,CompositionStatus,"The workflow/clinical status of the composition.","StructureDefinition/utn-consent-documentreference-id","hl7.fhir.r4.core"
http://hl7.org/fhir/ValueSet/condition-code,4.0.1,draft,"2.16.840.1.113883.4.642.3.161",Condition/Problem/DiagnosisCodes,Condition/Problem/Diagnosis Codes,"Example value set for Condition/Problem/Diagnosis codes.","StructureDefinition/utn-icu-extrakorporales-verfahren,StructureDefinition/utn-procedure,StructureDefinition/utn-procedure-beatmung","SCT"
http://hl7.org/fhir/ValueSet/consent-action,4.0.1,draft,"2.16.840.1.113883.4.642.3.753",ConsentActionCodes,Consent Action Codes,"This value set includes sample Consent Action codes.","StructureDefinition/utn-consent-id","THO"
http://hl7.org/fhir/ValueSet/consent-category,4.0.1,draft,"2.16.840.1.113883.4.642.3.751",ConsentCategoryCodes,Consent Category Codes,"This value set includes sample Consent Directive Type codes, including several consent directive related LOINC codes; HL7 VALUE SET: ActConsentType(2.16.840.1.113883.1.11.19897); examples of US realm consent directive legal descriptions and references to online and/or downloadable forms such as the SSA-827 Authorization to Disclose Information to the Social Security Administration; and other anticipated consent directives related to participation in a clinical trial, medical procedures, reproductive procedures; health care directive (Living Will); advance directive, do not resuscitate (DNR); Physician Orders for Life-Sustaining Treatment (POLST)","StructureDefinition/utn-consent-id","LOINC,THO"
http://hl7.org/fhir/ValueSet/consent-content-class,4.0.1,draft,"2.16.840.1.113883.4.642.3.747",ConsentContentClass,Consent Content Class,"This value set includes the FHIR resource types, along with some other important content class codes","StructureDefinition/utn-consent-id","hl7.fhir.r4.core,Other"
http://hl7.org/fhir/ValueSet/consent-content-code,4.0.1,draft,"2.16.840.1.113883.4.642.3.748",ConsentContentCodes,Consent Content Codes,"This example value set contains all LOINC code","StructureDefinition/utn-consent-id","LOINC"
http://hl7.org/fhir/ValueSet/consent-data-meaning,4.0.1,draft,"2.16.840.1.113883.4.642.3.759",ConsentDataMeaning,ConsentDataMeaning,"How a resource reference is interpreted when testing consent restrictions.","StructureDefinition/utn-consent-id","hl7.fhir.r4.core"
http://hl7.org/fhir/ValueSet/consent-policy,4.0.1,draft,"2.16.840.1.113883.4.642.3.1014",ConsentPolicyRuleCodes,Consent PolicyRule Codes,"This value set includes sample Regulatory consent policy types from the US and other regions.","StructureDefinition/utn-consent-id","THO"
http://hl7.org/fhir/ValueSet/consent-provision-type,4.0.1,draft,"2.16.840.1.113883.4.642.3.757",ConsentProvisionType,ConsentProvisionType,"How a rule statement is applied, such as adding additional consent or removing consent.","StructureDefinition/utn-consent-id","hl7.fhir.r4.core"
http://hl7.org/fhir/ValueSet/consent-scope,4.0.1,draft,"2.16.840.1.113883.4.642.3.761",ConsentScopeCodes,Consent Scope Codes,"This value set includes the four Consent scope codes.","StructureDefinition/utn-consent-id","THO"
http://hl7.org/fhir/ValueSet/consent-state-codes,4.0.1,draft,"2.16.840.1.113883.4.642.3.755",ConsentState,ConsentState,"Indicates the state of the consent.","StructureDefinition/utn-consent-id","hl7.fhir.r4.core"
http://hl7.org/fhir/ValueSet/data-absent-reason,4.0.1,active,"2.16.840.1.113883.4.642.3.5",DataAbsentReason,DataAbsentReason,"Used to specify why the normally expected content of the data element is missing.","StructureDefinition/isik-koerpergewicht,StructureDefinition/mii-kreatinin,StructureDefinition/isik-herzfrequenz,StructureDefinition/utn-isik-atemfrequenz,StructureDefinition/isik-koerpertemperatur,StructureDefinition/utn-observation-arterieller-blutdruck","THO"
http://hl7.org/fhir/ValueSet/days-of-week,4.0.1,active,"2.16.840.1.113883.4.642.3.512",DaysOfWeek,DaysOfWeek,"The days of the week.","StructureDefinition/healthcare-service,StructureDefinition/utn-PR-Base-PractitionerRole","hl7.fhir.r4.core"
http://hl7.org/fhir/ValueSet/device-action,4.0.1,draft,"2.16.840.1.113883.4.642.3.425",ProcedureDeviceActionCodes,Procedure Device Action Codes,"Example codes indicating the change that happened to the device during the procedure.  Note that these are in no way complete and might not even be appropriate for some uses.","StructureDefinition/utn-icu-extrakorporales-verfahren,StructureDefinition/utn-procedure,StructureDefinition/utn-procedure-beatmung","SCT"
http://hl7.org/fhir/ValueSet/device-kind,4.0.1,draft,"2.16.840.1.113883.4.642.3.208",FHIRDeviceTypes,FHIR Device Types,"Codes used to identify medical devices. Includes concepts from SNOMED CT (http://www.snomed.org/) where concept is-a 49062001 (Device)  and is provided as a suggestive example.","StructureDefinition/utn-icu-extrakorporales-verfahren,StructureDefinition/utn-procedure,StructureDefinition/utn-procedure-beatmung","SCT"
http://hl7.org/fhir/ValueSet/document-classcodes,4.0.1,active,"2.16.840.1.113883.3.88.12.80.46",DocumentClassValueSet,Document Class Value Set,"This is the code specifying the high-level kind of document (e.g. Prescription, Discharge Summary, Report, etc.). Note: Class code for documents comes from LOINC, and is based upon one of the following:The type of service described by the document. It is described at a very high level in Section 7.3 of the LOINC Manual. The type study performed. It was determined by identifying modalities for study reports. The section of the chart where the document is placed. It was determined from the SETs created for Claims Attachment requests.","StructureDefinition/utn-consent-documentreference-id","LOINC"
http://hl7.org/fhir/ValueSet/document-reference-status,4.0.1,draft,"2.16.840.1.113883.4.642.3.7",DocumentReferenceStatus,DocumentReferenceStatus,"The status of the document reference.","StructureDefinition/utn-consent-documentreference-id","hl7.fhir.r4.core"
http://hl7.org/fhir/ValueSet/document-relationship-type,4.0.1,draft,"2.16.840.1.113883.4.642.3.244",DocumentRelationshipType,DocumentRelationshipType,"The type of relationship between documents.","StructureDefinition/utn-consent-documentreference-id","hl7.fhir.r4.core"
http://hl7.org/fhir/ValueSet/encounter-diet,4.0.1,draft,"2.16.840.1.113883.4.642.3.255",Diet,Diet,"This value set defines a set of codes that can be used to indicate dietary preferences or restrictions a patient may have.","StructureDefinition/utn-encounter","THO"
http://hl7.org/fhir/ValueSet/encounter-discharge-disposition,4.0.1,draft,"2.16.840.1.113883.4.642.3.259",DischargeDisposition,Discharge disposition,"This value set defines a set of codes that can be used to where the patient left the hospital.","StructureDefinition/utn-encounter","THO"
http://hl7.org/fhir/ValueSet/encounter-location-status,4.0.1,draft,"2.16.840.1.113883.4.642.3.262",EncounterLocationStatus,EncounterLocationStatus,"The status of the location.","StructureDefinition/utn-encounter","hl7.fhir.r4.core"
http://hl7.org/fhir/ValueSet/encounter-participant-type,4.0.1,draft,"2.16.840.1.113883.4.642.3.250",ParticipantType,Participant type,"This value set defines a set of codes that can be used to indicate how an individual participates in an encounter.","StructureDefinition/utn-encounter","THO (V3),THO"
http://hl7.org/fhir/ValueSet/encounter-reason,4.0.1,draft,"2.16.840.1.113883.4.642.3.261",EncounterReasonCodes,Encounter Reason Codes,"This examples value set defines the set of codes that can be used to indicate reasons for an encounter.","StructureDefinition/utn-encounter","SCT"
http://hl7.org/fhir/ValueSet/encounter-special-arrangements,4.0.1,draft,"2.16.840.1.113883.4.642.3.253",SpecialArrangements,Special arrangements,"This value set defines a set of codes that can be used to indicate the kinds of special arrangements in place for a patients visit.","StructureDefinition/utn-encounter","THO"
http://hl7.org/fhir/ValueSet/encounter-special-courtesy,4.0.1,draft,"2.16.840.1.113883.4.642.3.252",SpecialCourtesy,Special courtesy,"This value set defines a set of codes that can be used to indicate special courtesies provided to the patient.","StructureDefinition/utn-encounter","THO (V3)"
http://hl7.org/fhir/ValueSet/encounter-status,4.0.1,draft,"2.16.840.1.113883.4.642.3.246",EncounterStatus,EncounterStatus,"Current state of the encounter.","StructureDefinition/utn-encounter","hl7.fhir.r4.core"
http://hl7.org/fhir/ValueSet/encounter-type,4.0.1,draft,"2.16.840.1.113883.4.642.3.248",EncounterType,Encounter type,"This example value set defines a set of codes that can be used to indicate the type of encounter: a specific code indicating type of service provided.","StructureDefinition/utn-encounter","THO"
http://hl7.org/fhir/ValueSet/event-status,4.0.1,draft,"2.16.840.1.113883.4.642.3.109",EventStatus,EventStatus,"Codes identifying the lifecycle stage of an event.","StructureDefinition/utn-icu-extrakorporales-verfahren,StructureDefinition/utn-procedure,StructureDefinition/utn-procedure-beatmung","hl7.fhir.r4.core"
http://hl7.org/fhir/ValueSet/formatcodes,4.0.1,active,"1.3.6.1.4.1.19376.1.2.7.1",DocumentReferenceFormatCodeSet,DocumentReference Format Code Set,"The value set is defined to be the set of format codes defined by the IHE Technical Framework, and also including additional format codes defined by the    HL7. The value set is listed in HITSP C80 Table 2-153 Format Code Value Set Definition,    with additions published later by IHE as published    at http://wiki.ihe.net/index.php?title=IHE_Format_Codes   and with additions published later by HL7 as published at https://confluence.hl7.org/display/SD/Format+Codes+for+IHE+XDS.   This is the code specifying the technical format of the document. Along with the typeCode,    it should provide sufficient information to allow any potential document consumer to know    if it will be able to process the document. The code shall be sufficiently specific to    ensure processing/display by identifying a document encoding, structure and template. The actual list of codes here is incomplete","StructureDefinition/utn-consent-documentreference-id","Other"
http://hl7.org/fhir/ValueSet/identifier-type,4.0.1,active,"2.16.840.1.113883.4.642.3.45",Identifier Type Codes,IdentifierType,"A coded type for an identifier that can be used to determine which identifier to use for a specific purpose.","StructureDefinition/KBV-PR-Base-Practitioner,StructureDefinition/utn-consent-id","THO (V2)"
http://hl7.org/fhir/ValueSet/identifier-use,4.0.1,active,"2.16.840.1.113883.4.642.3.57",IdentifierUse,IdentifierUse,"Identifies the purpose for this identifier, if known .","StructureDefinition/mii-kreatinin,StructureDefinition/utn-patient,StructureDefinition/utn-encounter,StructureDefinition/KBV-PR-Base-Practitioner,StructureDefinition/utn-consent-id","hl7.fhir.r4.core"
http://hl7.org/fhir/ValueSet/languages,4.0.1,draft,"2.16.840.1.113883.4.642.3.20",CommonLanguages,Common Languages,"This value set includes common codes from BCP-47 (http://tools.ietf.org/html/bcp47)","StructureDefinition/isik-koerpergewicht,StructureDefinition/utn-patient,StructureDefinition/utn-icu-extrakorporales-verfahren,StructureDefinition/utn-service-request,StructureDefinition/utn-consent-documentreference-id,StructureDefinition/profile-consent-management-questionnaireresponse,StructureDefinition/utn-isik-atemfrequenz,StructureDefinition/utn-consent-id,StructureDefinition/utn-observation-arterieller-blutdruck,StructureDefinition/utn-icu-allergyintolerance,StructureDefinition/mii-kreatinin,StructureDefinition/consent-management-provenance,StructureDefinition/utn-procedure,StructureDefinition/utn-encounter,StructureDefinition/isik-herzfrequenz,StructureDefinition/KBV-PR-Base-Practitioner,StructureDefinition/healthcare-service,StructureDefinition/utn-procedure-beatmung,StructureDefinition/utn-PR-Base-PractitionerRole,StructureDefinition/isik-koerpertemperatur","hl7.terminology.r4"
http://hl7.org/fhir/ValueSet/link-type,4.0.1,active,"2.16.840.1.113883.4.642.3.423",LinkType,LinkType,"The type of link between this patient resource and another patient resource.","StructureDefinition/utn-patient","hl7.fhir.r4.core"
http://hl7.org/fhir/ValueSet/location-physical-type,4.0.1,draft,"2.16.840.1.113883.4.642.3.328",LocationType,Location type,"This example value set defines a set of codes that can be used to indicate the physical form of the Location.","StructureDefinition/utn-encounter","THO"
http://hl7.org/fhir/ValueSet/marital-status,4.0.1,active,"2.16.840.1.113883.4.642.3.29",Marital Status Codes,MaritalStatus,"This value set defines the set of codes that can be used to indicate the marital status of a person.","StructureDefinition/utn-patient","THO (V3)"
http://hl7.org/fhir/ValueSet/medication-as-needed-reason,4.0.1,draft,"2.16.840.1.113883.4.642.3.96",SNOMEDCTMedicationAsNeededReasonCodes,SNOMED CT Medication As Needed Reason Codes,"This value set includes all clinical findings from SNOMED CT - provided as an exemplar value set.","StructureDefinition/utn-service-request","SCT"
http://hl7.org/fhir/ValueSet/mimetypes,4.0.1,active,"2.16.840.1.113883.4.642.3.1024",Mime Types,MimeType,"This value set includes all possible codes from BCP-13 (http://tools.ietf.org/html/bcp13)","StructureDefinition/consent-management-provenance,StructureDefinition/utn-consent-documentreference-id","Other"
http://hl7.org/fhir/ValueSet/name-part-qualifier,4.0.1,draft,"2.16.840.1.113883.4.642.3.906",EntityNamePartQualifier,EntityNamePartQualifier,"A set of codes each of which specifies a certain subcategory of the name part in addition to the main name part type.","StructureDefinition/KBV-PR-Base-Practitioner","THO (V3)"
http://hl7.org/fhir/ValueSet/name-use,4.0.1,active,"2.16.840.1.113883.4.642.3.65",NameUse,NameUse,"The use of a human name.","StructureDefinition/KBV-PR-Base-Practitioner","hl7.fhir.r4.core"
http://hl7.org/fhir/ValueSet/observation-category,4.0.1,draft,"2.16.840.1.113883.4.642.3.403",ObservationCategoryCodes,Observation Category Codes,"Observation Category codes.","StructureDefinition/isik-koerpergewicht,StructureDefinition/mii-kreatinin,StructureDefinition/isik-herzfrequenz,StructureDefinition/utn-isik-atemfrequenz,StructureDefinition/isik-koerpertemperatur,StructureDefinition/utn-observation-arterieller-blutdruck","THO"
http://hl7.org/fhir/ValueSet/observation-codes,4.0.1,draft,"2.16.840.1.113883.4.642.3.396",LOINCCodes,LOINC Codes,"This value set includes all LOINC codes","StructureDefinition/isik-koerpergewicht,StructureDefinition/mii-kreatinin,StructureDefinition/isik-herzfrequenz,StructureDefinition/utn-isik-atemfrequenz,StructureDefinition/isik-koerpertemperatur,StructureDefinition/utn-observation-arterieller-blutdruck","LOINC"
http://hl7.org/fhir/ValueSet/observation-interpretation,4.0.1,active,"2.16.840.1.113883.4.642.3.399",ObservationInterpretationCodes,Observation Interpretation Codes,"A categorical assessment, providing a rough qualitative interpretation of the observation value,    such as “normal”/ “abnormal”,”low” / “high”, “better” / “worse”, “susceptible” / “resistant”, “expected”/ “not expected”.    The value set is intended to be for ANY use where coded representation of an interpretation is needed.             Notes:          This is being communicated in v2.x in OBX-8 (Observation Interpretation), in v3 in ObservationInterpretation (CWE) in R1 (Representative Realm) and in FHIR in    Observation.interpretation. Historically these values come from the laboratory domain, and these codes are extensively    used. The value set binding is extensible, so codes outside the value set that are needed for interpretation concepts    (i.e. particular meanings) that are not included in the value set can be used, and these new codes may also be added to    the value set and published in a future version.","StructureDefinition/isik-koerpergewicht,StructureDefinition/mii-kreatinin,StructureDefinition/isik-herzfrequenz,StructureDefinition/utn-isik-atemfrequenz,StructureDefinition/isik-koerpertemperatur,StructureDefinition/utn-observation-arterieller-blutdruck","THO (V3)"
http://hl7.org/fhir/ValueSet/observation-methods,4.0.1,draft,"2.16.840.1.113883.4.642.3.395",ObservationMethods,Observation Methods,"Observation Method codes from [SNOMED CT](http://snomed.info/sct) where concept is-a 272394005 (Technique (qualifier value)) or is-a 129264002 (Action (qualifier value)) or is-a 386053000 (Evaluation procedure(procedure))","StructureDefinition/isik-koerpergewicht,StructureDefinition/mii-kreatinin,StructureDefinition/isik-herzfrequenz,StructureDefinition/utn-isik-atemfrequenz,StructureDefinition/isik-koerpertemperatur,StructureDefinition/utn-observation-arterieller-blutdruck","SCT"
http://hl7.org/fhir/ValueSet/observation-status,4.0.1,active,"2.16.840.1.113883.4.642.3.400",ObservationStatus,ObservationStatus,"Codes providing the status of an observation.","StructureDefinition/isik-koerpergewicht,StructureDefinition/mii-kreatinin,StructureDefinition/isik-herzfrequenz,StructureDefinition/utn-isik-atemfrequenz,StructureDefinition/isik-koerpertemperatur,StructureDefinition/utn-observation-arterieller-blutdruck","hl7.fhir.r4.core"
http://hl7.org/fhir/ValueSet/participant-role,4.0.1,draft,"2.16.840.1.113883.4.642.3.152",ParticipantRoles,Participant Roles,"Roles of participants that may be included in a care team.  Defined as: Is a Person, Healthcare professional (occupation) or Healthcare related organization (qualifier value).","StructureDefinition/utn-service-request","SCT"
http://hl7.org/fhir/ValueSet/patient-contactrelationship,4.0.1,active,"2.16.840.1.113883.4.642.3.1130",PatientContactRelationship,Patient Contact Relationship ,"The nature of the relationship between the patient and the contact person.","StructureDefinition/utn-patient","THO (V2)"
http://hl7.org/fhir/ValueSet/performer-role,4.0.1,draft,"2.16.840.1.113883.4.642.3.433",ProcedurePerformerRoleCodes,Procedure Performer Role Codes,"This example value set defines the set of codes that can be used to indicate a role of a procedure performer.","StructureDefinition/utn-icu-extrakorporales-verfahren,StructureDefinition/utn-procedure,StructureDefinition/utn-procedure-beatmung","SCT"
http://hl7.org/fhir/ValueSet/practitioner-role,4.0.1,draft,"2.16.840.1.113883.4.642.3.439",PractitionerRole,Practitioner role,"This example value set defines a set of codes that can be used to indicate the role of a Practitioner.","StructureDefinition/utn-PR-Base-PractitionerRole","SCT,THO"
http://hl7.org/fhir/ValueSet/procedure-category,4.0.1,draft,"2.16.840.1.113883.4.642.3.430",ProcedureCategoryCodes(SNOMEDCT),Procedure Category Codes (SNOMED CT),"Procedure Category code: A selection of relevant SNOMED CT codes.","StructureDefinition/utn-icu-extrakorporales-verfahren,StructureDefinition/utn-procedure,StructureDefinition/utn-procedure-beatmung","SCT"
http://hl7.org/fhir/ValueSet/procedure-code,4.0.1,draft,"2.16.840.1.113883.4.642.3.427",ProcedureCodes(SNOMEDCT),Procedure Codes (SNOMED CT),"Procedure Code: All SNOMED CT procedure codes.","StructureDefinition/utn-icu-extrakorporales-verfahren,StructureDefinition/utn-procedure,StructureDefinition/utn-service-request,StructureDefinition/utn-procedure-beatmung","SCT"
http://hl7.org/fhir/ValueSet/procedure-followup,4.0.1,draft,"2.16.840.1.113883.4.642.3.429",ProcedureFollowUpCodes(SNOMEDCT),Procedure Follow up Codes (SNOMED CT),"Procedure follow up codes: A selection of SNOMED CT codes relevant to procedure follow up.","StructureDefinition/utn-icu-extrakorporales-verfahren,StructureDefinition/utn-procedure,StructureDefinition/utn-procedure-beatmung","SCT"
http://hl7.org/fhir/ValueSet/procedure-not-performed-reason,4.0.1,active,"2.16.840.1.113883.4.642.3.431",ProcedureNotPerformedReason(SNOMED-CT),Procedure Not Performed Reason (SNOMED-CT),"Situation codes describing the reason that a procedure, which might otherwise be expected, was not performed, or a procedure that was started and was not completed. Consists of SNOMED CT codes, children of procedure contraindicated (183932001), procedure discontinued (416406003), procedure not done (416237000), procedure not indicated (428119001), procedure not offered (416064006), procedure not wanted (416432009), procedure refused (183944003), and procedure stopped (394908001).","StructureDefinition/utn-icu-extrakorporales-verfahren,StructureDefinition/utn-procedure,StructureDefinition/utn-procedure-beatmung","SCT"
http://hl7.org/fhir/ValueSet/procedure-outcome,4.0.1,draft,"2.16.840.1.113883.4.642.3.428",ProcedureOutcomeCodes(SNOMEDCT),Procedure Outcome Codes (SNOMED CT),"Procedure Outcome code: A selection of relevant SNOMED CT codes.","StructureDefinition/utn-icu-extrakorporales-verfahren,StructureDefinition/utn-procedure,StructureDefinition/utn-procedure-beatmung","SCT"
http://hl7.org/fhir/ValueSet/procedure-reason,4.0.1,draft,"2.16.840.1.113883.4.642.3.432",ProcedureReasonCodes,Procedure Reason Codes,"This example value set defines the set of codes that can be used to indicate a reason for a procedure.","StructureDefinition/utn-icu-extrakorporales-verfahren,StructureDefinition/utn-procedure,StructureDefinition/utn-service-request,StructureDefinition/utn-procedure-beatmung","SCT"
http://hl7.org/fhir/ValueSet/program,4.0.1,draft,"2.16.840.1.113883.4.642.3.1383",Program,Program,"This value set defines an example set of codes that could be can be used to classify groupings of service-types/specialties.","StructureDefinition/healthcare-service","THO"
http://hl7.org/fhir/ValueSet/provenance-activity-type,4.0.1,draft,"2.16.840.1.113883.4.642.3.438",ProvenanceActivityType,Provenance activity type,"This value set contains representative Activity Type codes, which includes codes from the HL7 DocumentCompletion, ActStatus, and DataOperations code system, W3C PROV-DM and PROV-N concepts and display names, several HL7 Lifecycle Event codes for which there are agreed upon definitions, and non-duplicated codes from the HL7 Security and Privacy Ontology Operations codes.","StructureDefinition/consent-management-provenance","THO (V3)"
http://hl7.org/fhir/ValueSet/provenance-agent-type,4.0.1,draft,"2.16.840.1.113883.4.642.3.1003",ProvenanceParticipantType,Provenance participant type,"The type of participation a provenance participant.","StructureDefinition/consent-management-provenance","THO"
http://hl7.org/fhir/ValueSet/provenance-entity-role,4.0.1,draft,"2.16.840.1.113883.4.642.3.436",ProvenanceEntityRole,ProvenanceEntityRole,"How an entity was used in an activity.","StructureDefinition/consent-management-provenance","hl7.fhir.r4.core"
http://hl7.org/fhir/ValueSet/publication-status,4.0.1,active,"2.16.840.1.113883.4.642.3.3",PublicationStatus,PublicationStatus,"The lifecycle status of an artifact.","StructureDefinition/utn-consent-id","hl7.fhir.r4.core"
http://hl7.org/fhir/ValueSet/quantity-comparator,4.0.1,active,"2.16.840.1.113883.4.642.3.59",QuantityComparator,QuantityComparator,"How the Quantity should be understood and represented.","StructureDefinition/isik-koerpergewicht,StructureDefinition/mii-kreatinin,StructureDefinition/isik-herzfrequenz,StructureDefinition/utn-isik-atemfrequenz,StructureDefinition/isik-koerpertemperatur,StructureDefinition/utn-observation-arterieller-blutdruck","hl7.fhir.r4.core"
http://hl7.org/fhir/ValueSet/questionnaire-answers,4.0.1,draft,"2.16.840.1.113883.4.642.3.446",QuestionnaireAnswerCodes,Questionnaire Answer Codes,"Example list of codes for answers to questions. (Not complete or necessarily appropriate.)","StructureDefinition/profile-consent-management-questionnaireresponse","SCT"
http://hl7.org/fhir/ValueSet/questionnaire-answers-status,4.0.1,draft,"required",QuestionnaireResponseStatus,QuestionnaireResponseStatus,"Lifecycle status of the questionnaire response.","StructureDefinition/profile-consent-management-questionnaireresponse","hl7.fhir.r4.core"
http://hl7.org/fhir/ValueSet/reaction-event-severity,4.0.1,draft,"2.16.840.1.113883.4.642.3.135",AllergyIntoleranceSeverity,AllergyIntoleranceSeverity,"Clinical assessment of the severity of a reaction event as a whole, potentially considering multiple different manifestations.","StructureDefinition/utn-icu-allergyintolerance","hl7.fhir.r4.core"
http://hl7.org/fhir/ValueSet/referencerange-appliesto,4.0.1,draft,"2.16.840.1.113883.4.642.3.407",ObservationReferenceRangeAppliesToCodes,Observation Reference Range Applies To Codes,"This value set defines a set of codes that can be used to indicate the particular target population the reference range applies to.","StructureDefinition/isik-koerpergewicht,StructureDefinition/mii-kreatinin,StructureDefinition/isik-herzfrequenz,StructureDefinition/utn-isik-atemfrequenz,StructureDefinition/isik-koerpertemperatur,StructureDefinition/utn-observation-arterieller-blutdruck","SCT"
http://hl7.org/fhir/ValueSet/referencerange-meaning,4.0.1,draft,"2.16.840.1.113883.4.642.3.397",ObservationReferenceRangeMeaningCodes,Observation Reference Range Meaning Codes,"This value set defines a set of codes that can be used to indicate the meaning/use of a reference range for a particular target population.","StructureDefinition/isik-koerpergewicht,StructureDefinition/mii-kreatinin,StructureDefinition/isik-herzfrequenz,StructureDefinition/utn-isik-atemfrequenz,StructureDefinition/isik-koerpertemperatur,StructureDefinition/utn-observation-arterieller-blutdruck","THO"
http://hl7.org/fhir/ValueSet/request-intent,4.0.1,draft,"2.16.840.1.113883.4.642.3.113",RequestIntent,RequestIntent,"Codes indicating the degree of authority/intentionality associated with a request.","StructureDefinition/utn-service-request","hl7.fhir.r4.core"
http://hl7.org/fhir/ValueSet/request-priority,4.0.1,draft,"2.16.840.1.113883.4.642.3.115",RequestPriority,Request priority,"The clinical priority of a diagnostic order.","StructureDefinition/utn-service-request","hl7.fhir.r4.core"
http://hl7.org/fhir/ValueSet/request-status,4.0.1,draft,"2.16.840.1.113883.4.642.3.111",RequestStatus,RequestStatus,"Codes identifying the lifecycle stage of a request.","StructureDefinition/utn-service-request","hl7.fhir.r4.core"
http://hl7.org/fhir/ValueSet/resource-types,4.0.1,active,"2.16.840.1.113883.4.642.3.27",ResourceType,ResourceType,"One of the resource types defined as part of this version of FHIR.","StructureDefinition/utn-icu-allergyintolerance,StructureDefinition/consent-management-provenance,StructureDefinition/mii-kreatinin,StructureDefinition/utn-consent-documentreference-id,StructureDefinition/KBV-PR-Base-Practitioner,StructureDefinition/profile-consent-management-questionnaireresponse,StructureDefinition/utn-consent-id","hl7.fhir.r4.core"
http://hl7.org/fhir/ValueSet/route-codes,4.0.1,draft,"2.16.840.1.113883.4.642.3.98",SNOMEDCTRouteCodes,SNOMED CT Route Codes,"This value set includes all Route codes from SNOMED CT - provided as an exemplar.","StructureDefinition/utn-icu-allergyintolerance","SCT"
http://hl7.org/fhir/ValueSet/security-labels,4.0.1,active,"2.16.840.1.113883.4.642.3.47",All Security Labels,SecurityLabels,"A single value set for all security labels defined by FHIR.","StructureDefinition/mii-kreatinin,StructureDefinition/utn-icu-extrakorporales-verfahren,StructureDefinition/utn-procedure,StructureDefinition/utn-encounter,StructureDefinition/utn-consent-documentreference-id,StructureDefinition/utn-procedure-beatmung,StructureDefinition/utn-consent-id",
http://hl7.org/fhir/ValueSet/security-role-type,4.0.1,draft,"2.16.840.1.113883.4.642.3.978",SecurityRoleType,SecurityRoleType,"This example FHIR value set is comprised of example Actor Type codes, which can be used to value FHIR agents, actors, and other role         elements such as those specified in financial transactions. The FHIR Actor value set is based on    DICOM Audit Message, C402;   ASTM Standard, E1762-95 [2013]; selected codes and          derived actor roles from HL7 RoleClass OID 2.16.840.1.113883.5.110;    HL7 Role Code 2.16.840.1.113883.5.111, including AgentRoleType;          HL7 ParticipationType OID: 2.16.840.1.113883.5.90; and    HL7 ParticipationFunction codes OID: 2.16.840.1.113883.5.88.           This value set includes, by reference, role codes from external code systems: NUCC Health Care Provider Taxonomy OID: 2.16.840.1.113883.6.101;          North American Industry Classification System [NAICS]OID: 2.16.840.1.113883.6.85; IndustryClassificationSystem 2.16.840.1.113883.1.11.16039;          and US Census Occupation Code OID: 2.16.840.1.113883.6.243 for relevant recipient or custodian codes not included in this value set.            If no source is indicated in the definition comments, then these are example FHIR codes.          It can be extended with appropriate roles described by SNOMED as well as those described in the HL7 Role Based Access Control Catalog and the          HL7 Healthcare (Security and Privacy) Access Control Catalog.            In Role-Based Access Control (RBAC), permissions are operations on an object that a user wishes to access. Permissions are grouped into roles.          A role characterizes the functions a user is allowed to perform. Roles are assigned to users. If the user's role has the appropriate permissions          to access an object, then that user is granted access to the object. FHIR readily enables RBAC, as FHIR Resources are object types and the CRUDE          events (the FHIR equivalent to permissions in the RBAC scheme) are operations on those objects.          In Attribute-Based Access Control (ABAC), a user requests to perform operations on objects. That user's access request is granted or denied          based on a set of access control policies that are specified in terms of attributes and conditions. FHIR readily enables ABAC, as instances of          a Resource in FHIR (again, Resources are object types) can have attributes associated with them. These attributes include security tags,          environment conditions, and a host of user and object characteristics, which are the same attributes as those used in ABAC. Attributes help          define the access control policies that determine the operations a user may perform on a Resource (in FHIR) or object (in ABAC). For example,          a tag (or attribute) may specify that the identified Resource (object) is not to be further disclosed without explicit consent from the patient.","StructureDefinition/consent-management-provenance,StructureDefinition/utn-consent-id","THO (V3),Internal,THO"
http://hl7.org/fhir/ValueSet/service-category,4.0.1,draft,"2.16.840.1.113883.4.642.3.516",ServiceCategory,Service category,"This value set defines an example set of codes that can be used to classify groupings of service-types/specialties.","StructureDefinition/healthcare-service","THO"
http://hl7.org/fhir/ValueSet/service-provision-conditions,4.0.1,draft,"2.16.840.1.113883.4.642.3.514",ServiceProvisionConditions,ServiceProvisionConditions,"The code(s) that detail the conditions under which the healthcare service is available/offered.","StructureDefinition/healthcare-service","THO"
http://hl7.org/fhir/ValueSet/service-referral-method,4.0.1,draft,"2.16.840.1.113883.4.642.3.510",ReferralMethod,ReferralMethod,"The methods of referral can be used when referring to a specific HealthCareService resource.","StructureDefinition/healthcare-service","THO"
http://hl7.org/fhir/ValueSet/service-type,4.0.1,draft,"2.16.840.1.113883.4.642.3.518",ServiceType,Service type,"This value set defines an example set of codes of service-types.","StructureDefinition/utn-encounter,StructureDefinition/healthcare-service","THO"
http://hl7.org/fhir/ValueSet/servicerequest-category,4.0.1,draft,"2.16.840.1.113883.4.642.3.434",ServiceRequestCategoryCodes,Service Request Category Codes,"An example value set of SNOMED CT concepts that can classify a requested service","StructureDefinition/utn-service-request","SCT"
http://hl7.org/fhir/ValueSet/servicerequest-orderdetail,4.0.1,draft,"2.16.840.1.113883.4.642.3.435",ServiceRequestOrderDetailsCodes,Service Request Order Details Codes,"An example value set of Codified order entry details concepts.  These concepts only make sense in the context of what is being ordered.  This example is for a patient ventilation order","StructureDefinition/utn-service-request","SCT"
http://hl7.org/fhir/ValueSet/substance-code,4.0.1,draft,"2.16.840.1.113883.4.642.3.473",SubstanceCode,Substance Code,"This value set contains concept codes for specific substances. It includes codes from [SNOMED](http://snomed.info/sct) where concept is-a 105590001 (Substance (substance)) and where concept is-a 373873005 (Pharmaceutical / biologic product (product))","StructureDefinition/utn-icu-allergyintolerance","SCT"
http://hl7.org/fhir/uv/ips/ValueSet/results-laboratory-observations-uv-ips,1.1.0,active,,ResultsLaboratoryObservationUvIps,Results Laboratory Observation - IPS,"Value Set Definition: LOINC {STATUS in {ACTIVE}, CLASSTYPE in {1}, CLASS exclude {CHALSKIN, H&P.HX.LAB, LABORDERS, NR STATS, PATH, PATH.\*, MOLPATH, MOLPATH.\*, CYTO, HL7.CYTOGEN, HL7.GENETICS}}","StructureDefinition/mii-kreatinin","LOINC"
http://terminology.hl7.org/ValueSet/v2-0092,2.0.0,active,"2.16.840.1.113883.21.40",Hl7VSReAdmissionIndicator,hl7VS-re-admissionIndicator,"Value Set of codes which are used to specify that a patient is being re-admitted to a healthcare facility from which they were discharged, and indicates the circumstances around such re-admission.","StructureDefinition/utn-encounter","THO (V2)"
http://terminology.hl7.org/ValueSet/v3-ActCode,3.0.0,active,,ActCode,v3 Code System ActCode,"A code specifying the particular kind of Act that the Act-instance represents within its class.  Constraints:  The kind of Act (e.g. physical examination, serum potassium, inpatient encounter, charge financial transaction, etc.) is specified with a code from one of several, typically external, coding systems.  The coding system will depend on the class of Act, such as LOINC for observations, etc. Conceptually, the Act.code must be a specialization of the Act.classCode. This is why the structure of ActClass domain should be reflected in the superstructure of the ActCode domain and then individual codes or externally referenced vocabularies subordinated under these domains that reflect the ActClass structure. Act.classCode and Act.code are not modifiers of each other but the Act.code concept should really imply the Act.classCode concept. For a negative example, it is not appropriate to use an Act.code ""potassium"" together with and Act.classCode for ""laboratory observation"" to somehow mean ""potassium laboratory observation"" and then use the same Act.code for ""potassium"" together with Act.classCode for ""medication"" to mean ""substitution of potassium"". This mutually modifying use of Act.code and Act.classCode is not permitted.","StructureDefinition/utn-consent-documentreference-id","THO (V3)"
http://terminology.hl7.org/ValueSet/v3-ActEncounterCode,3.0.0,active,"2.16.840.1.113883.1.11.13955",ActEncounterCode,ActEncounterCode,"Domain provides codes that qualify the ActEncounterClass (ENC)","StructureDefinition/utn-encounter","THO (V3)"
http://terminology.hl7.org/ValueSet/v3-ActPriority,3.0.0,active,"2.16.840.1.113883.1.11.16866",ActPriority,ActPriority,"A code or set of codes (e.g., for routine, emergency,) specifying the urgency under which the Act happened, can happen, is happening, is intended to happen, or is requested/demanded to happen.    *Discussion:* This attribute is used in orders to indicate the ordered priority, and in event documentation it indicates the actual priority used to perform the act. In definition mood it indicates the available priorities.","StructureDefinition/utn-encounter","THO (V3)"
http://terminology.hl7.org/ValueSet/v3-PurposeOfUse,3.1.0,active,"2.16.840.1.113883.1.11.20448",PurposeOfUse,PurposeOfUse,"Supports communication of purpose of use at a general level.","StructureDefinition/consent-management-provenance,StructureDefinition/utn-consent-id","THO (V3)"
http://terminology.hl7.org/ValueSet/v3-ServiceDeliveryLocationRoleType,3.0.0,active,"2.16.840.1.113883.1.11.17660",ServiceDeliveryLocationRoleType,ServiceDeliveryLocationRoleType,"A role of a place that further classifies the setting (e.g., accident site, road side, work site, community location) in which services are delivered.","StructureDefinition/utn-service-request","THO (V3)"
https://fhir.kbv.de/ValueSet/KBV_VS_Base_Practitioner_Speciality,1.7.0,active,,KBV_VS_Base_Practitioner_Speciality,Practitioner Speciality,"Dieses Valueset enthält die Codes zur Beschreibung von Practitioner Speciality.","StructureDefinition/KBV-PR-Base-Practitioner",
https://fhir.kbv.de/ValueSet/KBV_VS_Base_Role_Care,1.7.0,active,,KBV_VS_Base_Role_Care,Rolle in Bezug auf die Einrichtung,"Dieses Valueset enthält die Codes zur Beschreibung von Rolle in Bezug auf die Einrichtung.","StructureDefinition/utn-PR-Base-PractitionerRole","kbv.basis"
https://gematik.de/fhir/isik/ValueSet/ISiKHerzfrequenzSCTVS,4.0.0,active,,ISiKHerzfrequenzSCTVS,ISiKHerzfrequenzSCTVS,"ValueSet des Herzfrequenz SnomedCT Codes in ISiK","StructureDefinition/isik-herzfrequenz","SCT"
https://gematik.de/fhir/isik/ValueSet/ISiKKoerpergewichtSCTVS,4.0.0,active,,ISiKKoerpergewichtSCTVS,ISiKKoerpergewichtSCTVS,"ValueSet des Körpergewichts SnomedCT Codes in ISiK","StructureDefinition/isik-koerpergewicht","SCT"
https://gematik.de/fhir/isik/ValueSet/ISiKKoerpertemperaturSCTVS,4.0.0,active,,ISiKKoerpertemperaturSCTVS,ISiKKoerpertemperaturSCTVS,"ValueSet des Körpergewicht SnomedCT Codes in ISiK","StructureDefinition/isik-koerpertemperatur","SCT"
https://www.medizininformatik-initiative.de/fhir/core/modul-fall/ValueSet/identifier-type-codes,2025.0.0,active,,MII_VS_Fall_IdentifierTypeCodes,MII VS Fall Identifier Type Codes,"A coded type for an identifier that can be used to determine which identifier to use for a specific purpose.","StructureDefinition/utn-encounter","THO (V2)"
https://www.medizininformatik-initiative.de/fhir/core/modul-fall/ValueSet/location-physical-type,2025.0.0,active,,MII_VS_Fall_LocationPhysicalType,MII VS Fall Location Physical Type,"A coded type for the physical type of the location.","StructureDefinition/utn-encounter","THO"
https://www.medizininformatik-initiative.de/fhir/core/modul-fall/ValueSet/mii-vs-fall-diagnosis-use,2025.0.0,active,,MII_VS_Fall_Diagnosis_Use,MII VS Fall Diagnosis Use,"Diagnosetyp","StructureDefinition/utn-encounter",
https://www.medizininformatik-initiative.de/fhir/core/modul-labor/ValueSet/mii-vs-labor-identifier-type-codes,2025.0.2,active,,MII_VS_Labor_Identifier_Type_Codes,MII VS Labor Identifier Type Codes,"Type-Codes, um zu bestimmen, welcher Identifier für einen bestimmten Zweck zu verwenden ist.","StructureDefinition/mii-kreatinin","THO (V2)"
https://www.medizininformatik-initiative.de/fhir/core/modul-prozedur/ValueSet/procedures-category-sct,2025.0.0,active,,MII_VS_Prozedur_OpsKategorien_SNOMEDCT,MII VS Prozedur OPS Kategorien [SNOMED CT],"Enthaelt alle SNOMED CT Codes für ein Mapping der OPS Klassentitel","StructureDefinition/utn-icu-extrakorporales-verfahren,StructureDefinition/utn-procedure","SCT"
https://www.medizininformatik-initiative.de/fhir/core/modul-prozedur/ValueSet/procedures-sct,2025.0.0,active,,MII_VS_Prozedur_Prozeduren_SNOMEDCT,MII VS Prozedur Prozeduren [SNOMED CT],"Enthaelt alle SNOMED CT Procedure Codes","StructureDefinition/utn-procedure","SCT"
https://www.medizininformatik-initiative.de/fhir/ext/modul-icu/ValueSet/vs-mii-icu-category-procedure-beatmung-snomed,2025.0.4,active,,VS_MII_ICU_Category_Procedure_Beatmung_SNOMED,VS MII ICU Category Procedure Beatmung [SNOMED],"","StructureDefinition/utn-procedure-beatmung","SCT"
https://www.medizininformatik-initiative.de/fhir/ext/modul-icu/ValueSet/vs-mii-icu-code-extrakorporale-verfahren,2025.0.4,active,,VS_MII_ICU_Code_Extrakorporale_Verfahren,VS MII ICU Code extrakorporale Verfahren,"Mögliche Codes für extrakorporale Verfahren. Für die Einteilung und Interpretation in Bezug auf unterschiedliche Detail-Level beachte den zugehörigen implementationguide.","StructureDefinition/utn-icu-extrakorporales-verfahren","SCT"
https://www.medizininformatik-initiative.de/fhir/ext/modul-icu/ValueSet/vs-mii-icu-code-procedure-beatmung-snomed,2025.0.4,active,,VS_MII_ICU_Code_Procedure_Beatmung_SNOMED,VS MII ICU Code Procedure Beatmung [SNOMED],"","StructureDefinition/utn-procedure-beatmung","SCT"
https://www.medizininformatik-initiative.de/fhir/modul-consent/ValueSet/mii-vs-consent-signaturetypes,1.0.0,active,,MII_VS_Consent_SignatureTypes,MII Consent: Signature Types,"Dieses ValueSet enthält die zulässigen Werte für den Signaturtyp im Kontext des MI-I Consent.","StructureDefinition/consent-management-provenance","hl7.fhir.r4.core"
