<?xml version="1.0" encoding="UTF-8"?>

<ValueSet xmlns="http://hl7.org/fhir">
  <id value="gridhamd-answer-options-vs-q9"/>
  <text>
    <status value="generated"/><div xmlns="http://www.w3.org/1999/xhtml"><p class="res-header-id"><b>Generated Narrative: ValueSet gridhamd-answer-options-vs-q9</b></p><a name="gridhamd-answer-options-vs-q9"> </a><a name="hcgridhamd-answer-options-vs-q9"> </a><ul><li>Include these codes as defined in <a href="CodeSystem-gridhamd-answer-options-cs.html"><code>http://example.org/fhir/CodeSystem/gridhamd-answer-options-cs</code></a><table class="none"><tr><td style="white-space:nowrap"><b>Code</b></td><td><b>Display</b></td></tr><tr><td><a href="CodeSystem-gridhamd-answer-options-cs.html#gridhamd-answer-options-cs-Q9-1">Q9-1</a></td><td>Absent (movements within normal range, e.g., occasionally shifts position in seat)</td></tr><tr><td><a href="CodeSystem-gridhamd-answer-options-cs.html#gridhamd-answer-options-cs-Q9-2">Q9-2</a></td><td>Mild (Doubtful or slight agitation, mild restlessness,e.g., frequently changing position in seat, foottapping, playing with hair, hands, or clothes)</td></tr><tr><td><a href="CodeSystem-gridhamd-answer-options-cs.html#gridhamd-answer-options-cs-Q9-3">Q9-3</a></td><td>Moderate (Moderate to marked restlessness or agitation, e.g., wringing hands, excessive scratching or picking)</td></tr><tr><td><a href="CodeSystem-gridhamd-answer-options-cs.html#gridhamd-answer-options-cs-Q9-4">Q9-4</a></td><td>Severe (Cannot sit still or stay seated even for a short period of time; pacing)</td></tr><tr><td><a href="CodeSystem-gridhamd-answer-options-cs.html#gridhamd-answer-options-cs-Q9-5">Q9-5</a></td><td>Very Severe (Interview cannot be conducted)</td></tr></table></li></ul></div>
  </text>
  <url value="http://example.org/fhir/CodeSystem/gridhamd-answer-options-vs9"/>
  <version value="0.1.0"/>
  <name value="GRIDHAMDAnswerOptionsVSQ9"/>
  <title value="GRID-HAMD Answer Options ValueSet"/>
  <status value="draft"/>
  <date value="2025-06-16T14:33:49+02:00"/>
  <publisher value="BIH-CEI"/>
  <contact>
    <name value="BIH-CEI"/>
    <telecom>
      <system value="url"/>
      <value value="http://utn/consentresource.com"/>
    </telecom>
  </contact>
  <description value="ValueSet including Q9 of the GRID-HAMD Questionnaire answer options."/>
  <compose>
    <include>
      <system value="http://example.org/fhir/CodeSystem/gridhamd-answer-options-cs"/>
      <concept>
        <code value="Q9-1"/>
        <display value="Absent (movements within normal range, e.g., occasionally shifts position in seat)"/>
      </concept>
      <concept>
        <code value="Q9-2"/>
        <display value="Mild (Doubtful or slight agitation, mild restlessness,e.g., frequently changing position in seat, foottapping, playing with hair, hands, or clothes)"/>
      </concept>
      <concept>
        <code value="Q9-3"/>
        <display value="Moderate (Moderate to marked restlessness or agitation, e.g., wringing hands, excessive scratching or picking)"/>
      </concept>
      <concept>
        <code value="Q9-4"/>
        <display value="Severe (Cannot sit still or stay seated even for a short period of time; pacing)"/>
      </concept>
      <concept>
        <code value="Q9-5"/>
        <display value="Very Severe (Interview cannot be conducted)"/>
      </concept>
    </include>
  </compose>
</ValueSet>