URL,Version,Status,OIDs,Name,Title,Descriptino,Uses,Used,Sources
http://example.org/fhir/CodeSystem/gridhamd-answer-options-vs1,0.1.0,draft,,GRIDHAMDAnswerOptionsVSQ1,GRID-HAMD Answer Options ValueSet,"ValueSet including Q1 of the GRID-HAMD Questionnaire answer options.","Questionnaire/GRIDHAMDQuestionnaire","Internal"
http://example.org/fhir/CodeSystem/gridhamd-answer-options-vs10,0.1.0,draft,,GRIDHAMDAnswerOptionsVSQ10,GRID-HAMD Answer Options ValueSet,"ValueSet including Q10 of the GRID-HAMD Questionnaire answer options.","Questionnaire/GRIDHAMDQuestionnaire","Internal"
http://example.org/fhir/CodeSystem/gridhamd-answer-options-vs11,0.1.0,draft,,GRIDHAMDAnswerOptionsVSQ11,GRID-HAMD Answer Options ValueSet,"ValueSet including Q11 of the GRID-HAMD Questionnaire answer options.","Questionnaire/GRIDHAMDQuestionnaire","Internal"
http://example.org/fhir/CodeSystem/gridhamd-answer-options-vs12,0.1.0,draft,,GRIDHAMDAnswerOptionsVSQ12,GRID-HAMD Answer Options ValueSet,"ValueSet including Q12 of the GRID-HAMD Questionnaire answer options.","Questionnaire/GRIDHAMDQuestionnaire","Internal"
http://example.org/fhir/CodeSystem/gridhamd-answer-options-vs13,0.1.0,draft,,GRIDHAMDAnswerOptionsVSQ13,GRID-HAMD Answer Options ValueSet,"ValueSet including Q13 of the GRID-HAMD Questionnaire answer options.","Questionnaire/GRIDHAMDQuestionnaire","Internal"
http://example.org/fhir/CodeSystem/gridhamd-answer-options-vs14,0.1.0,draft,,GRIDHAMDAnswerOptionsVSQ14,GRID-HAMD Answer Options ValueSet,"ValueSet including Q14 of the GRID-HAMD Questionnaire answer options.","Questionnaire/GRIDHAMDQuestionnaire","Internal"
http://example.org/fhir/CodeSystem/gridhamd-answer-options-vs15,0.1.0,draft,,GRIDHAMDAnswerOptionsVSQ15,GRID-HAMD Answer Options ValueSet,"ValueSet including Q15 of the GRID-HAMD Questionnaire answer options.","Questionnaire/GRIDHAMDQuestionnaire","Internal"
http://example.org/fhir/CodeSystem/gridhamd-answer-options-vs16,0.1.0,draft,,GRIDHAMDAnswerOptionsVSQ16,GRID-HAMD Answer Options ValueSet,"ValueSet including Q16 of the GRID-HAMD Questionnaire answer options.","Questionnaire/GRIDHAMDQuestionnaire","Internal"
http://example.org/fhir/CodeSystem/gridhamd-answer-options-vs17,0.1.0,draft,,GRIDHAMDAnswerOptionsVSQ17,GRID-HAMD Answer Options ValueSet,"ValueSet including Q17 of the GRID-HAMD Questionnaire answer options.","Questionnaire/GRIDHAMDQuestionnaire","Internal"
http://example.org/fhir/CodeSystem/gridhamd-answer-options-vs2,0.1.0,draft,,GRIDHAMDAnswerOptionsVSQ2,GRID-HAMD Answer Options ValueSet,"ValueSet including Q2 of the GRID-HAMD Questionnaire answer options.","Questionnaire/GRIDHAMDQuestionnaire","Internal"
http://example.org/fhir/CodeSystem/gridhamd-answer-options-vs3,0.1.0,draft,,GRIDHAMDAnswerOptionsVSQ3,GRID-HAMD Answer Options ValueSet,"ValueSet including Q3 of the GRID-HAMD Questionnaire answer options.","Questionnaire/GRIDHAMDQuestionnaire","Internal"
http://example.org/fhir/CodeSystem/gridhamd-answer-options-vs4,0.1.0,draft,,GRIDHAMDAnswerOptionsVSQ4,GRID-HAMD Answer Options ValueSet,"ValueSet including Q4 of the GRID-HAMD Questionnaire answer options.","Questionnaire/GRIDHAMDQuestionnaire","Internal"
http://example.org/fhir/CodeSystem/gridhamd-answer-options-vs5,0.1.0,draft,,GRIDHAMDAnswerOptionsVSQ5,GRID-HAMD Answer Options ValueSet,"ValueSet including Q5 of the GRID-HAMD Questionnaire answer options.","Questionnaire/GRIDHAMDQuestionnaire","Internal"
http://example.org/fhir/CodeSystem/gridhamd-answer-options-vs6,0.1.0,draft,,GRIDHAMDAnswerOptionsVSQ6,GRID-HAMD Answer Options ValueSet,"ValueSet including Q6 of the GRID-HAMD Questionnaire answer options.","Questionnaire/GRIDHAMDQuestionnaire","Internal"
http://example.org/fhir/CodeSystem/gridhamd-answer-options-vs7,0.1.0,draft,,GRIDHAMDAnswerOptionsVSQ7,GRID-HAMD Answer Options ValueSet,"ValueSet including Q7 of the GRID-HAMD Questionnaire answer options.","Questionnaire/GRIDHAMDQuestionnaire","Internal"
http://example.org/fhir/CodeSystem/gridhamd-answer-options-vs8,0.1.0,draft,,GRIDHAMDAnswerOptionsVSQ8,GRID-HAMD Answer Options ValueSet,"ValueSet including Q8 of the GRID-HAMD Questionnaire answer options.","Questionnaire/GRIDHAMDQuestionnaire","Internal"
http://example.org/fhir/CodeSystem/gridhamd-answer-options-vs9,0.1.0,draft,,GRIDHAMDAnswerOptionsVSQ9,GRID-HAMD Answer Options ValueSet,"ValueSet including Q9 of the GRID-HAMD Questionnaire answer options.","Questionnaire/GRIDHAMDQuestionnaire","Internal"
http://fhir.de/ConsentManagement/ValueSet/ContextIdentifierType,2.0.0,active,,ConsentManagementContextIdentifierType,,"","StructureDefinition/utn-patient","THO (V2),de.basisprofil.r4"
http://hl7.org/fhir/ValueSet/communication-category,4.0.1,draft,"2.16.840.1.113883.4.642.3.172",CommunicationCategory,CommunicationCategory,"Codes for general categories of communications such as alerts, instructions, etc.","StructureDefinition/teleconsult-communication","THO"
http://hl7.org/fhir/ValueSet/diagnostic-service-sections,4.0.1,draft,"2.16.840.1.113883.4.642.3.234",DiagnosticServiceSectionCodes,Diagnostic Service Section Codes,"This value set includes all the codes in HL7 V2 table 0074.","StructureDefinition/utn-diagnostik-report","THO (V2)"
http://hl7.org/fhir/uv/ips/ValueSet/results-laboratory-observations-uv-ips,1.1.0,active,,ResultsLaboratoryObservationUvIps,Results Laboratory Observation - IPS,"Value Set Definition: LOINC {STATUS in {ACTIVE}, CLASSTYPE in {1}, CLASS exclude {CHALSKIN, H&P.HX.LAB, LABORDERS, NR STATS, PATH, PATH.\*, MOLPATH, MOLPATH.\*, CYTO, HL7.CYTOGEN, HL7.GENETICS}}","StructureDefinition/mii-kreatinin","LOINC"
https://fhir.kbv.de/ValueSet/KBV_VS_Base_Practitioner_Speciality,1.7.0,active,,KBV_VS_Base_Practitioner_Speciality,Practitioner Speciality,"Dieses Valueset enthält die Codes zur Beschreibung von Practitioner Speciality.","StructureDefinition/KBV-PR-Base-Practitioner",
https://www.medizininformatik-initiative.de/fhir/ext/modul-icu/ValueSet/vs-mii-icu-code-extrakorporale-verfahren,2025.0.4,active,,VS_MII_ICU_Code_Extrakorporale_Verfahren,VS MII ICU Code extrakorporale Verfahren,"Mögliche Codes für extrakorporale Verfahren. Für die Einteilung und Interpretation in Bezug auf unterschiedliche Detail-Level beachte den zugehörigen implementationguide.","StructureDefinition/utn-icu-extrakorporales-verfahren","SCT"
