{"resourceType":"ImplementationGuide","id":"consent.id","text":{"status":"generated","div":"<div xmlns=\"http://www.w3.org/1999/xhtml\"><p class=\"res-header-id\"><b>Generated Narrative: ImplementationGuide consent.id</b></p><a name=\"consent.id\"> </a><a name=\"hcconsent.id\"> </a><a name=\"consent.id-en-US\"> </a><h2>UTNConsentResource</h2><p>The official URL for this implementation guide is: </p><pre>http://utn/consentresource.com/ImplementationGuide/consent.id</pre></div>"},"url":"http://utn/consentresource.com/ImplementationGuide/consent.id","version":"0.1.0","name":"UTNConsentResource","title":"University Telemedicine Network (UTN) FHIR Implementation Guide","status":"draft","date":"2025-06-12T14:08:24+02:00","publisher":"BIH-CEI","contact":[{"name":"BIH-CEI","telecom":[{"system":"url","value":"http://utn/consentresource.com"}]}],"packageId":"consent.id","license":"CC0-1.0","fhirVersion":["4.0.1"],"dependsOn":[{"id":"hl7tx","extension":[{"url":"http://hl7.org/fhir/tools/StructureDefinition/implementationguide-dependency-comment","valueMarkdown":"Automatically added as a dependency - all IGs depend on HL7 Terminology"}],"uri":"http://terminology.hl7.org/ImplementationGuide/hl7.terminology","packageId":"hl7.terminology.r4","version":"6.4.0"},{"id":"hl7ext","extension":[{"url":"http://hl7.org/fhir/tools/StructureDefinition/implementationguide-dependency-comment","valueMarkdown":"Automatically added as a dependency - all IGs depend on the HL7 Extension Pack"}],"uri":"http://hl7.org/fhir/extensions/ImplementationGuide/hl7.fhir.uv.extensions","packageId":"hl7.fhir.uv.extensions.r4","version":"5.2.0"},{"id":"hl7_fhir_us_core","uri":"http://hl7.org/fhir/us/core/ImplementationGuide/hl7.fhir.us.core","packageId":"hl7.fhir.us.core","version":"3.1.0"},{"id":"mcode","uri":"http://hl7.org/fhir/us/mcode/ImplementationGuide/hl7.fhir.us.mcode","packageId":"hl7.fhir.us.mcode","version":"1.0.0"},{"id":"de_medizininformatikinitiative_kerndatensatz_consent","uri":"de.medizininformatikinitiative.kerndatensatz.consent","packageId":"de.medizininformatikinitiative.kerndatensatz.consent","version":"1.0.7"},{"id":"de_einwilligungsmanagement","uri":"de.einwilligungsmanagement","packageId":"de.einwilligungsmanagement","version":"1.0.1"},{"id":"de_medizininformatikinitiative_kerndatensatz_icu","uri":"de.medizininformatikinitiative.kerndatensatz.icu","packageId":"de.medizininformatikinitiative.kerndatensatz.icu","version":"2025.0.2"},{"id":"de_medizininformatikinitiative_kerndatensatz_laborbefund","uri":"de.medizininformatikinitiative.kerndatensatz.laborbefund","packageId":"de.medizininformatikinitiative.kerndatensatz.laborbefund","version":"2025.0.2"},{"id":"de_gematik_isik_vitalparameter","uri":"de.gematik.isik-vitalparameter","packageId":"de.gematik.isik-vitalparameter","version":"4.0.0"},{"id":"de_gematik_isik_basismodul","uri":"de.gematik.isik-basismodul","packageId":"de.gematik.isik-basismodul","version":"4.0.3"},{"id":"kbv_basis","uri":"kbv.basis","packageId":"kbv.basis","version":"1.7.0"},{"id":"de_medizininformatikinitiative_kerndatensatz_fall","uri":"de.medizininformatikinitiative.kerndatensatz.fall","packageId":"de.medizininformatikinitiative.kerndatensatz.fall","version":"2025.0.0"},{"id":"de_medizininformatikinitiative_kerndatensatz_medikation","uri":"de.medizininformatikinitiative.kerndatensatz.medikation","packageId":"de.medizininformatikinitiative.kerndatensatz.medikation","version":"2025.0.0"}],"definition":{"extension":[{"extension":[{"url":"code","valueString":"copyrightyear"},{"url":"value","valueString":"2024+"}],"url":"http://hl7.org/fhir/tools/StructureDefinition/ig-parameter"},{"extension":[{"url":"code","valueString":"releaselabel"},{"url":"value","valueString":"ci-build"}],"url":"http://hl7.org/fhir/tools/StructureDefinition/ig-parameter"},{"extension":[{"url":"code","valueString":"autoload-resources"},{"url":"value","valueString":"true"}],"url":"http://hl7.org/fhir/tools/StructureDefinition/ig-parameter"},{"extension":[{"url":"code","valueString":"path-liquid"},{"url":"value","valueString":"template/liquid"}],"url":"http://hl7.org/fhir/tools/StructureDefinition/ig-parameter"},{"extension":[{"url":"code","valueString":"path-liquid"},{"url":"value","valueString":"input/liquid"}],"url":"http://hl7.org/fhir/tools/StructureDefinition/ig-parameter"},{"extension":[{"url":"code","valueString":"path-qa"},{"url":"value","valueString":"temp/qa"}],"url":"http://hl7.org/fhir/tools/StructureDefinition/ig-parameter"},{"extension":[{"url":"code","valueString":"path-temp"},{"url":"value","valueString":"temp/pages"}],"url":"http://hl7.org/fhir/tools/StructureDefinition/ig-parameter"},{"extension":[{"url":"code","valueString":"path-output"},{"url":"value","valueString":"output"}],"url":"http://hl7.org/fhir/tools/StructureDefinition/ig-parameter"},{"extension":[{"url":"code","valueString":"path-suppressed-warnings"},{"url":"value","valueString":"input/ignoreWarnings.txt"}],"url":"http://hl7.org/fhir/tools/StructureDefinition/ig-parameter"},{"extension":[{"url":"code","valueString":"path-history"},{"url":"value","valueString":"http://utn/consentresource.com/history.html"}],"url":"http://hl7.org/fhir/tools/StructureDefinition/ig-parameter"},{"extension":[{"url":"code","valueString":"template-html"},{"url":"value","valueString":"template-page.html"}],"url":"http://hl7.org/fhir/tools/StructureDefinition/ig-parameter"},{"extension":[{"url":"code","valueString":"template-md"},{"url":"value","valueString":"template-page-md.html"}],"url":"http://hl7.org/fhir/tools/StructureDefinition/ig-parameter"},{"extension":[{"url":"code","valueString":"apply-contact"},{"url":"value","valueString":"true"}],"url":"http://hl7.org/fhir/tools/StructureDefinition/ig-parameter"},{"extension":[{"url":"code","valueString":"apply-context"},{"url":"value","valueString":"true"}],"url":"http://hl7.org/fhir/tools/StructureDefinition/ig-parameter"},{"extension":[{"url":"code","valueString":"apply-copyright"},{"url":"value","valueString":"true"}],"url":"http://hl7.org/fhir/tools/StructureDefinition/ig-parameter"},{"extension":[{"url":"code","valueString":"apply-jurisdiction"},{"url":"value","valueString":"true"}],"url":"http://hl7.org/fhir/tools/StructureDefinition/ig-parameter"},{"extension":[{"url":"code","valueString":"apply-license"},{"url":"value","valueString":"true"}],"url":"http://hl7.org/fhir/tools/StructureDefinition/ig-parameter"},{"extension":[{"url":"code","valueString":"apply-publisher"},{"url":"value","valueString":"true"}],"url":"http://hl7.org/fhir/tools/StructureDefinition/ig-parameter"},{"extension":[{"url":"code","valueString":"apply-version"},{"url":"value","valueString":"true"}],"url":"http://hl7.org/fhir/tools/StructureDefinition/ig-parameter"},{"extension":[{"url":"code","valueString":"apply-wg"},{"url":"value","valueString":"true"}],"url":"http://hl7.org/fhir/tools/StructureDefinition/ig-parameter"},{"extension":[{"url":"code","valueString":"active-tables"},{"url":"value","valueString":"true"}],"url":"http://hl7.org/fhir/tools/StructureDefinition/ig-parameter"},{"extension":[{"url":"code","valueString":"fmm-definition"},{"url":"value","valueString":"http://hl7.org/fhir/versions.html#maturity"}],"url":"http://hl7.org/fhir/tools/StructureDefinition/ig-parameter"},{"extension":[{"url":"code","valueString":"propagate-status"},{"url":"value","valueString":"true"}],"url":"http://hl7.org/fhir/tools/StructureDefinition/ig-parameter"},{"extension":[{"url":"code","valueString":"excludelogbinaryformat"},{"url":"value","valueString":"true"}],"url":"http://hl7.org/fhir/tools/StructureDefinition/ig-parameter"},{"extension":[{"url":"code","valueString":"tabbed-snapshots"},{"url":"value","valueString":"true"}],"url":"http://hl7.org/fhir/tools/StructureDefinition/ig-parameter"},{"url":"http://hl7.org/fhir/tools/StructureDefinition/ig-internal-dependency","valueCode":"hl7.fhir.uv.tools.r4#0.5.0"},{"extension":[{"url":"code","valueCode":"copyrightyear"},{"url":"value","valueString":"2024+"}],"url":"http://hl7.org/fhir/tools/StructureDefinition/ig-parameter"},{"extension":[{"url":"code","valueCode":"releaselabel"},{"url":"value","valueString":"ci-build"}],"url":"http://hl7.org/fhir/tools/StructureDefinition/ig-parameter"},{"extension":[{"url":"code","valueCode":"autoload-resources"},{"url":"value","valueString":"true"}],"url":"http://hl7.org/fhir/tools/StructureDefinition/ig-parameter"},{"extension":[{"url":"code","valueCode":"path-liquid"},{"url":"value","valueString":"template/liquid"}],"url":"http://hl7.org/fhir/tools/StructureDefinition/ig-parameter"},{"extension":[{"url":"code","valueCode":"path-liquid"},{"url":"value","valueString":"input/liquid"}],"url":"http://hl7.org/fhir/tools/StructureDefinition/ig-parameter"},{"extension":[{"url":"code","valueCode":"path-qa"},{"url":"value","valueString":"temp/qa"}],"url":"http://hl7.org/fhir/tools/StructureDefinition/ig-parameter"},{"extension":[{"url":"code","valueCode":"path-temp"},{"url":"value","valueString":"temp/pages"}],"url":"http://hl7.org/fhir/tools/StructureDefinition/ig-parameter"},{"extension":[{"url":"code","valueCode":"path-output"},{"url":"value","valueString":"output"}],"url":"http://hl7.org/fhir/tools/StructureDefinition/ig-parameter"},{"extension":[{"url":"code","valueCode":"path-suppressed-warnings"},{"url":"value","valueString":"input/ignoreWarnings.txt"}],"url":"http://hl7.org/fhir/tools/StructureDefinition/ig-parameter"},{"extension":[{"url":"code","valueCode":"path-history"},{"url":"value","valueString":"http://utn/consentresource.com/history.html"}],"url":"http://hl7.org/fhir/tools/StructureDefinition/ig-parameter"},{"extension":[{"url":"code","valueCode":"template-html"},{"url":"value","valueString":"template-page.html"}],"url":"http://hl7.org/fhir/tools/StructureDefinition/ig-parameter"},{"extension":[{"url":"code","valueCode":"template-md"},{"url":"value","valueString":"template-page-md.html"}],"url":"http://hl7.org/fhir/tools/StructureDefinition/ig-parameter"},{"extension":[{"url":"code","valueCode":"apply-contact"},{"url":"value","valueString":"true"}],"url":"http://hl7.org/fhir/tools/StructureDefinition/ig-parameter"},{"extension":[{"url":"code","valueCode":"apply-context"},{"url":"value","valueString":"true"}],"url":"http://hl7.org/fhir/tools/StructureDefinition/ig-parameter"},{"extension":[{"url":"code","valueCode":"apply-copyright"},{"url":"value","valueString":"true"}],"url":"http://hl7.org/fhir/tools/StructureDefinition/ig-parameter"},{"extension":[{"url":"code","valueCode":"apply-jurisdiction"},{"url":"value","valueString":"true"}],"url":"http://hl7.org/fhir/tools/StructureDefinition/ig-parameter"},{"extension":[{"url":"code","valueCode":"apply-license"},{"url":"value","valueString":"true"}],"url":"http://hl7.org/fhir/tools/StructureDefinition/ig-parameter"},{"extension":[{"url":"code","valueCode":"apply-publisher"},{"url":"value","valueString":"true"}],"url":"http://hl7.org/fhir/tools/StructureDefinition/ig-parameter"},{"extension":[{"url":"code","valueCode":"apply-version"},{"url":"value","valueString":"true"}],"url":"http://hl7.org/fhir/tools/StructureDefinition/ig-parameter"},{"extension":[{"url":"code","valueCode":"apply-wg"},{"url":"value","valueString":"true"}],"url":"http://hl7.org/fhir/tools/StructureDefinition/ig-parameter"},{"extension":[{"url":"code","valueCode":"active-tables"},{"url":"value","valueString":"true"}],"url":"http://hl7.org/fhir/tools/StructureDefinition/ig-parameter"},{"extension":[{"url":"code","valueCode":"fmm-definition"},{"url":"value","valueString":"http://hl7.org/fhir/versions.html#maturity"}],"url":"http://hl7.org/fhir/tools/StructureDefinition/ig-parameter"},{"extension":[{"url":"code","valueCode":"propagate-status"},{"url":"value","valueString":"true"}],"url":"http://hl7.org/fhir/tools/StructureDefinition/ig-parameter"},{"extension":[{"url":"code","valueCode":"excludelogbinaryformat"},{"url":"value","valueString":"true"}],"url":"http://hl7.org/fhir/tools/StructureDefinition/ig-parameter"},{"extension":[{"url":"code","valueCode":"tabbed-snapshots"},{"url":"value","valueString":"true"}],"url":"http://hl7.org/fhir/tools/StructureDefinition/ig-parameter"},{"extension":[{"url":"code","valueCode":"copyrightyear"},{"url":"value","valueString":"2024+"}],"url":"http://hl7.org/fhir/tools/StructureDefinition/ig-parameter"},{"extension":[{"url":"code","valueCode":"releaselabel"},{"url":"value","valueString":"ci-build"}],"url":"http://hl7.org/fhir/tools/StructureDefinition/ig-parameter"},{"extension":[{"url":"code","valueCode":"autoload-resources"},{"url":"value","valueString":"true"}],"url":"http://hl7.org/fhir/tools/StructureDefinition/ig-parameter"},{"extension":[{"url":"code","valueCode":"path-liquid"},{"url":"value","valueString":"template/liquid"}],"url":"http://hl7.org/fhir/tools/StructureDefinition/ig-parameter"},{"extension":[{"url":"code","valueCode":"path-liquid"},{"url":"value","valueString":"input/liquid"}],"url":"http://hl7.org/fhir/tools/StructureDefinition/ig-parameter"},{"extension":[{"url":"code","valueCode":"path-qa"},{"url":"value","valueString":"temp/qa"}],"url":"http://hl7.org/fhir/tools/StructureDefinition/ig-parameter"},{"extension":[{"url":"code","valueCode":"path-temp"},{"url":"value","valueString":"temp/pages"}],"url":"http://hl7.org/fhir/tools/StructureDefinition/ig-parameter"},{"extension":[{"url":"code","valueCode":"path-output"},{"url":"value","valueString":"output"}],"url":"http://hl7.org/fhir/tools/StructureDefinition/ig-parameter"},{"extension":[{"url":"code","valueCode":"path-suppressed-warnings"},{"url":"value","valueString":"input/ignoreWarnings.txt"}],"url":"http://hl7.org/fhir/tools/StructureDefinition/ig-parameter"},{"extension":[{"url":"code","valueCode":"path-history"},{"url":"value","valueString":"http://utn/consentresource.com/history.html"}],"url":"http://hl7.org/fhir/tools/StructureDefinition/ig-parameter"},{"extension":[{"url":"code","valueCode":"template-html"},{"url":"value","valueString":"template-page.html"}],"url":"http://hl7.org/fhir/tools/StructureDefinition/ig-parameter"},{"extension":[{"url":"code","valueCode":"template-md"},{"url":"value","valueString":"template-page-md.html"}],"url":"http://hl7.org/fhir/tools/StructureDefinition/ig-parameter"},{"extension":[{"url":"code","valueCode":"apply-contact"},{"url":"value","valueString":"true"}],"url":"http://hl7.org/fhir/tools/StructureDefinition/ig-parameter"},{"extension":[{"url":"code","valueCode":"apply-context"},{"url":"value","valueString":"true"}],"url":"http://hl7.org/fhir/tools/StructureDefinition/ig-parameter"},{"extension":[{"url":"code","valueCode":"apply-copyright"},{"url":"value","valueString":"true"}],"url":"http://hl7.org/fhir/tools/StructureDefinition/ig-parameter"},{"extension":[{"url":"code","valueCode":"apply-jurisdiction"},{"url":"value","valueString":"true"}],"url":"http://hl7.org/fhir/tools/StructureDefinition/ig-parameter"},{"extension":[{"url":"code","valueCode":"apply-license"},{"url":"value","valueString":"true"}],"url":"http://hl7.org/fhir/tools/StructureDefinition/ig-parameter"},{"extension":[{"url":"code","valueCode":"apply-publisher"},{"url":"value","valueString":"true"}],"url":"http://hl7.org/fhir/tools/StructureDefinition/ig-parameter"},{"extension":[{"url":"code","valueCode":"apply-version"},{"url":"value","valueString":"true"}],"url":"http://hl7.org/fhir/tools/StructureDefinition/ig-parameter"},{"extension":[{"url":"code","valueCode":"apply-wg"},{"url":"value","valueString":"true"}],"url":"http://hl7.org/fhir/tools/StructureDefinition/ig-parameter"},{"extension":[{"url":"code","valueCode":"active-tables"},{"url":"value","valueString":"true"}],"url":"http://hl7.org/fhir/tools/StructureDefinition/ig-parameter"},{"extension":[{"url":"code","valueCode":"fmm-definition"},{"url":"value","valueString":"http://hl7.org/fhir/versions.html#maturity"}],"url":"http://hl7.org/fhir/tools/StructureDefinition/ig-parameter"},{"extension":[{"url":"code","valueCode":"propagate-status"},{"url":"value","valueString":"true"}],"url":"http://hl7.org/fhir/tools/StructureDefinition/ig-parameter"},{"extension":[{"url":"code","valueCode":"excludelogbinaryformat"},{"url":"value","valueString":"true"}],"url":"http://hl7.org/fhir/tools/StructureDefinition/ig-parameter"},{"extension":[{"url":"code","valueCode":"tabbed-snapshots"},{"url":"value","valueString":"true"}],"url":"http://hl7.org/fhir/tools/StructureDefinition/ig-parameter"}],"grouping":[{"id":"-str-abstractprofile","name":"Structures: Abstract Profiles","description":"These are profiles on resources or data types that describe patterns used by other profiles, but cannot be instantiated directly.  I.e. instances can conform to profiles *based* on these abstract profiles, but do not declare conformance to the abstract profiles themselves."},{"id":"-str-profile","name":"Structures: Resource Profiles","description":"These define constraints on FHIR resources for systems conforming to this implementation guide."},{"id":"-str-extension","name":"Structures: Extension Definitions","description":"These define constraints on FHIR data types for systems conforming to this implementation guide."},{"id":"-term-valueset","name":"Terminology: Value Sets","description":"These define sets of codes used by systems conforming to this implementation guide."},{"id":"-term-codesystem","name":"Terminology: Code Systems","description":"These define new code systems used by systems conforming to this implementation guide."},{"id":"-ex-example","name":"Example: Example Instances","description":"These are example instances that show what data produced and consumed by systems conforming with this implementation guide might look like."}],"resource":[{"extension":[{"url":"http://hl7.org/fhir/tools/StructureDefinition/resource-sort","valueInteger":999999999},{"url":"http://hl7.org/fhir/StructureDefinition/implementationguide-page","valueUri":"StructureDefinition-teleconsult-communication.html"}],"reference":{"reference":"StructureDefinition/teleconsult-communication"},"name":"Teleconsultation Communication","description":"Profile for communications during teleconsultation sessions between healthcare providers.","exampleBoolean":false,"groupingId":"-str-abstractprofile"},{"extension":[{"url":"http://hl7.org/fhir/tools/StructureDefinition/resource-sort","valueInteger":999999999},{"url":"http://hl7.org/fhir/StructureDefinition/implementationguide-page","valueUri":"StructureDefinition-utn-icu-extrakorporales-verfahren.html"}],"reference":{"reference":"StructureDefinition/utn-icu-extrakorporales-verfahren"},"name":"MII PR ICU Extrakorporales Verfahren","exampleBoolean":false,"groupingId":"-str-profile"},{"extension":[{"url":"http://hl7.org/fhir/tools/StructureDefinition/resource-sort","valueInteger":999999999},{"url":"http://hl7.org/fhir/StructureDefinition/implementationguide-page","valueUri":"StructureDefinition-utn-consent-documentreference-id.html"}],"reference":{"reference":"StructureDefinition/utn-consent-documentreference-id"},"name":"UTN Consent Document Reference","description":"This is the Document Reference profile for the consent profile of the Forschungsvorhaben and Videosprechstunde","exampleBoolean":false,"groupingId":"-str-profile"},{"extension":[{"url":"http://hl7.org/fhir/tools/StructureDefinition/resource-sort","valueInteger":999999999},{"url":"http://hl7.org/fhir/StructureDefinition/implementationguide-page","valueUri":"StructureDefinition-utn-consent-id.html"}],"reference":{"reference":"StructureDefinition/utn-consent-id"},"name":"UTN Consent Forschungsvorhaben and Videosprechstunde","description":"This is the consent profile for the research project and the video consultation","exampleBoolean":false,"groupingId":"-str-profile"},{"extension":[{"url":"http://hl7.org/fhir/tools/StructureDefinition/resource-sort","valueInteger":999999999},{"url":"http://hl7.org/fhir/StructureDefinition/implementationguide-page","valueUri":"StructureDefinition-consent-management-provenance.html"}],"reference":{"reference":"StructureDefinition/consent-management-provenance"},"name":"UTN Consent Management Provenance","description":"This is the consent management provenance profile for the consent profile of the Forschungsvorhaben and Videosprechstunde","exampleBoolean":false,"groupingId":"-str-profile"},{"extension":[{"url":"http://hl7.org/fhir/tools/StructureDefinition/resource-sort","valueInteger":999999999},{"url":"http://hl7.org/fhir/StructureDefinition/implementationguide-page","valueUri":"StructureDefinition-profile-consent-management-questionnaireresponse.html"}],"reference":{"reference":"StructureDefinition/profile-consent-management-questionnaireresponse"},"name":"UTN Consent Management QuestionnaireResponse","description":"The completed questionnaire.","exampleBoolean":false,"groupingId":"-str-profile"},{"extension":[{"url":"http://hl7.org/fhir/tools/StructureDefinition/resource-sort","valueInteger":999999999},{"url":"http://hl7.org/fhir/StructureDefinition/implementationguide-page","valueUri":"StructureDefinition-utn-encounter.html"}],"reference":{"reference":"StructureDefinition/utn-encounter"},"name":"UTN Encounter","description":"This is the profile of Enocunter within UTN","exampleBoolean":false,"groupingId":"-str-profile"},{"extension":[{"url":"http://hl7.org/fhir/tools/StructureDefinition/resource-sort","valueInteger":999999999},{"url":"http://hl7.org/fhir/StructureDefinition/implementationguide-page","valueUri":"StructureDefinition-healthcare-service.html"}],"reference":{"reference":"StructureDefinition/healthcare-service"},"name":"UTN Healthcare Service with Devices","description":"A profile for HealthcareService to include references to non-medical devices used in teleconsultation.","exampleBoolean":false,"groupingId":"-str-profile"},{"extension":[{"url":"http://hl7.org/fhir/tools/StructureDefinition/resource-sort","valueInteger":999999999},{"url":"http://hl7.org/fhir/StructureDefinition/implementationguide-page","valueUri":"StructureDefinition-mii-kreatinin.html"}],"reference":{"reference":"StructureDefinition/mii-kreatinin"},"name":"UTN Laboruntersuchung-Kreatinin","description":"Profile for documenting Creatinin within UTN.","exampleBoolean":false,"groupingId":"-str-profile"},{"extension":[{"url":"http://hl7.org/fhir/tools/StructureDefinition/resource-sort","valueInteger":999999999},{"url":"http://hl7.org/fhir/StructureDefinition/implementationguide-page","valueUri":"StructureDefinition-utn-observation-arterieller-blutdruck.html"}],"reference":{"reference":"StructureDefinition/utn-observation-arterieller-blutdruck"},"name":"UTN Observation Arterieller Blutdruck","description":"Profile for documenting arterial blood pressure observations within UTN.","exampleBoolean":false,"groupingId":"-str-profile"},{"extension":[{"url":"http://hl7.org/fhir/tools/StructureDefinition/resource-sort","valueInteger":999999999},{"url":"http://hl7.org/fhir/StructureDefinition/implementationguide-page","valueUri":"StructureDefinition-utn-isik-atemfrequenz.html"}],"reference":{"reference":"StructureDefinition/utn-isik-atemfrequenz"},"name":"UTN Observation Atemfrequenz Profile","description":"Profile for documenting Atemfrequenz observations within UTN.","exampleBoolean":false,"groupingId":"-str-profile"},{"extension":[{"url":"http://hl7.org/fhir/tools/StructureDefinition/resource-sort","valueInteger":999999999},{"url":"http://hl7.org/fhir/StructureDefinition/implementationguide-page","valueUri":"StructureDefinition-isik-herzfrequenz.html"}],"reference":{"reference":"StructureDefinition/isik-herzfrequenz"},"name":"UTN Observation Heart rate Profile","description":"Profile for documenting Herzfrequenz observations within UTN.","exampleBoolean":false,"groupingId":"-str-profile"},{"extension":[{"url":"http://hl7.org/fhir/tools/StructureDefinition/resource-sort","valueInteger":999999999},{"url":"http://hl7.org/fhir/StructureDefinition/implementationguide-page","valueUri":"StructureDefinition-isik-koerpergewicht.html"}],"reference":{"reference":"StructureDefinition/isik-koerpergewicht"},"name":"UTN Observation Koerpergewicht Profile","description":"Profile for documenting Koerpergewicht observations within UTN.","exampleBoolean":false,"groupingId":"-str-profile"},{"extension":[{"url":"http://hl7.org/fhir/tools/StructureDefinition/resource-sort","valueInteger":999999999},{"url":"http://hl7.org/fhir/StructureDefinition/implementationguide-page","valueUri":"StructureDefinition-isik-koerpertemperatur.html"}],"reference":{"reference":"StructureDefinition/isik-koerpertemperatur"},"name":"UTN Observation Koerpertemperatur Profile","description":"Profile for documenting Koerpertemperatur observations within UTN.","exampleBoolean":false,"groupingId":"-str-profile"},{"extension":[{"url":"http://hl7.org/fhir/tools/StructureDefinition/resource-sort","valueInteger":999999999},{"url":"http://hl7.org/fhir/StructureDefinition/implementationguide-page","valueUri":"StructureDefinition-utn-patient.html"}],"reference":{"reference":"StructureDefinition/utn-patient"},"name":"UTN Patient","description":"The profile of the UTN Patient","exampleBoolean":false,"groupingId":"-str-profile"},{"extension":[{"url":"http://hl7.org/fhir/tools/StructureDefinition/resource-sort","valueInteger":999999999},{"url":"http://hl7.org/fhir/StructureDefinition/implementationguide-page","valueUri":"StructureDefinition-KBV-PR-Base-Practitioner.html"}],"reference":{"reference":"StructureDefinition/KBV-PR-Base-Practitioner"},"name":"UTN Practitioner","description":"The profile of the UTN Practitoner","exampleBoolean":false,"groupingId":"-str-profile"},{"extension":[{"url":"http://hl7.org/fhir/tools/StructureDefinition/resource-sort","valueInteger":999999999},{"url":"http://hl7.org/fhir/StructureDefinition/implementationguide-page","valueUri":"StructureDefinition-utn-PR-Base-PractitionerRole.html"}],"reference":{"reference":"StructureDefinition/utn-PR-Base-PractitionerRole"},"name":"UTN Practitioner Role","description":"The profile of the UTN Practitoner Role","exampleBoolean":false,"groupingId":"-str-profile"},{"extension":[{"url":"http://hl7.org/fhir/tools/StructureDefinition/resource-sort","valueInteger":999999999},{"url":"http://hl7.org/fhir/StructureDefinition/implementationguide-page","valueUri":"StructureDefinition-utn-procedure-beatmung.html"}],"reference":{"reference":"StructureDefinition/utn-procedure-beatmung"},"name":"UTN Procedure Beatmung","description":"Profil für die Beatmungsprozedur","exampleBoolean":false,"groupingId":"-str-profile"},{"extension":[{"url":"http://hl7.org/fhir/tools/StructureDefinition/resource-sort","valueInteger":999999999},{"url":"http://hl7.org/fhir/StructureDefinition/implementationguide-page","valueUri":"StructureDefinition-utn-service-request.html"}],"reference":{"reference":"StructureDefinition/utn-service-request"},"name":"UTN Teleconsultation Service Request","description":"This profile shows how to create service request for teleconsultation","exampleBoolean":false,"groupingId":"-str-profile"},{"extension":[{"url":"http://hl7.org/fhir/tools/StructureDefinition/resource-sort","valueInteger":999999999},{"url":"http://hl7.org/fhir/StructureDefinition/implementationguide-page","valueUri":"StructureDefinition-utn-diagnostik-report.html"}],"reference":{"reference":"StructureDefinition/utn-diagnostik-report"},"name":"UTNDiagnostikReport","description":"This is the Diagnostic Report of the UTN Patient","exampleBoolean":false,"groupingId":"-str-profile"},{"extension":[{"url":"http://hl7.org/fhir/tools/StructureDefinition/resource-sort","valueInteger":999999999},{"url":"http://hl7.org/fhir/StructureDefinition/implementationguide-page","valueUri":"StructureDefinition-utn-documentreference.html"}],"reference":{"reference":"StructureDefinition/utn-documentreference"},"name":"UTNTeleconsultDocumentReference","exampleBoolean":false,"groupingId":"-str-profile"},{"extension":[{"url":"http://hl7.org/fhir/tools/StructureDefinition/resource-sort","valueInteger":999999999},{"url":"http://hl7.org/fhir/StructureDefinition/implementationguide-page","valueUri":"StructureDefinition-composition-basedon-servicerequest.html"}],"reference":{"reference":"StructureDefinition/composition-basedon-servicerequest"},"name":"Composition BasedOn ServiceRequest","description":"Links a Composition to the ServiceRequest it is based on.","exampleBoolean":false,"groupingId":"-str-extension"},{"extension":[{"url":"http://hl7.org/fhir/tools/StructureDefinition/resource-sort","valueInteger":999999999},{"url":"http://hl7.org/fhir/StructureDefinition/implementationguide-page","valueUri":"ValueSet-gridhamd-answer-options-vs-q1.html"}],"reference":{"reference":"ValueSet/gridhamd-answer-options-vs-q1"},"name":"GRID-HAMD Answer Options ValueSet","description":"ValueSet including Q1 of the GRID-HAMD Questionnaire answer options.","exampleBoolean":false,"groupingId":"-term-valueset"},{"extension":[{"url":"http://hl7.org/fhir/tools/StructureDefinition/resource-sort","valueInteger":999999999},{"url":"http://hl7.org/fhir/StructureDefinition/implementationguide-page","valueUri":"ValueSet-gridhamd-answer-options-vs-q10.html"}],"reference":{"reference":"ValueSet/gridhamd-answer-options-vs-q10"},"name":"GRID-HAMD Answer Options ValueSet","description":"ValueSet including Q10 of the GRID-HAMD Questionnaire answer options.","exampleBoolean":false,"groupingId":"-term-valueset"},{"extension":[{"url":"http://hl7.org/fhir/tools/StructureDefinition/resource-sort","valueInteger":999999999},{"url":"http://hl7.org/fhir/StructureDefinition/implementationguide-page","valueUri":"ValueSet-gridhamd-answer-options-vs-q11.html"}],"reference":{"reference":"ValueSet/gridhamd-answer-options-vs-q11"},"name":"GRID-HAMD Answer Options ValueSet","description":"ValueSet including Q11 of the GRID-HAMD Questionnaire answer options.","exampleBoolean":false,"groupingId":"-term-valueset"},{"extension":[{"url":"http://hl7.org/fhir/tools/StructureDefinition/resource-sort","valueInteger":999999999},{"url":"http://hl7.org/fhir/StructureDefinition/implementationguide-page","valueUri":"ValueSet-gridhamd-answer-options-vs-q12.html"}],"reference":{"reference":"ValueSet/gridhamd-answer-options-vs-q12"},"name":"GRID-HAMD Answer Options ValueSet","description":"ValueSet including Q12 of the GRID-HAMD Questionnaire answer options.","exampleBoolean":false,"groupingId":"-term-valueset"},{"extension":[{"url":"http://hl7.org/fhir/tools/StructureDefinition/resource-sort","valueInteger":999999999},{"url":"http://hl7.org/fhir/StructureDefinition/implementationguide-page","valueUri":"ValueSet-gridhamd-answer-options-vs-q13.html"}],"reference":{"reference":"ValueSet/gridhamd-answer-options-vs-q13"},"name":"GRID-HAMD Answer Options ValueSet","description":"ValueSet including Q13 of the GRID-HAMD Questionnaire answer options.","exampleBoolean":false,"groupingId":"-term-valueset"},{"extension":[{"url":"http://hl7.org/fhir/tools/StructureDefinition/resource-sort","valueInteger":999999999},{"url":"http://hl7.org/fhir/StructureDefinition/implementationguide-page","valueUri":"ValueSet-gridhamd-answer-options-vs-q14.html"}],"reference":{"reference":"ValueSet/gridhamd-answer-options-vs-q14"},"name":"GRID-HAMD Answer Options ValueSet","description":"ValueSet including Q14 of the GRID-HAMD Questionnaire answer options.","exampleBoolean":false,"groupingId":"-term-valueset"},{"extension":[{"url":"http://hl7.org/fhir/tools/StructureDefinition/resource-sort","valueInteger":999999999},{"url":"http://hl7.org/fhir/StructureDefinition/implementationguide-page","valueUri":"ValueSet-gridhamd-answer-options-vs-q15.html"}],"reference":{"reference":"ValueSet/gridhamd-answer-options-vs-q15"},"name":"GRID-HAMD Answer Options ValueSet","description":"ValueSet including Q15 of the GRID-HAMD Questionnaire answer options.","exampleBoolean":false,"groupingId":"-term-valueset"},{"extension":[{"url":"http://hl7.org/fhir/tools/StructureDefinition/resource-sort","valueInteger":999999999},{"url":"http://hl7.org/fhir/StructureDefinition/implementationguide-page","valueUri":"ValueSet-gridhamd-answer-options-vs-q16.html"}],"reference":{"reference":"ValueSet/gridhamd-answer-options-vs-q16"},"name":"GRID-HAMD Answer Options ValueSet","description":"ValueSet including Q16 of the GRID-HAMD Questionnaire answer options.","exampleBoolean":false,"groupingId":"-term-valueset"},{"extension":[{"url":"http://hl7.org/fhir/tools/StructureDefinition/resource-sort","valueInteger":999999999},{"url":"http://hl7.org/fhir/StructureDefinition/implementationguide-page","valueUri":"ValueSet-gridhamd-answer-options-vs-q17.html"}],"reference":{"reference":"ValueSet/gridhamd-answer-options-vs-q17"},"name":"GRID-HAMD Answer Options ValueSet","description":"ValueSet including Q17 of the GRID-HAMD Questionnaire answer options.","exampleBoolean":false,"groupingId":"-term-valueset"},{"extension":[{"url":"http://hl7.org/fhir/tools/StructureDefinition/resource-sort","valueInteger":999999999},{"url":"http://hl7.org/fhir/StructureDefinition/implementationguide-page","valueUri":"ValueSet-gridhamd-answer-options-vs-q2.html"}],"reference":{"reference":"ValueSet/gridhamd-answer-options-vs-q2"},"name":"GRID-HAMD Answer Options ValueSet","description":"ValueSet including Q2 of the GRID-HAMD Questionnaire answer options.","exampleBoolean":false,"groupingId":"-term-valueset"},{"extension":[{"url":"http://hl7.org/fhir/tools/StructureDefinition/resource-sort","valueInteger":999999999},{"url":"http://hl7.org/fhir/StructureDefinition/implementationguide-page","valueUri":"ValueSet-gridhamd-answer-options-vs-q3.html"}],"reference":{"reference":"ValueSet/gridhamd-answer-options-vs-q3"},"name":"GRID-HAMD Answer Options ValueSet","description":"ValueSet including Q3 of the GRID-HAMD Questionnaire answer options.","exampleBoolean":false,"groupingId":"-term-valueset"},{"extension":[{"url":"http://hl7.org/fhir/tools/StructureDefinition/resource-sort","valueInteger":999999999},{"url":"http://hl7.org/fhir/StructureDefinition/implementationguide-page","valueUri":"ValueSet-gridhamd-answer-options-vs-q4.html"}],"reference":{"reference":"ValueSet/gridhamd-answer-options-vs-q4"},"name":"GRID-HAMD Answer Options ValueSet","description":"ValueSet including Q4 of the GRID-HAMD Questionnaire answer options.","exampleBoolean":false,"groupingId":"-term-valueset"},{"extension":[{"url":"http://hl7.org/fhir/tools/StructureDefinition/resource-sort","valueInteger":999999999},{"url":"http://hl7.org/fhir/StructureDefinition/implementationguide-page","valueUri":"ValueSet-gridhamd-answer-options-vs-q5.html"}],"reference":{"reference":"ValueSet/gridhamd-answer-options-vs-q5"},"name":"GRID-HAMD Answer Options ValueSet","description":"ValueSet including Q5 of the GRID-HAMD Questionnaire answer options.","exampleBoolean":false,"groupingId":"-term-valueset"},{"extension":[{"url":"http://hl7.org/fhir/tools/StructureDefinition/resource-sort","valueInteger":999999999},{"url":"http://hl7.org/fhir/StructureDefinition/implementationguide-page","valueUri":"ValueSet-gridhamd-answer-options-vs-q6.html"}],"reference":{"reference":"ValueSet/gridhamd-answer-options-vs-q6"},"name":"GRID-HAMD Answer Options ValueSet","description":"ValueSet including Q6 of the GRID-HAMD Questionnaire answer options.","exampleBoolean":false,"groupingId":"-term-valueset"},{"extension":[{"url":"http://hl7.org/fhir/tools/StructureDefinition/resource-sort","valueInteger":999999999},{"url":"http://hl7.org/fhir/StructureDefinition/implementationguide-page","valueUri":"ValueSet-gridhamd-answer-options-vs-q7.html"}],"reference":{"reference":"ValueSet/gridhamd-answer-options-vs-q7"},"name":"GRID-HAMD Answer Options ValueSet","description":"ValueSet including Q7 of the GRID-HAMD Questionnaire answer options.","exampleBoolean":false,"groupingId":"-term-valueset"},{"extension":[{"url":"http://hl7.org/fhir/tools/StructureDefinition/resource-sort","valueInteger":999999999},{"url":"http://hl7.org/fhir/StructureDefinition/implementationguide-page","valueUri":"ValueSet-gridhamd-answer-options-vs-q8.html"}],"reference":{"reference":"ValueSet/gridhamd-answer-options-vs-q8"},"name":"GRID-HAMD Answer Options ValueSet","description":"ValueSet including Q8 of the GRID-HAMD Questionnaire answer options.","exampleBoolean":false,"groupingId":"-term-valueset"},{"extension":[{"url":"http://hl7.org/fhir/tools/StructureDefinition/resource-sort","valueInteger":999999999},{"url":"http://hl7.org/fhir/StructureDefinition/implementationguide-page","valueUri":"ValueSet-gridhamd-answer-options-vs-q9.html"}],"reference":{"reference":"ValueSet/gridhamd-answer-options-vs-q9"},"name":"GRID-HAMD Answer Options ValueSet","description":"ValueSet including Q9 of the GRID-HAMD Questionnaire answer options.","exampleBoolean":false,"groupingId":"-term-valueset"},{"extension":[{"url":"http://hl7.org/fhir/tools/StructureDefinition/resource-sort","valueInteger":999999999},{"url":"http://hl7.org/fhir/StructureDefinition/implementationguide-page","valueUri":"CodeSystem-gridhamd-answer-options-cs.html"}],"reference":{"reference":"CodeSystem/gridhamd-answer-options-cs"},"name":"GRID-HAMD Answer Options CodeSystem","description":"CodeSystem defining codes for all answer options used in GRID-HAMD Questionnaire.","exampleBoolean":false,"groupingId":"-term-codesystem"},{"extension":[{"url":"http://hl7.org/fhir/tools/StructureDefinition/resource-sort","valueInteger":999999999},{"url":"http://hl7.org/fhir/StructureDefinition/implementationguide-page","valueUri":"AllergyIntolerance-Example-UTN-AllergyIntolerance.html"}],"reference":{"reference":"AllergyIntolerance/Example-UTN-AllergyIntolerance"},"name":"Allergies of the Patient","description":"Indicates that the patient has no known allergies.","exampleBoolean":true,"groupingId":"-ex-example"},{"extension":[{"url":"http://hl7.org/fhir/tools/StructureDefinition/resource-sort","valueInteger":999999999},{"url":"http://hl7.org/fhir/StructureDefinition/implementationguide-page","valueUri":"Encounter-Example-UTN-Encounter-PTtoPR.html"}],"reference":{"reference":"Encounter/Example-UTN-Encounter-PTtoPR"},"name":"Encounter 1","description":"Encounter which is between patient to practitioner","exampleCanonical":"http://utn/consentresource.com/StructureDefinition/utn-encounter","groupingId":"-ex-example"},{"extension":[{"url":"http://hl7.org/fhir/tools/StructureDefinition/resource-sort","valueInteger":999999999},{"url":"http://hl7.org/fhir/StructureDefinition/implementationguide-page","valueUri":"Encounter-Example-UTN-Encounter-PRtoPR.html"}],"reference":{"reference":"Encounter/Example-UTN-Encounter-PRtoPR"},"name":"Encounter 2","description":"Encounter which is between practitioner to practitioner","exampleCanonical":"http://utn/consentresource.com/StructureDefinition/utn-encounter","groupingId":"-ex-example"},{"extension":[{"url":"http://hl7.org/fhir/tools/StructureDefinition/resource-sort","valueInteger":999999999},{"url":"http://hl7.org/fhir/StructureDefinition/implementationguide-page","valueUri":"Observation-Example-UTN-Arterieller-Blutdruck.html"}],"reference":{"reference":"Observation/Example-UTN-Arterieller-Blutdruck"},"name":"Example UTN Arterieller Blutdruck Observation","description":"Example instance for documenting arterial blood pressure observations within UTN.","exampleCanonical":"http://utn/consentresource.com/StructureDefinition/utn-observation-arterieller-blutdruck","groupingId":"-ex-example"},{"extension":[{"url":"http://hl7.org/fhir/tools/StructureDefinition/resource-sort","valueInteger":999999999},{"url":"http://hl7.org/fhir/StructureDefinition/implementationguide-page","valueUri":"Condition-Example-UTN-Condition.html"}],"reference":{"reference":"Condition/Example-UTN-Condition"},"name":"Example of Hypertonus Condition","description":"Represents a condition of systemic hypertension","exampleBoolean":true,"groupingId":"-ex-example"},{"extension":[{"url":"http://hl7.org/fhir/tools/StructureDefinition/resource-sort","valueInteger":999999999},{"url":"http://hl7.org/fhir/StructureDefinition/implementationguide-page","valueUri":"Procedure-Example-UTN-Invasive-Beatmung.html"}],"reference":{"reference":"Procedure/Example-UTN-Invasive-Beatmung"},"name":"Example of UTN Procedure Beatmung","description":"Example instance of a ventilation procedure conforming to UTN_Procedure_Beatmung profile","exampleCanonical":"http://utn/consentresource.com/StructureDefinition/utn-procedure-beatmung","groupingId":"-ex-example"},{"extension":[{"url":"http://hl7.org/fhir/tools/StructureDefinition/resource-sort","valueInteger":999999999},{"url":"http://hl7.org/fhir/StructureDefinition/implementationguide-page","valueUri":"DocumentReference-Example-UTN-Consent-DocumentReference-Forschungsvorhaben.html"}],"reference":{"reference":"DocumentReference/Example-UTN-Consent-DocumentReference-Forschungsvorhaben"},"name":"Example-UTN-Consent-DocumentReference-Forschungsvorhaben","description":"Example of Documentreference for Forschungsvorhaben","exampleCanonical":"http://utn/consentresource.com/StructureDefinition/utn-consent-documentreference-id","groupingId":"-ex-example"},{"extension":[{"url":"http://hl7.org/fhir/tools/StructureDefinition/resource-sort","valueInteger":999999999},{"url":"http://hl7.org/fhir/StructureDefinition/implementationguide-page","valueUri":"DocumentReference-Example-UTN-Consent-DocumentReference-Videosprechstunde.html"}],"reference":{"reference":"DocumentReference/Example-UTN-Consent-DocumentReference-Videosprechstunde"},"name":"Example-UTN-Consent-DocumentReference-Videosprechstunde","description":"Example of Documentreference for Videosprechstunde","exampleCanonical":"http://utn/consentresource.com/StructureDefinition/utn-consent-documentreference-id","groupingId":"-ex-example"},{"extension":[{"url":"http://hl7.org/fhir/tools/StructureDefinition/resource-sort","valueInteger":999999999},{"url":"http://hl7.org/fhir/StructureDefinition/implementationguide-page","valueUri":"Consent-Example-UTN-Consent-Forschungsvorhaben.html"}],"reference":{"reference":"Consent/Example-UTN-Consent-Forschungsvorhaben"},"name":"Example-UTN-Consent-Forschungsvorhaben","description":"This example shows how the 'Forschungsvorhaben Consent form' should be strucutured","exampleCanonical":"http://utn/consentresource.com/StructureDefinition/utn-consent-id","groupingId":"-ex-example"},{"extension":[{"url":"http://hl7.org/fhir/tools/StructureDefinition/resource-sort","valueInteger":999999999},{"url":"http://hl7.org/fhir/StructureDefinition/implementationguide-page","valueUri":"Provenance-Example-UTN-Consent-Provenance-Forschungsvorhaben.html"}],"reference":{"reference":"Provenance/Example-UTN-Consent-Provenance-Forschungsvorhaben"},"name":"Example-UTN-Consent-Provenance-Forschungsvorhaben","description":"Example of Provenance for Forschungsvorhaben","exampleCanonical":"http://utn/consentresource.com/StructureDefinition/consent-management-provenance","groupingId":"-ex-example"},{"extension":[{"url":"http://hl7.org/fhir/tools/StructureDefinition/resource-sort","valueInteger":999999999},{"url":"http://hl7.org/fhir/StructureDefinition/implementationguide-page","valueUri":"Provenance-Example-UTN-Consent-Provenance-Videosprechstunde.html"}],"reference":{"reference":"Provenance/Example-UTN-Consent-Provenance-Videosprechstunde"},"name":"Example-UTN-Consent-Provenance-Videosprechstunde","description":"Example of Provenance for Videosprechstunde","exampleCanonical":"http://utn/consentresource.com/StructureDefinition/consent-management-provenance","groupingId":"-ex-example"},{"extension":[{"url":"http://hl7.org/fhir/tools/StructureDefinition/resource-sort","valueInteger":999999999},{"url":"http://hl7.org/fhir/StructureDefinition/implementationguide-page","valueUri":"Consent-Example-UTN-Consent-Videosprechstunde.html"}],"reference":{"reference":"Consent/Example-UTN-Consent-Videosprechstunde"},"name":"Example-UTN-Consent-Videosprechstunde","description":"This example shows how the 'Videosprechstunde Consent form' should be strucutured","exampleCanonical":"http://utn/consentresource.com/StructureDefinition/utn-consent-id","groupingId":"-ex-example"},{"extension":[{"url":"http://hl7.org/fhir/tools/StructureDefinition/resource-sort","valueInteger":999999999},{"url":"http://hl7.org/fhir/StructureDefinition/implementationguide-page","valueUri":"DiagnosticReport-Example-UTN-DiagnosticReport.html"}],"reference":{"reference":"DiagnosticReport/Example-UTN-DiagnosticReport"},"name":"Example-UTN-DiagnosticReport","description":"Example instance of UTN Diagnostic Report","exampleCanonical":"http://utn/consentresource.com/StructureDefinition/utn-diagnostik-report","groupingId":"-ex-example"},{"extension":[{"url":"http://hl7.org/fhir/tools/StructureDefinition/resource-sort","valueInteger":999999999},{"url":"http://hl7.org/fhir/StructureDefinition/implementationguide-page","valueUri":"Observation-Example-UTN-Koerperroesse.html"}],"reference":{"reference":"Observation/Example-UTN-Koerperroesse"},"name":"Example-UTN-Koerperroesse","exampleBoolean":true,"groupingId":"-ex-example"},{"extension":[{"url":"http://hl7.org/fhir/tools/StructureDefinition/resource-sort","valueInteger":999999999},{"url":"http://hl7.org/fhir/StructureDefinition/implementationguide-page","valueUri":"Patient-utn-patient-1.html"}],"reference":{"reference":"Patient/utn-patient-1"},"name":"Example-UTN-Patient","description":"Example UTN Patient 1","exampleCanonical":"http://utn/consentresource.com/StructureDefinition/utn-patient","groupingId":"-ex-example"},{"extension":[{"url":"http://hl7.org/fhir/tools/StructureDefinition/resource-sort","valueInteger":999999999},{"url":"http://hl7.org/fhir/StructureDefinition/implementationguide-page","valueUri":"Patient-utn-patient-2.html"}],"reference":{"reference":"Patient/utn-patient-2"},"name":"Example-UTN-Patient-2","description":"Example UTN Patient 2","exampleCanonical":"http://utn/consentresource.com/StructureDefinition/utn-patient","groupingId":"-ex-example"},{"extension":[{"url":"http://hl7.org/fhir/tools/StructureDefinition/resource-sort","valueInteger":999999999},{"url":"http://hl7.org/fhir/StructureDefinition/implementationguide-page","valueUri":"Practitioner-Example-UTN-Practitioner-PR1.html"}],"reference":{"reference":"Practitioner/Example-UTN-Practitioner-PR1"},"name":"Example-UTN-Practitioner-PR1","description":"Example UTN Practitioner 1","exampleCanonical":"http://utn/consentresource.com/StructureDefinition/KBV-PR-Base-Practitioner","groupingId":"-ex-example"},{"extension":[{"url":"http://hl7.org/fhir/tools/StructureDefinition/resource-sort","valueInteger":999999999},{"url":"http://hl7.org/fhir/StructureDefinition/implementationguide-page","valueUri":"Practitioner-Example-UTN-Practitioner-PR2.html"}],"reference":{"reference":"Practitioner/Example-UTN-Practitioner-PR2"},"name":"Example-UTN-Practitioner-PR2","description":"Example UTN Practitioner 2","exampleCanonical":"http://utn/consentresource.com/StructureDefinition/KBV-PR-Base-Practitioner","groupingId":"-ex-example"},{"extension":[{"url":"http://hl7.org/fhir/tools/StructureDefinition/resource-sort","valueInteger":999999999},{"url":"http://hl7.org/fhir/StructureDefinition/implementationguide-page","valueUri":"PractitionerRole-Example-UTN-PractitionerRole-PR1.html"}],"reference":{"reference":"PractitionerRole/Example-UTN-PractitionerRole-PR1"},"name":"Example-UTN-PractitionerRole-PR1","description":"Example UTN PractitionerRole PR1","exampleCanonical":"http://utn/consentresource.com/StructureDefinition/utn-PR-Base-PractitionerRole","groupingId":"-ex-example"},{"extension":[{"url":"http://hl7.org/fhir/tools/StructureDefinition/resource-sort","valueInteger":999999999},{"url":"http://hl7.org/fhir/StructureDefinition/implementationguide-page","valueUri":"PractitionerRole-Example-UTN-PractitionerRole-PR2.html"}],"reference":{"reference":"PractitionerRole/Example-UTN-PractitionerRole-PR2"},"name":"Example-UTN-PractitionerRole-PR2","description":"Example UTN PractitionerRole PR 2","exampleCanonical":"http://utn/consentresource.com/StructureDefinition/utn-PR-Base-PractitionerRole","groupingId":"-ex-example"},{"extension":[{"url":"http://hl7.org/fhir/tools/StructureDefinition/resource-sort","valueInteger":999999999},{"url":"http://hl7.org/fhir/StructureDefinition/implementationguide-page","valueUri":"Observation-Example-UTNAtemfrequenz.html"}],"reference":{"reference":"Observation/Example-UTNAtemfrequenz"},"name":"Example-UTNAtemfrequenz","description":"An example Observation for respiratory rate using Atemfrequenz profile.","exampleCanonical":"http://utn/consentresource.com/StructureDefinition/utn-isik-atemfrequenz","groupingId":"-ex-example"},{"extension":[{"url":"http://hl7.org/fhir/tools/StructureDefinition/resource-sort","valueInteger":999999999},{"url":"http://hl7.org/fhir/StructureDefinition/implementationguide-page","valueUri":"Observation-Example-UTNHerzfrequenz.html"}],"reference":{"reference":"Observation/Example-UTNHerzfrequenz"},"name":"Example-UTNHerzfrequenz","description":"An example Observation for heart rate.","exampleCanonical":"http://utn/consentresource.com/StructureDefinition/isik-herzfrequenz","groupingId":"-ex-example"},{"extension":[{"url":"http://hl7.org/fhir/tools/StructureDefinition/resource-sort","valueInteger":999999999},{"url":"http://hl7.org/fhir/StructureDefinition/implementationguide-page","valueUri":"Observation-Example-UTNKoerpergewicht.html"}],"reference":{"reference":"Observation/Example-UTNKoerpergewicht"},"name":"Example-UTNKoerpergewicht","description":"An example Observation for Body Weight.","exampleCanonical":"http://utn/consentresource.com/StructureDefinition/isik-koerpergewicht","groupingId":"-ex-example"},{"extension":[{"url":"http://hl7.org/fhir/tools/StructureDefinition/resource-sort","valueInteger":999999999},{"url":"http://hl7.org/fhir/StructureDefinition/implementationguide-page","valueUri":"Observation-Example-UTNKoerpertemperatur.html"}],"reference":{"reference":"Observation/Example-UTNKoerpertemperatur"},"name":"Example-UTNKoerpertemperatur","description":"An example Observation for Body Temperature.","exampleCanonical":"http://utn/consentresource.com/StructureDefinition/isik-koerpertemperatur","groupingId":"-ex-example"},{"extension":[{"url":"http://hl7.org/fhir/tools/StructureDefinition/resource-sort","valueInteger":999999999},{"url":"http://hl7.org/fhir/StructureDefinition/implementationguide-page","valueUri":"Observation-Example-UTNKreatinin.html"}],"reference":{"reference":"Observation/Example-UTNKreatinin"},"name":"Example-UTNKreatinin","description":"An example Observation for Creatinin.","exampleCanonical":"http://utn/consentresource.com/StructureDefinition/mii-kreatinin","groupingId":"-ex-example"},{"extension":[{"url":"http://hl7.org/fhir/tools/StructureDefinition/resource-sort","valueInteger":999999999},{"url":"http://hl7.org/fhir/StructureDefinition/implementationguide-page","valueUri":"Questionnaire-GRIDHAMDQuestionnaire.html"}],"reference":{"reference":"Questionnaire/GRIDHAMDQuestionnaire"},"name":"GRID Hamilton Depression Rating Scale","description":"A structured clinical questionnaire for assessing depression severity.","exampleBoolean":true,"groupingId":"-ex-example"},{"extension":[{"url":"http://hl7.org/fhir/tools/StructureDefinition/resource-sort","valueInteger":999999999},{"url":"http://hl7.org/fhir/StructureDefinition/implementationguide-page","valueUri":"MedicationStatement-Example-UTN-MEdikationStatement.html"}],"reference":{"reference":"MedicationStatement/Example-UTN-MEdikationStatement"},"name":"Ramipril","description":"The medication of the patient during the encounter of ICU","exampleBoolean":true,"groupingId":"-ex-example"},{"extension":[{"url":"http://hl7.org/fhir/tools/StructureDefinition/resource-sort","valueInteger":999999999},{"url":"http://hl7.org/fhir/StructureDefinition/implementationguide-page","valueUri":"Condition-Example-UTN-Sepsis.html"}],"reference":{"reference":"Condition/Example-UTN-Sepsis"},"name":"Sepsis Condition","description":"Represents an active sepsis condition observed during an ICU encounter.","exampleBoolean":true,"groupingId":"-ex-example"},{"extension":[{"url":"http://hl7.org/fhir/tools/StructureDefinition/resource-sort","valueInteger":999999999},{"url":"http://hl7.org/fhir/StructureDefinition/implementationguide-page","valueUri":"Communication-Example-UTN-PRtoPR-Consult.html"}],"reference":{"reference":"Communication/Example-UTN-PRtoPR-Consult"},"name":"Teleconsultation Note from Charité to Uniklinik Würzburg","description":"A message sent by a practitioner at Charité to a specialist at Uniklinik Würzburg regarding a patient case.","exampleCanonical":"http://utn/consentresource.com/StructureDefinition/teleconsult-communication","groupingId":"-ex-example"},{"extension":[{"url":"http://hl7.org/fhir/tools/StructureDefinition/resource-sort","valueInteger":999999999},{"url":"http://hl7.org/fhir/StructureDefinition/implementationguide-page","valueUri":"ServiceRequest-UTN-Teleconsultation-PRtoPR-ServiceRequest.html"}],"reference":{"reference":"ServiceRequest/UTN-Teleconsultation-PRtoPR-ServiceRequest"},"name":"Teleconsultation Request","description":"Request for a teleconsultation from practitioner to practitioner","exampleBoolean":true,"groupingId":"-ex-example"},{"extension":[{"url":"http://hl7.org/fhir/tools/StructureDefinition/resource-sort","valueInteger":999999999},{"url":"http://hl7.org/fhir/StructureDefinition/implementationguide-page","valueUri":"HealthcareService-teleconsultation-service-charite.html"}],"reference":{"reference":"HealthcareService/teleconsultation-service-charite"},"name":"Teleconsultation Service - Charité","description":"Teleconsultation service provided by Charité – Universitätsmedizin Berlin","exampleCanonical":"http://utn/consentresource.com/StructureDefinition/healthcare-service","groupingId":"-ex-example"},{"extension":[{"url":"http://hl7.org/fhir/tools/StructureDefinition/resource-sort","valueInteger":999999999},{"url":"http://hl7.org/fhir/StructureDefinition/implementationguide-page","valueUri":"HealthcareService-teleconsultation-service-wuerzburg.html"}],"reference":{"reference":"HealthcareService/teleconsultation-service-wuerzburg"},"name":"Teleconsultation Service - Uniklinik Würzburg","description":"Teleconsultation service provided by Universitätsklinikum Würzburg","exampleCanonical":"http://utn/consentresource.com/StructureDefinition/healthcare-service","groupingId":"-ex-example"},{"extension":[{"url":"http://hl7.org/fhir/tools/StructureDefinition/resource-sort","valueInteger":999999999},{"url":"http://hl7.org/fhir/StructureDefinition/implementationguide-page","valueUri":"Composition-Example-UTN-Teleconsultation-PTtoPR.html"}],"reference":{"reference":"Composition/Example-UTN-Teleconsultation-PTtoPR"},"name":"Teleconsultation note between patient and practitioner","exampleBoolean":true,"groupingId":"-ex-example"},{"extension":[{"url":"http://hl7.org/fhir/tools/StructureDefinition/resource-sort","valueInteger":999999999},{"url":"http://hl7.org/fhir/StructureDefinition/implementationguide-page","valueUri":"Composition-Example-UTN-Teleconsultation-PRtoPR.html"}],"reference":{"reference":"Composition/Example-UTN-Teleconsultation-PRtoPR"},"name":"Teleconsultation note between practitioner and practitioner","description":"Teleconsultation note sent to practitioner as part of the Service Request","exampleBoolean":true,"groupingId":"-ex-example"},{"extension":[{"url":"http://hl7.org/fhir/tools/StructureDefinition/resource-sort","valueInteger":999999999},{"url":"http://hl7.org/fhir/StructureDefinition/implementationguide-page","valueUri":"Composition-Example-UTN-Teleconsultation-PRtoPR-Return.html"}],"reference":{"reference":"Composition/Example-UTN-Teleconsultation-PRtoPR-Return"},"name":"Teleconsultation note between practitioner and practitioner","description":"Teleconsultation note sent back to practitioner based on the Service Request","exampleBoolean":true,"groupingId":"-ex-example"},{"extension":[{"url":"http://hl7.org/fhir/tools/StructureDefinition/resource-sort","valueInteger":999999999},{"url":"http://hl7.org/fhir/StructureDefinition/implementationguide-page","valueUri":"Location-UTNLocation.html"}],"reference":{"reference":"Location/UTNLocation"},"name":"UTNLocation","description":"Example location for UTN","exampleBoolean":true,"groupingId":"-ex-example"},{"extension":[{"url":"http://hl7.org/fhir/tools/StructureDefinition/resource-sort","valueInteger":999999999},{"url":"http://hl7.org/fhir/StructureDefinition/implementationguide-page","valueUri":"Procedure-Example-UTN-VVECMO.html"}],"reference":{"reference":"Procedure/Example-UTN-VVECMO"},"name":"Venovenous ECMO Procedure","description":"venovenous extracorporeal membrane oxygenation procedure","exampleCanonical":"http://utn/consentresource.com/StructureDefinition/utn-icu-extrakorporales-verfahren","groupingId":"-ex-example"}],"page":{"extension":[{"url":"http://hl7.org/fhir/tools/StructureDefinition/ig-page-name","valueUrl":"toc.html"}],"nameUrl":"toc.html","title":"Table of Contents","generation":"html","page":[{"extension":[{"url":"http://hl7.org/fhir/tools/StructureDefinition/ig-page-name","valueUrl":"index.html"}],"nameUrl":"index.html","title":"Home","generation":"markdown"},{"extension":[{"url":"http://hl7.org/fhir/tools/StructureDefinition/ig-page-name","valueUrl":"the_specification.html"}],"nameUrl":"the_specification.html","title":"Specification","generation":"markdown"},{"extension":[{"url":"http://hl7.org/fhir/tools/StructureDefinition/ig-page-name","valueUrl":"profiles.html"}],"nameUrl":"profiles.html","title":"UTN Profiles","generation":"markdown"},{"extension":[{"url":"http://hl7.org/fhir/tools/StructureDefinition/ig-page-name","valueUrl":"instances.html"}],"nameUrl":"instances.html","title":"UTN Instances","generation":"markdown"},{"extension":[{"url":"http://hl7.org/fhir/tools/StructureDefinition/ig-page-name","valueUrl":"scenario_depressionandanxiety.html"}],"nameUrl":"scenario_depressionandanxiety.html","title":"Scenario Remote Assessment of Depression and Anxiety Severity","generation":"markdown"},{"extension":[{"url":"http://hl7.org/fhir/tools/StructureDefinition/ig-page-name","valueUrl":"scenario_icu.html"}],"nameUrl":"scenario_icu.html","title":"Scenario ICU","generation":"markdown"},{"extension":[{"url":"http://hl7.org/fhir/tools/StructureDefinition/ig-page-name","valueUrl":"scenario_teleconsultation.html"}],"nameUrl":"scenario_teleconsultation.html","title":"Scenario Teleconsultation","generation":"markdown"},{"extension":[{"url":"http://hl7.org/fhir/tools/StructureDefinition/ig-page-name","valueUrl":"artifacts.html"}],"nameUrl":"artifacts.html","title":"Artifacts Summary","generation":"html","page":[{"extension":[{"url":"http://hl7.org/fhir/tools/StructureDefinition/ig-page-name","valueUrl":"StructureDefinition-teleconsult-communication.html"}],"nameUrl":"StructureDefinition-teleconsult-communication.html","title":"Teleconsultation Communication","generation":"generated"},{"extension":[{"url":"http://hl7.org/fhir/tools/StructureDefinition/ig-page-name","valueUrl":"StructureDefinition-utn-icu-extrakorporales-verfahren.html"}],"nameUrl":"StructureDefinition-utn-icu-extrakorporales-verfahren.html","title":"MII PR ICU Extrakorporales Verfahren","generation":"generated"},{"extension":[{"url":"http://hl7.org/fhir/tools/StructureDefinition/ig-page-name","valueUrl":"StructureDefinition-utn-consent-documentreference-id.html"}],"nameUrl":"StructureDefinition-utn-consent-documentreference-id.html","title":"UTN Consent Document Reference","generation":"generated"},{"extension":[{"url":"http://hl7.org/fhir/tools/StructureDefinition/ig-page-name","valueUrl":"StructureDefinition-utn-consent-id.html"}],"nameUrl":"StructureDefinition-utn-consent-id.html","title":"UTN Consent Forschungsvorhaben and Videosprechstunde","generation":"generated"},{"extension":[{"url":"http://hl7.org/fhir/tools/StructureDefinition/ig-page-name","valueUrl":"StructureDefinition-consent-management-provenance.html"}],"nameUrl":"StructureDefinition-consent-management-provenance.html","title":"UTN Consent Management Provenance","generation":"generated"},{"extension":[{"url":"http://hl7.org/fhir/tools/StructureDefinition/ig-page-name","valueUrl":"StructureDefinition-profile-consent-management-questionnaireresponse.html"}],"nameUrl":"StructureDefinition-profile-consent-management-questionnaireresponse.html","title":"UTN Consent Management QuestionnaireResponse","generation":"generated"},{"extension":[{"url":"http://hl7.org/fhir/tools/StructureDefinition/ig-page-name","valueUrl":"StructureDefinition-utn-encounter.html"}],"nameUrl":"StructureDefinition-utn-encounter.html","title":"UTN Encounter","generation":"generated"},{"extension":[{"url":"http://hl7.org/fhir/tools/StructureDefinition/ig-page-name","valueUrl":"StructureDefinition-healthcare-service.html"}],"nameUrl":"StructureDefinition-healthcare-service.html","title":"UTN Healthcare Service with Devices","generation":"generated"},{"extension":[{"url":"http://hl7.org/fhir/tools/StructureDefinition/ig-page-name","valueUrl":"StructureDefinition-mii-kreatinin.html"}],"nameUrl":"StructureDefinition-mii-kreatinin.html","title":"UTN Laboruntersuchung-Kreatinin","generation":"generated"},{"extension":[{"url":"http://hl7.org/fhir/tools/StructureDefinition/ig-page-name","valueUrl":"StructureDefinition-utn-observation-arterieller-blutdruck.html"}],"nameUrl":"StructureDefinition-utn-observation-arterieller-blutdruck.html","title":"UTN Observation Arterieller Blutdruck","generation":"generated"},{"extension":[{"url":"http://hl7.org/fhir/tools/StructureDefinition/ig-page-name","valueUrl":"StructureDefinition-utn-isik-atemfrequenz.html"}],"nameUrl":"StructureDefinition-utn-isik-atemfrequenz.html","title":"UTN Observation Atemfrequenz Profile","generation":"generated"},{"extension":[{"url":"http://hl7.org/fhir/tools/StructureDefinition/ig-page-name","valueUrl":"StructureDefinition-isik-herzfrequenz.html"}],"nameUrl":"StructureDefinition-isik-herzfrequenz.html","title":"UTN Observation Heart rate Profile","generation":"generated"},{"extension":[{"url":"http://hl7.org/fhir/tools/StructureDefinition/ig-page-name","valueUrl":"StructureDefinition-isik-koerpergewicht.html"}],"nameUrl":"StructureDefinition-isik-koerpergewicht.html","title":"UTN Observation Koerpergewicht Profile","generation":"generated"},{"extension":[{"url":"http://hl7.org/fhir/tools/StructureDefinition/ig-page-name","valueUrl":"StructureDefinition-isik-koerpertemperatur.html"}],"nameUrl":"StructureDefinition-isik-koerpertemperatur.html","title":"UTN Observation Koerpertemperatur Profile","generation":"generated"},{"extension":[{"url":"http://hl7.org/fhir/tools/StructureDefinition/ig-page-name","valueUrl":"StructureDefinition-utn-patient.html"}],"nameUrl":"StructureDefinition-utn-patient.html","title":"UTN Patient","generation":"generated"},{"extension":[{"url":"http://hl7.org/fhir/tools/StructureDefinition/ig-page-name","valueUrl":"StructureDefinition-KBV-PR-Base-Practitioner.html"}],"nameUrl":"StructureDefinition-KBV-PR-Base-Practitioner.html","title":"UTN Practitioner","generation":"generated"},{"extension":[{"url":"http://hl7.org/fhir/tools/StructureDefinition/ig-page-name","valueUrl":"StructureDefinition-utn-PR-Base-PractitionerRole.html"}],"nameUrl":"StructureDefinition-utn-PR-Base-PractitionerRole.html","title":"UTN Practitioner Role","generation":"generated"},{"extension":[{"url":"http://hl7.org/fhir/tools/StructureDefinition/ig-page-name","valueUrl":"StructureDefinition-utn-procedure-beatmung.html"}],"nameUrl":"StructureDefinition-utn-procedure-beatmung.html","title":"UTN Procedure Beatmung","generation":"generated"},{"extension":[{"url":"http://hl7.org/fhir/tools/StructureDefinition/ig-page-name","valueUrl":"StructureDefinition-utn-service-request.html"}],"nameUrl":"StructureDefinition-utn-service-request.html","title":"UTN Teleconsultation Service Request","generation":"generated"},{"extension":[{"url":"http://hl7.org/fhir/tools/StructureDefinition/ig-page-name","valueUrl":"StructureDefinition-utn-diagnostik-report.html"}],"nameUrl":"StructureDefinition-utn-diagnostik-report.html","title":"UTNDiagnostikReport","generation":"generated"},{"extension":[{"url":"http://hl7.org/fhir/tools/StructureDefinition/ig-page-name","valueUrl":"StructureDefinition-utn-documentreference.html"}],"nameUrl":"StructureDefinition-utn-documentreference.html","title":"UTNTeleconsultDocumentReference","generation":"generated"},{"extension":[{"url":"http://hl7.org/fhir/tools/StructureDefinition/ig-page-name","valueUrl":"StructureDefinition-composition-basedon-servicerequest.html"}],"nameUrl":"StructureDefinition-composition-basedon-servicerequest.html","title":"Composition BasedOn ServiceRequest","generation":"generated"},{"extension":[{"url":"http://hl7.org/fhir/tools/StructureDefinition/ig-page-name","valueUrl":"ValueSet-gridhamd-answer-options-vs-q1.html"}],"nameUrl":"ValueSet-gridhamd-answer-options-vs-q1.html","title":"GRID-HAMD Answer Options ValueSet","generation":"generated"},{"extension":[{"url":"http://hl7.org/fhir/tools/StructureDefinition/ig-page-name","valueUrl":"ValueSet-gridhamd-answer-options-vs-q2.html"}],"nameUrl":"ValueSet-gridhamd-answer-options-vs-q2.html","title":"GRID-HAMD Answer Options ValueSet","generation":"generated"},{"extension":[{"url":"http://hl7.org/fhir/tools/StructureDefinition/ig-page-name","valueUrl":"ValueSet-gridhamd-answer-options-vs-q3.html"}],"nameUrl":"ValueSet-gridhamd-answer-options-vs-q3.html","title":"GRID-HAMD Answer Options ValueSet","generation":"generated"},{"extension":[{"url":"http://hl7.org/fhir/tools/StructureDefinition/ig-page-name","valueUrl":"ValueSet-gridhamd-answer-options-vs-q4.html"}],"nameUrl":"ValueSet-gridhamd-answer-options-vs-q4.html","title":"GRID-HAMD Answer Options ValueSet","generation":"generated"},{"extension":[{"url":"http://hl7.org/fhir/tools/StructureDefinition/ig-page-name","valueUrl":"ValueSet-gridhamd-answer-options-vs-q5.html"}],"nameUrl":"ValueSet-gridhamd-answer-options-vs-q5.html","title":"GRID-HAMD Answer Options ValueSet","generation":"generated"},{"extension":[{"url":"http://hl7.org/fhir/tools/StructureDefinition/ig-page-name","valueUrl":"ValueSet-gridhamd-answer-options-vs-q6.html"}],"nameUrl":"ValueSet-gridhamd-answer-options-vs-q6.html","title":"GRID-HAMD Answer Options ValueSet","generation":"generated"},{"extension":[{"url":"http://hl7.org/fhir/tools/StructureDefinition/ig-page-name","valueUrl":"ValueSet-gridhamd-answer-options-vs-q7.html"}],"nameUrl":"ValueSet-gridhamd-answer-options-vs-q7.html","title":"GRID-HAMD Answer Options ValueSet","generation":"generated"},{"extension":[{"url":"http://hl7.org/fhir/tools/StructureDefinition/ig-page-name","valueUrl":"ValueSet-gridhamd-answer-options-vs-q8.html"}],"nameUrl":"ValueSet-gridhamd-answer-options-vs-q8.html","title":"GRID-HAMD Answer Options ValueSet","generation":"generated"},{"extension":[{"url":"http://hl7.org/fhir/tools/StructureDefinition/ig-page-name","valueUrl":"ValueSet-gridhamd-answer-options-vs-q9.html"}],"nameUrl":"ValueSet-gridhamd-answer-options-vs-q9.html","title":"GRID-HAMD Answer Options ValueSet","generation":"generated"},{"extension":[{"url":"http://hl7.org/fhir/tools/StructureDefinition/ig-page-name","valueUrl":"ValueSet-gridhamd-answer-options-vs-q10.html"}],"nameUrl":"ValueSet-gridhamd-answer-options-vs-q10.html","title":"GRID-HAMD Answer Options ValueSet","generation":"generated"},{"extension":[{"url":"http://hl7.org/fhir/tools/StructureDefinition/ig-page-name","valueUrl":"ValueSet-gridhamd-answer-options-vs-q11.html"}],"nameUrl":"ValueSet-gridhamd-answer-options-vs-q11.html","title":"GRID-HAMD Answer Options ValueSet","generation":"generated"},{"extension":[{"url":"http://hl7.org/fhir/tools/StructureDefinition/ig-page-name","valueUrl":"ValueSet-gridhamd-answer-options-vs-q12.html"}],"nameUrl":"ValueSet-gridhamd-answer-options-vs-q12.html","title":"GRID-HAMD Answer Options ValueSet","generation":"generated"},{"extension":[{"url":"http://hl7.org/fhir/tools/StructureDefinition/ig-page-name","valueUrl":"ValueSet-gridhamd-answer-options-vs-q13.html"}],"nameUrl":"ValueSet-gridhamd-answer-options-vs-q13.html","title":"GRID-HAMD Answer Options ValueSet","generation":"generated"},{"extension":[{"url":"http://hl7.org/fhir/tools/StructureDefinition/ig-page-name","valueUrl":"ValueSet-gridhamd-answer-options-vs-q14.html"}],"nameUrl":"ValueSet-gridhamd-answer-options-vs-q14.html","title":"GRID-HAMD Answer Options ValueSet","generation":"generated"},{"extension":[{"url":"http://hl7.org/fhir/tools/StructureDefinition/ig-page-name","valueUrl":"ValueSet-gridhamd-answer-options-vs-q15.html"}],"nameUrl":"ValueSet-gridhamd-answer-options-vs-q15.html","title":"GRID-HAMD Answer Options ValueSet","generation":"generated"},{"extension":[{"url":"http://hl7.org/fhir/tools/StructureDefinition/ig-page-name","valueUrl":"ValueSet-gridhamd-answer-options-vs-q16.html"}],"nameUrl":"ValueSet-gridhamd-answer-options-vs-q16.html","title":"GRID-HAMD Answer Options ValueSet","generation":"generated"},{"extension":[{"url":"http://hl7.org/fhir/tools/StructureDefinition/ig-page-name","valueUrl":"ValueSet-gridhamd-answer-options-vs-q17.html"}],"nameUrl":"ValueSet-gridhamd-answer-options-vs-q17.html","title":"GRID-HAMD Answer Options ValueSet","generation":"generated"},{"extension":[{"url":"http://hl7.org/fhir/tools/StructureDefinition/ig-page-name","valueUrl":"CodeSystem-gridhamd-answer-options-cs.html"}],"nameUrl":"CodeSystem-gridhamd-answer-options-cs.html","title":"GRID-HAMD Answer Options CodeSystem","generation":"generated"},{"extension":[{"url":"http://hl7.org/fhir/tools/StructureDefinition/ig-page-name","valueUrl":"AllergyIntolerance-Example-UTN-AllergyIntolerance.html"}],"nameUrl":"AllergyIntolerance-Example-UTN-AllergyIntolerance.html","title":"Allergies of the Patient","generation":"generated"},{"extension":[{"url":"http://hl7.org/fhir/tools/StructureDefinition/ig-page-name","valueUrl":"Encounter-Example-UTN-Encounter-PTtoPR.html"}],"nameUrl":"Encounter-Example-UTN-Encounter-PTtoPR.html","title":"Encounter 1","generation":"generated"},{"extension":[{"url":"http://hl7.org/fhir/tools/StructureDefinition/ig-page-name","valueUrl":"Encounter-Example-UTN-Encounter-PRtoPR.html"}],"nameUrl":"Encounter-Example-UTN-Encounter-PRtoPR.html","title":"Encounter 2","generation":"generated"},{"extension":[{"url":"http://hl7.org/fhir/tools/StructureDefinition/ig-page-name","valueUrl":"Condition-Example-UTN-Condition.html"}],"nameUrl":"Condition-Example-UTN-Condition.html","title":"Example of Hypertonus Condition","generation":"generated"},{"extension":[{"url":"http://hl7.org/fhir/tools/StructureDefinition/ig-page-name","valueUrl":"Procedure-Example-UTN-Invasive-Beatmung.html"}],"nameUrl":"Procedure-Example-UTN-Invasive-Beatmung.html","title":"Example of UTN Procedure Beatmung","generation":"generated"},{"extension":[{"url":"http://hl7.org/fhir/tools/StructureDefinition/ig-page-name","valueUrl":"Observation-Example-UTN-Arterieller-Blutdruck.html"}],"nameUrl":"Observation-Example-UTN-Arterieller-Blutdruck.html","title":"Example UTN Arterieller Blutdruck Observation","generation":"generated"},{"extension":[{"url":"http://hl7.org/fhir/tools/StructureDefinition/ig-page-name","valueUrl":"DocumentReference-Example-UTN-Consent-DocumentReference-Forschungsvorhaben.html"}],"nameUrl":"DocumentReference-Example-UTN-Consent-DocumentReference-Forschungsvorhaben.html","title":"Example-UTN-Consent-DocumentReference-Forschungsvorhaben","generation":"generated"},{"extension":[{"url":"http://hl7.org/fhir/tools/StructureDefinition/ig-page-name","valueUrl":"DocumentReference-Example-UTN-Consent-DocumentReference-Videosprechstunde.html"}],"nameUrl":"DocumentReference-Example-UTN-Consent-DocumentReference-Videosprechstunde.html","title":"Example-UTN-Consent-DocumentReference-Videosprechstunde","generation":"generated"},{"extension":[{"url":"http://hl7.org/fhir/tools/StructureDefinition/ig-page-name","valueUrl":"Consent-Example-UTN-Consent-Forschungsvorhaben.html"}],"nameUrl":"Consent-Example-UTN-Consent-Forschungsvorhaben.html","title":"Example-UTN-Consent-Forschungsvorhaben","generation":"generated"},{"extension":[{"url":"http://hl7.org/fhir/tools/StructureDefinition/ig-page-name","valueUrl":"Provenance-Example-UTN-Consent-Provenance-Forschungsvorhaben.html"}],"nameUrl":"Provenance-Example-UTN-Consent-Provenance-Forschungsvorhaben.html","title":"Example-UTN-Consent-Provenance-Forschungsvorhaben","generation":"generated"},{"extension":[{"url":"http://hl7.org/fhir/tools/StructureDefinition/ig-page-name","valueUrl":"Provenance-Example-UTN-Consent-Provenance-Videosprechstunde.html"}],"nameUrl":"Provenance-Example-UTN-Consent-Provenance-Videosprechstunde.html","title":"Example-UTN-Consent-Provenance-Videosprechstunde","generation":"generated"},{"extension":[{"url":"http://hl7.org/fhir/tools/StructureDefinition/ig-page-name","valueUrl":"Consent-Example-UTN-Consent-Videosprechstunde.html"}],"nameUrl":"Consent-Example-UTN-Consent-Videosprechstunde.html","title":"Example-UTN-Consent-Videosprechstunde","generation":"generated"},{"extension":[{"url":"http://hl7.org/fhir/tools/StructureDefinition/ig-page-name","valueUrl":"DiagnosticReport-Example-UTN-DiagnosticReport.html"}],"nameUrl":"DiagnosticReport-Example-UTN-DiagnosticReport.html","title":"Example-UTN-DiagnosticReport","generation":"generated"},{"extension":[{"url":"http://hl7.org/fhir/tools/StructureDefinition/ig-page-name","valueUrl":"Observation-Example-UTN-Koerperroesse.html"}],"nameUrl":"Observation-Example-UTN-Koerperroesse.html","title":"Example-UTN-Koerperroesse","generation":"generated"},{"extension":[{"url":"http://hl7.org/fhir/tools/StructureDefinition/ig-page-name","valueUrl":"Patient-utn-patient-1.html"}],"nameUrl":"Patient-utn-patient-1.html","title":"Example-UTN-Patient","generation":"generated"},{"extension":[{"url":"http://hl7.org/fhir/tools/StructureDefinition/ig-page-name","valueUrl":"Patient-utn-patient-2.html"}],"nameUrl":"Patient-utn-patient-2.html","title":"Example-UTN-Patient-2","generation":"generated"},{"extension":[{"url":"http://hl7.org/fhir/tools/StructureDefinition/ig-page-name","valueUrl":"Practitioner-Example-UTN-Practitioner-PR1.html"}],"nameUrl":"Practitioner-Example-UTN-Practitioner-PR1.html","title":"Example-UTN-Practitioner-PR1","generation":"generated"},{"extension":[{"url":"http://hl7.org/fhir/tools/StructureDefinition/ig-page-name","valueUrl":"Practitioner-Example-UTN-Practitioner-PR2.html"}],"nameUrl":"Practitioner-Example-UTN-Practitioner-PR2.html","title":"Example-UTN-Practitioner-PR2","generation":"generated"},{"extension":[{"url":"http://hl7.org/fhir/tools/StructureDefinition/ig-page-name","valueUrl":"PractitionerRole-Example-UTN-PractitionerRole-PR1.html"}],"nameUrl":"PractitionerRole-Example-UTN-PractitionerRole-PR1.html","title":"Example-UTN-PractitionerRole-PR1","generation":"generated"},{"extension":[{"url":"http://hl7.org/fhir/tools/StructureDefinition/ig-page-name","valueUrl":"PractitionerRole-Example-UTN-PractitionerRole-PR2.html"}],"nameUrl":"PractitionerRole-Example-UTN-PractitionerRole-PR2.html","title":"Example-UTN-PractitionerRole-PR2","generation":"generated"},{"extension":[{"url":"http://hl7.org/fhir/tools/StructureDefinition/ig-page-name","valueUrl":"Observation-Example-UTNAtemfrequenz.html"}],"nameUrl":"Observation-Example-UTNAtemfrequenz.html","title":"Example-UTNAtemfrequenz","generation":"generated"},{"extension":[{"url":"http://hl7.org/fhir/tools/StructureDefinition/ig-page-name","valueUrl":"Observation-Example-UTNHerzfrequenz.html"}],"nameUrl":"Observation-Example-UTNHerzfrequenz.html","title":"Example-UTNHerzfrequenz","generation":"generated"},{"extension":[{"url":"http://hl7.org/fhir/tools/StructureDefinition/ig-page-name","valueUrl":"Observation-Example-UTNKoerpergewicht.html"}],"nameUrl":"Observation-Example-UTNKoerpergewicht.html","title":"Example-UTNKoerpergewicht","generation":"generated"},{"extension":[{"url":"http://hl7.org/fhir/tools/StructureDefinition/ig-page-name","valueUrl":"Observation-Example-UTNKoerpertemperatur.html"}],"nameUrl":"Observation-Example-UTNKoerpertemperatur.html","title":"Example-UTNKoerpertemperatur","generation":"generated"},{"extension":[{"url":"http://hl7.org/fhir/tools/StructureDefinition/ig-page-name","valueUrl":"Observation-Example-UTNKreatinin.html"}],"nameUrl":"Observation-Example-UTNKreatinin.html","title":"Example-UTNKreatinin","generation":"generated"},{"extension":[{"url":"http://hl7.org/fhir/tools/StructureDefinition/ig-page-name","valueUrl":"Questionnaire-GRIDHAMDQuestionnaire.html"}],"nameUrl":"Questionnaire-GRIDHAMDQuestionnaire.html","title":"GRID Hamilton Depression Rating Scale","generation":"generated"},{"extension":[{"url":"http://hl7.org/fhir/tools/StructureDefinition/ig-page-name","valueUrl":"MedicationStatement-Example-UTN-MEdikationStatement.html"}],"nameUrl":"MedicationStatement-Example-UTN-MEdikationStatement.html","title":"Ramipril","generation":"generated"},{"extension":[{"url":"http://hl7.org/fhir/tools/StructureDefinition/ig-page-name","valueUrl":"Condition-Example-UTN-Sepsis.html"}],"nameUrl":"Condition-Example-UTN-Sepsis.html","title":"Sepsis Condition","generation":"generated"},{"extension":[{"url":"http://hl7.org/fhir/tools/StructureDefinition/ig-page-name","valueUrl":"Composition-Example-UTN-Teleconsultation-PTtoPR.html"}],"nameUrl":"Composition-Example-UTN-Teleconsultation-PTtoPR.html","title":"Teleconsultation note between patient and practitioner","generation":"generated"},{"extension":[{"url":"http://hl7.org/fhir/tools/StructureDefinition/ig-page-name","valueUrl":"Composition-Example-UTN-Teleconsultation-PRtoPR.html"}],"nameUrl":"Composition-Example-UTN-Teleconsultation-PRtoPR.html","title":"Teleconsultation note between practitioner and practitioner","generation":"generated"},{"extension":[{"url":"http://hl7.org/fhir/tools/StructureDefinition/ig-page-name","valueUrl":"Composition-Example-UTN-Teleconsultation-PRtoPR-Return.html"}],"nameUrl":"Composition-Example-UTN-Teleconsultation-PRtoPR-Return.html","title":"Teleconsultation note between practitioner and practitioner","generation":"generated"},{"extension":[{"url":"http://hl7.org/fhir/tools/StructureDefinition/ig-page-name","valueUrl":"Communication-Example-UTN-PRtoPR-Consult.html"}],"nameUrl":"Communication-Example-UTN-PRtoPR-Consult.html","title":"Teleconsultation Note from Charité to Uniklinik Würzburg","generation":"generated"},{"extension":[{"url":"http://hl7.org/fhir/tools/StructureDefinition/ig-page-name","valueUrl":"ServiceRequest-UTN-Teleconsultation-PRtoPR-ServiceRequest.html"}],"nameUrl":"ServiceRequest-UTN-Teleconsultation-PRtoPR-ServiceRequest.html","title":"Teleconsultation Request","generation":"generated"},{"extension":[{"url":"http://hl7.org/fhir/tools/StructureDefinition/ig-page-name","valueUrl":"HealthcareService-teleconsultation-service-charite.html"}],"nameUrl":"HealthcareService-teleconsultation-service-charite.html","title":"Teleconsultation Service - Charité","generation":"generated"},{"extension":[{"url":"http://hl7.org/fhir/tools/StructureDefinition/ig-page-name","valueUrl":"HealthcareService-teleconsultation-service-wuerzburg.html"}],"nameUrl":"HealthcareService-teleconsultation-service-wuerzburg.html","title":"Teleconsultation Service - Uniklinik Würzburg","generation":"generated"},{"extension":[{"url":"http://hl7.org/fhir/tools/StructureDefinition/ig-page-name","valueUrl":"Location-UTNLocation.html"}],"nameUrl":"Location-UTNLocation.html","title":"UTNLocation","generation":"generated"},{"extension":[{"url":"http://hl7.org/fhir/tools/StructureDefinition/ig-page-name","valueUrl":"Procedure-Example-UTN-VVECMO.html"}],"nameUrl":"Procedure-Example-UTN-VVECMO.html","title":"Venovenous ECMO Procedure","generation":"generated"}]}]},"parameter":[{"code":"path-resource","value":"input/capabilities"},{"code":"path-resource","value":"input/examples"},{"code":"path-resource","value":"input/extensions"},{"code":"path-resource","value":"input/models"},{"code":"path-resource","value":"input/operations"},{"code":"path-resource","value":"input/profiles"},{"code":"path-resource","value":"input/resources"},{"code":"path-resource","value":"input/vocabulary"},{"code":"path-resource","value":"input/maps"},{"code":"path-resource","value":"input/testing"},{"code":"path-resource","value":"input/history"},{"code":"path-resource","value":"fsh-generated/resources"},{"code":"path-pages","value":"template/config"},{"code":"path-pages","value":"input/images"},{"code":"path-tx-cache","value":"input-cache/txcache"}]}}