{"resourceType":"ValueSet","id":"gridhamd-answer-options-vs-q15","text":{"status":"generated","div":"<div xmlns=\"http://www.w3.org/1999/xhtml\"><p class=\"res-header-id\"><b>Generated Narrative: ValueSet gridhamd-answer-options-vs-q15</b></p><a name=\"gridhamd-answer-options-vs-q15\"> </a><a name=\"hcgridhamd-answer-options-vs-q15\"> </a><ul><li>Include these codes as defined in <a href=\"CodeSystem-gridhamd-answer-options-cs.html\"><code>http://example.org/fhir/CodeSystem/gridhamd-answer-options-cs</code></a><table class=\"none\"><tr><td style=\"white-space:nowrap\"><b>Code</b></td><td><b>Display</b></td></tr><tr><td><a href=\"CodeSystem-gridhamd-answer-options-cs.html#gridhamd-answer-options-cs-Q15-1\">Q15-1</a></td><td>Absent and Absent or clinically insignificant</td></tr><tr><td><a href=\"CodeSystem-gridhamd-answer-options-cs.html#gridhamd-answer-options-cs-Q15-2\">Q15-2</a></td><td>Mild (preoccupation with bodily functions and sensations, but no concerns about a specific illness)  and Absent or clinically insignificant</td></tr><tr><td><a href=\"CodeSystem-gridhamd-answer-options-cs.html#gridhamd-answer-options-cs-Q15-3\">Q15-3</a></td><td>Mild (preoccupation with bodily functions and sensations, but no concerns about a specific illness)  and Occasional</td></tr><tr><td><a href=\"CodeSystem-gridhamd-answer-options-cs.html#gridhamd-answer-options-cs-Q15-4\">Q15-4</a></td><td>Mild (preoccupation with bodily functions and sensations, but no concerns about a specific illness) and Much of the time</td></tr><tr><td><a href=\"CodeSystem-gridhamd-answer-options-cs.html#gridhamd-answer-options-cs-Q15-5\">Q15-5</a></td><td>Mild (preoccupation with bodily functions and sensations, but no concerns about a specific illness)  and Almost all the time</td></tr><tr><td><a href=\"CodeSystem-gridhamd-answer-options-cs.html#gridhamd-answer-options-cs-Q15-6\">Q15-6</a></td><td>Moderate (Excessive or unrealistic worry about having an illness, e.g., “I worry that these headaches are from a brain tumor.”)  and Occasional</td></tr><tr><td><a href=\"CodeSystem-gridhamd-answer-options-cs.html#gridhamd-answer-options-cs-Q15-7\">Q15-7</a></td><td>Moderate (Excessive or unrealistic worry about having an illness, e.g., “I worry that these headaches are from a brain tumor.”)  and Much of the time</td></tr><tr><td><a href=\"CodeSystem-gridhamd-answer-options-cs.html#gridhamd-answer-options-cs-Q15-8\">Q15-8</a></td><td>Moderate (Excessive or unrealistic worry about having an illness, e.g., “I worry that these headaches are from a brain tumor.”)  and Almost all the time</td></tr><tr><td><a href=\"CodeSystem-gridhamd-answer-options-cs.html#gridhamd-answer-options-cs-Q15-9\">Q15-9</a></td><td>Severe (Strong unrealistic conviction of having an illness, e.g., “I am convinced I have cancer”) and Occasional</td></tr><tr><td><a href=\"CodeSystem-gridhamd-answer-options-cs.html#gridhamd-answer-options-cs-Q15-10\">Q15-10</a></td><td>Severe (Strong unrealistic conviction of having an illness, e.g., “I am convinced I have cancer”) and Much of the time</td></tr><tr><td><a href=\"CodeSystem-gridhamd-answer-options-cs.html#gridhamd-answer-options-cs-Q15-11\">Q15-11</a></td><td>Severe (Strong unrealistic conviction of having an illness, e.g., “I am convinced I have cancer”) and almost all of the time</td></tr><tr><td><a href=\"CodeSystem-gridhamd-answer-options-cs.html#gridhamd-answer-options-cs-Q15-12\">Q15-12</a></td><td>Very Severe (Somatic delusions or hallucinations, e.g., “My insides are rotting”) and Occasional</td></tr><tr><td><a href=\"CodeSystem-gridhamd-answer-options-cs.html#gridhamd-answer-options-cs-Q15-13\">Q15-13</a></td><td>Very Severe (Somatic delusions or hallucinations, e.g., “My insides are rotting”)  and Much off the time</td></tr><tr><td><a href=\"CodeSystem-gridhamd-answer-options-cs.html#gridhamd-answer-options-cs-Q15-14\">Q15-14</a></td><td>Very Severe (Somatic delusions or hallucinations, e.g., “My insides are rotting”) and Almost all of the time</td></tr></table></li></ul></div>"},"url":"http://example.org/fhir/CodeSystem/gridhamd-answer-options-vs15","version":"0.1.0","name":"GRIDHAMDAnswerOptionsVSQ15","title":"GRID-HAMD Answer Options ValueSet","status":"draft","date":"2025-06-18T14:35:27+02:00","publisher":"BIH at Charité - Core Unit Digital Medicine and Interoperability","contact":[{"name":"BIH at Charité - Core Unit Digital Medicine and Interoperability","telecom":[{"system":"url","value":"https://www.bihealth.org/de/forschung/arbeitsgruppen/interoperabilitaet/home"}]}],"description":"ValueSet including Q15 of the GRID-HAMD Questionnaire answer options.","compose":{"include":[{"system":"http://example.org/fhir/CodeSystem/gridhamd-answer-options-cs","concept":[{"code":"Q15-1","display":"Absent and Absent or clinically insignificant"},{"code":"Q15-2","display":"Mild (preoccupation with bodily functions and sensations, but no concerns about a specific illness)  and Absent or clinically insignificant"},{"code":"Q15-3","display":"Mild (preoccupation with bodily functions and sensations, but no concerns about a specific illness)  and Occasional"},{"code":"Q15-4","display":"Mild (preoccupation with bodily functions and sensations, but no concerns about a specific illness) and Much of the time"},{"code":"Q15-5","display":"Mild (preoccupation with bodily functions and sensations, but no concerns about a specific illness)  and Almost all the time"},{"code":"Q15-6","display":"Moderate (Excessive or unrealistic worry about having an illness, e.g., “I worry that these headaches are from a brain tumor.”)  and Occasional"},{"code":"Q15-7","display":"Moderate (Excessive or unrealistic worry about having an illness, e.g., “I worry that these headaches are from a brain tumor.”)  and Much of the time"},{"code":"Q15-8","display":"Moderate (Excessive or unrealistic worry about having an illness, e.g., “I worry that these headaches are from a brain tumor.”)  and Almost all the time"},{"code":"Q15-9","display":"Severe (Strong unrealistic conviction of having an illness, e.g., “I am convinced I have cancer”) and Occasional"},{"code":"Q15-10","display":"Severe (Strong unrealistic conviction of having an illness, e.g., “I am convinced I have cancer”) and Much of the time"},{"code":"Q15-11","display":"Severe (Strong unrealistic conviction of having an illness, e.g., “I am convinced I have cancer”) and almost all of the time"},{"code":"Q15-12","display":"Very Severe (Somatic delusions or hallucinations, e.g., “My insides are rotting”) and Occasional"},{"code":"Q15-13","display":"Very Severe (Somatic delusions or hallucinations, e.g., “My insides are rotting”)  and Much off the time"},{"code":"Q15-14","display":"Very Severe (Somatic delusions or hallucinations, e.g., “My insides are rotting”) and Almost all of the time"}]}]}}