{"resourceType":"ValueSet","id":"gridhamd-answer-options-vs-q2","text":{"status":"generated","div":"<div xmlns=\"http://www.w3.org/1999/xhtml\"><p class=\"res-header-id\"><b>Generated Narrative: ValueSet gridhamd-answer-options-vs-q2</b></p><a name=\"gridhamd-answer-options-vs-q2\"> </a><a name=\"hcgridhamd-answer-options-vs-q2\"> </a><a name=\"gridhamd-answer-options-vs-q2-en-US\"> </a><ul><li>Include these codes as defined in <a href=\"CodeSystem-gridhamd-answer-options-cs.html\"><code>http://example.org/fhir/CodeSystem/gridhamd-answer-options-cs</code></a><table class=\"none\"><tr><td style=\"white-space:nowrap\"><b>Code</b></td><td><b>Display</b></td></tr><tr><td><a href=\"CodeSystem-gridhamd-answer-options-cs.html#gridhamd-answer-options-cs-Q2-1\">Q2-1</a></td><td>Absent and Absent or clinically insignificant</td></tr><tr><td><a href=\"CodeSystem-gridhamd-answer-options-cs.html#gridhamd-answer-options-cs-Q2-2\">Q2-2</a></td><td>Mild (Feelings of sadness, discouragement, low selfesteem, pessimism)  and Absent or clinically insignificant</td></tr><tr><td><a href=\"CodeSystem-gridhamd-answer-options-cs.html#gridhamd-answer-options-cs-Q2-3\">Q2-3</a></td><td>Mild (Self-critical, self-reproach, e.g., “I’ve letpeople down”)  and Occasional</td></tr><tr><td><a href=\"CodeSystem-gridhamd-answer-options-cs.html#gridhamd-answer-options-cs-Q2-4\">Q2-4</a></td><td>Mild (Self-critical, self-reproach, e.g., “I’ve letpeople down”)  and Much of the time</td></tr><tr><td><a href=\"CodeSystem-gridhamd-answer-options-cs.html#gridhamd-answer-options-cs-Q2-5\">Q2-5</a></td><td>Mild (Self-critical, self-reproach, e.g., “I’ve letpeople down”) and Almost all the time</td></tr><tr><td><a href=\"CodeSystem-gridhamd-answer-options-cs.html#gridhamd-answer-options-cs-Q2-6\">Q2-6</a></td><td>Moderate (Feelings of guilt, remorse, shame; belief that one has done something bad or wrong)  and Occasional</td></tr><tr><td><a href=\"CodeSystem-gridhamd-answer-options-cs.html#gridhamd-answer-options-cs-Q2-7\">Q2-7</a></td><td>Moderate (Feelings of guilt, remorse, shame; belief that one has done something bad or wrong) and Much of the time</td></tr><tr><td><a href=\"CodeSystem-gridhamd-answer-options-cs.html#gridhamd-answer-options-cs-Q2-8\">Q2-8</a></td><td>Moderate (Feelings of guilt, remorse, shame; belief that one has done something bad or wrong) and Almost all the time</td></tr><tr><td><a href=\"CodeSystem-gridhamd-answer-options-cs.html#gridhamd-answer-options-cs-Q2-9\">Q2-9</a></td><td>Severe (Pervasive feelings of guilt; feels the illness is a punishment for sinful deeds) and Occasional</td></tr><tr><td><a href=\"CodeSystem-gridhamd-answer-options-cs.html#gridhamd-answer-options-cs-Q2-10\">Q2-10</a></td><td>Severe (Pervasive feelings of guilt; feels the illness is a punishment for sinful deeds) and Much of the time</td></tr><tr><td><a href=\"CodeSystem-gridhamd-answer-options-cs.html#gridhamd-answer-options-cs-Q2-11\">Q2-11</a></td><td>Severe (Pervasive feelings of guilt; feels the illness is a punishment for sinful deeds) and almost all of the time</td></tr><tr><td><a href=\"CodeSystem-gridhamd-answer-options-cs.html#gridhamd-answer-options-cs-Q2-12\">Q2-12</a></td><td>Very Severe (Delusions, hallucinations) and Much off the time</td></tr><tr><td><a href=\"CodeSystem-gridhamd-answer-options-cs.html#gridhamd-answer-options-cs-Q2-13\">Q2-13</a></td><td>Very Severe (Delusions, hallucinations) and Almost all of the time</td></tr></table></li></ul></div>"},"url":"http://example.org/fhir/CodeSystem/gridhamd-answer-options-vs2","version":"0.1.0","name":"GRIDHAMDAnswerOptionsVSQ2","title":"GRID-HAMD Answer Options ValueSet","status":"draft","date":"2025-05-14T14:21:32+02:00","publisher":"BIH-CEI","contact":[{"name":"BIH-CEI","telecom":[{"system":"url","value":"http://utn/consentresource.com"}]}],"description":"ValueSet including Q2 of the GRID-HAMD Questionnaire answer options.","compose":{"include":[{"system":"http://example.org/fhir/CodeSystem/gridhamd-answer-options-cs","concept":[{"code":"Q2-1","display":"Absent and Absent or clinically insignificant"},{"code":"Q2-2","display":"Mild (Feelings of sadness, discouragement, low selfesteem, pessimism)  and Absent or clinically insignificant"},{"code":"Q2-3","display":"Mild (Self-critical, self-reproach, e.g., “I’ve letpeople down”)  and Occasional"},{"code":"Q2-4","display":"Mild (Self-critical, self-reproach, e.g., “I’ve letpeople down”)  and Much of the time"},{"code":"Q2-5","display":"Mild (Self-critical, self-reproach, e.g., “I’ve letpeople down”) and Almost all the time"},{"code":"Q2-6","display":"Moderate (Feelings of guilt, remorse, shame; belief that one has done something bad or wrong)  and Occasional"},{"code":"Q2-7","display":"Moderate (Feelings of guilt, remorse, shame; belief that one has done something bad or wrong) and Much of the time"},{"code":"Q2-8","display":"Moderate (Feelings of guilt, remorse, shame; belief that one has done something bad or wrong) and Almost all the time"},{"code":"Q2-9","display":"Severe (Pervasive feelings of guilt; feels the illness is a punishment for sinful deeds) and Occasional"},{"code":"Q2-10","display":"Severe (Pervasive feelings of guilt; feels the illness is a punishment for sinful deeds) and Much of the time"},{"code":"Q2-11","display":"Severe (Pervasive feelings of guilt; feels the illness is a punishment for sinful deeds) and almost all of the time"},{"code":"Q2-12","display":"Very Severe (Delusions, hallucinations) and Much off the time"},{"code":"Q2-13","display":"Very Severe (Delusions, hallucinations) and Almost all of the time"}]}]}}