{"resourceType":"ValueSet","id":"gridhamd-answer-options-vs-q13","text":{"status":"generated","div":"<div xmlns=\"http://www.w3.org/1999/xhtml\"><p class=\"res-header-id\"><b>Generated Narrative: ValueSet gridhamd-answer-options-vs-q13</b></p><a name=\"gridhamd-answer-options-vs-q13\"> </a><a name=\"hcgridhamd-answer-options-vs-q13\"> </a><ul><li>Include these codes as defined in <a href=\"CodeSystem-gridhamd-answer-options-cs.html\"><code>http://example.org/fhir/CodeSystem/gridhamd-answer-options-cs</code></a><table class=\"none\"><tr><td style=\"white-space:nowrap\"><b>Code</b></td><td><b>Display</b></td></tr><tr><td><a href=\"CodeSystem-gridhamd-answer-options-cs.html#gridhamd-answer-options-cs-Q13-1\">Q13-1</a></td><td>Absent and Absent or clinically insignificant</td></tr><tr><td><a href=\"CodeSystem-gridhamd-answer-options-cs.html#gridhamd-answer-options-cs-Q13-2\">Q13-2</a></td><td>Mild (mild tiredness, loss of energy, fatigue, feelings of heaviness in limbs or being weighted down, or muscular aches or pains) and Absent or clinically insignificant</td></tr><tr><td><a href=\"CodeSystem-gridhamd-answer-options-cs.html#gridhamd-answer-options-cs-Q13-3\">Q13-3</a></td><td>Mild (mild tiredness, loss of energy, fatigue, feelings of heaviness in limbs or being weighted down, or muscular aches or pains) and Occasional</td></tr><tr><td><a href=\"CodeSystem-gridhamd-answer-options-cs.html#gridhamd-answer-options-cs-Q13-4\">Q13-4</a></td><td>Mild (mild tiredness, loss of energy, fatigue, feelings of heaviness in limbs or being weighted down, or muscular aches or pains) and Much of the time</td></tr><tr><td><a href=\"CodeSystem-gridhamd-answer-options-cs.html#gridhamd-answer-options-cs-Q13-5\">Q13-5</a></td><td>Mild (mild tiredness, loss of energy, fatigue, feelings of heaviness in limbs or being weighted down, or muscular aches or pains) and Almost all the time</td></tr><tr><td><a href=\"CodeSystem-gridhamd-answer-options-cs.html#gridhamd-answer-options-cs-Q13-6\">Q13-6</a></td><td>Marked (prominent tiredness, loss of energy, fatigue, feelings of heaviness in limbs or being weighted down, or muscular aches or pains) and Occasional</td></tr><tr><td><a href=\"CodeSystem-gridhamd-answer-options-cs.html#gridhamd-answer-options-cs-Q13-7\">Q13-7</a></td><td>Marked (prominent tiredness, loss of energy, fatigue, feelings of heaviness in limbs or being weighted down, or muscular aches or pains)and Much of the time</td></tr><tr><td><a href=\"CodeSystem-gridhamd-answer-options-cs.html#gridhamd-answer-options-cs-Q13-8\">Q13-8</a></td><td>Marked (prominent tiredness, loss of energy, fatigue, feelings of heaviness in limbs or being weighted down, or muscular aches or pains)  and Almost all the time</td></tr></table></li></ul></div>"},"url":"http://example.org/fhir/CodeSystem/gridhamd-answer-options-vs13","version":"0.1.0","name":"GRIDHAMDAnswerOptionsVSQ13","title":"GRID-HAMD Answer Options ValueSet","status":"draft","date":"2025-06-18T11:50:53+02:00","publisher":"BIH at Charité - Core Unit Digital Medicine and Interoperability","contact":[{"name":"BIH at Charité - Core Unit Digital Medicine and Interoperability","telecom":[{"system":"url","value":"https://www.bihealth.org/de/forschung/arbeitsgruppen/interoperabilitaet/home"}]}],"description":"ValueSet including Q13 of the GRID-HAMD Questionnaire answer options.","compose":{"include":[{"system":"http://example.org/fhir/CodeSystem/gridhamd-answer-options-cs","concept":[{"code":"Q13-1","display":"Absent and Absent or clinically insignificant"},{"code":"Q13-2","display":"Mild (mild tiredness, loss of energy, fatigue, feelings of heaviness in limbs or being weighted down, or muscular aches or pains) and Absent or clinically insignificant"},{"code":"Q13-3","display":"Mild (mild tiredness, loss of energy, fatigue, feelings of heaviness in limbs or being weighted down, or muscular aches or pains) and Occasional"},{"code":"Q13-4","display":"Mild (mild tiredness, loss of energy, fatigue, feelings of heaviness in limbs or being weighted down, or muscular aches or pains) and Much of the time"},{"code":"Q13-5","display":"Mild (mild tiredness, loss of energy, fatigue, feelings of heaviness in limbs or being weighted down, or muscular aches or pains) and Almost all the time"},{"code":"Q13-6","display":"Marked (prominent tiredness, loss of energy, fatigue, feelings of heaviness in limbs or being weighted down, or muscular aches or pains) and Occasional"},{"code":"Q13-7","display":"Marked (prominent tiredness, loss of energy, fatigue, feelings of heaviness in limbs or being weighted down, or muscular aches or pains)and Much of the time"},{"code":"Q13-8","display":"Marked (prominent tiredness, loss of energy, fatigue, feelings of heaviness in limbs or being weighted down, or muscular aches or pains)  and Almost all the time"}]}]}}