{"resourceType":"ValueSet","id":"gridhamd-answer-options-vs-q7","text":{"status":"generated","div":"<div xmlns=\"http://www.w3.org/1999/xhtml\"><p class=\"res-header-id\"><b>Generated Narrative: ValueSet gridhamd-answer-options-vs-q7</b></p><a name=\"gridhamd-answer-options-vs-q7\"> </a><a name=\"hcgridhamd-answer-options-vs-q7\"> </a><ul><li>Include these codes as defined in <a href=\"CodeSystem-gridhamd-answer-options-cs.html\"><code>http://example.org/fhir/CodeSystem/gridhamd-answer-options-cs</code></a><table class=\"none\"><tr><td style=\"white-space:nowrap\"><b>Code</b></td><td><b>Display</b></td></tr><tr><td><a href=\"CodeSystem-gridhamd-answer-options-cs.html#gridhamd-answer-options-cs-Q7-1\">Q7-1</a></td><td>Absent and Absent or clinically insignificant</td></tr><tr><td><a href=\"CodeSystem-gridhamd-answer-options-cs.html#gridhamd-answer-options-cs-Q7-2\">Q7-2</a></td><td>Mild (Some reduction in interest or pleasure but no clear impairment in functioning)  and Absent or clinically insignificant</td></tr><tr><td><a href=\"CodeSystem-gridhamd-answer-options-cs.html#gridhamd-answer-options-cs-Q7-3\">Q7-3</a></td><td>Mild (Some reduction in interest or pleasure but no clear impairment in functioning)  and Occasional</td></tr><tr><td><a href=\"CodeSystem-gridhamd-answer-options-cs.html#gridhamd-answer-options-cs-Q7-4\">Q7-4</a></td><td>Mild (Some reduction in interest or pleasure but no clear impairment in functioning) and Much of the time</td></tr><tr><td><a href=\"CodeSystem-gridhamd-answer-options-cs.html#gridhamd-answer-options-cs-Q7-5\">Q7-5</a></td><td>Mild (Some reduction in interest or pleasure but no clear impairment in functioning)  and Almost all the time</td></tr><tr><td><a href=\"CodeSystem-gridhamd-answer-options-cs.html#gridhamd-answer-options-cs-Q7-6\">Q7-6</a></td><td>Moderate (Significant reduction in interest or pleasure or clear impairment in functioning)  and Occasional</td></tr><tr><td><a href=\"CodeSystem-gridhamd-answer-options-cs.html#gridhamd-answer-options-cs-Q7-7\">Q7-7</a></td><td>Moderate (Significant reduction in interest or pleasure or clear impairment in functioning) and Much of the time</td></tr><tr><td><a href=\"CodeSystem-gridhamd-answer-options-cs.html#gridhamd-answer-options-cs-Q7-8\">Q7-8</a></td><td>Moderate (Significant reduction in interest or pleasure or clear impairment in functioning) and Almost all the time</td></tr><tr><td><a href=\"CodeSystem-gridhamd-answer-options-cs.html#gridhamd-answer-options-cs-Q7-9\">Q7-9</a></td><td>Severe (Profound reduction in interest, pleasure, and functioning) and Occasional</td></tr><tr><td><a href=\"CodeSystem-gridhamd-answer-options-cs.html#gridhamd-answer-options-cs-Q7-10\">Q7-10</a></td><td>Severe (Profound reduction in interest, pleasure, and functioning) and Much of the time</td></tr><tr><td><a href=\"CodeSystem-gridhamd-answer-options-cs.html#gridhamd-answer-options-cs-Q7-11\">Q7-11</a></td><td>Severe (Profound reduction in interest, pleasure, and functioning) and almost all of the time</td></tr><tr><td><a href=\"CodeSystem-gridhamd-answer-options-cs.html#gridhamd-answer-options-cs-Q7-12\">Q7-12</a></td><td>Very Severe (Unable to work; needs help performing self-care activities; unable to function without assistance) and Occasional</td></tr><tr><td><a href=\"CodeSystem-gridhamd-answer-options-cs.html#gridhamd-answer-options-cs-Q7-13\">Q7-13</a></td><td>Very Severe (Unable to work; needs help performing self-care activities; unable to function withoutassistance) and Much off the time</td></tr><tr><td><a href=\"CodeSystem-gridhamd-answer-options-cs.html#gridhamd-answer-options-cs-Q7-14\">Q7-14</a></td><td>Very Severe (Unable to work; needs help performing self-care activities; unable to function without assistance) and Almost all of the time</td></tr></table></li></ul></div>"},"url":"http://example.org/fhir/CodeSystem/gridhamd-answer-options-vs7","version":"0.1.0","name":"GRIDHAMDAnswerOptionsVSQ7","title":"GRID-HAMD Answer Options ValueSet","status":"draft","date":"2025-06-16T14:33:49+02:00","publisher":"BIH-CEI","contact":[{"name":"BIH-CEI","telecom":[{"system":"url","value":"http://utn/consentresource.com"}]}],"description":"ValueSet including Q7 of the GRID-HAMD Questionnaire answer options.","compose":{"include":[{"system":"http://example.org/fhir/CodeSystem/gridhamd-answer-options-cs","concept":[{"code":"Q7-1","display":"Absent and Absent or clinically insignificant"},{"code":"Q7-2","display":"Mild (Some reduction in interest or pleasure but no clear impairment in functioning)  and Absent or clinically insignificant"},{"code":"Q7-3","display":"Mild (Some reduction in interest or pleasure but no clear impairment in functioning)  and Occasional"},{"code":"Q7-4","display":"Mild (Some reduction in interest or pleasure but no clear impairment in functioning) and Much of the time"},{"code":"Q7-5","display":"Mild (Some reduction in interest or pleasure but no clear impairment in functioning)  and Almost all the time"},{"code":"Q7-6","display":"Moderate (Significant reduction in interest or pleasure or clear impairment in functioning)  and Occasional"},{"code":"Q7-7","display":"Moderate (Significant reduction in interest or pleasure or clear impairment in functioning) and Much of the time"},{"code":"Q7-8","display":"Moderate (Significant reduction in interest or pleasure or clear impairment in functioning) and Almost all the time"},{"code":"Q7-9","display":"Severe (Profound reduction in interest, pleasure, and functioning) and Occasional"},{"code":"Q7-10","display":"Severe (Profound reduction in interest, pleasure, and functioning) and Much of the time"},{"code":"Q7-11","display":"Severe (Profound reduction in interest, pleasure, and functioning) and almost all of the time"},{"code":"Q7-12","display":"Very Severe (Unable to work; needs help performing self-care activities; unable to function without assistance) and Occasional"},{"code":"Q7-13","display":"Very Severe (Unable to work; needs help performing self-care activities; unable to function withoutassistance) and Much off the time"},{"code":"Q7-14","display":"Very Severe (Unable to work; needs help performing self-care activities; unable to function without assistance) and Almost all of the time"}]}]}}