{"resourceType":"ValueSet","id":"gridhamd-answer-options-vs-q16","text":{"status":"generated","div":"<div xmlns=\"http://www.w3.org/1999/xhtml\"><p class=\"res-header-id\"><b>Generated Narrative: ValueSet gridhamd-answer-options-vs-q16</b></p><a name=\"gridhamd-answer-options-vs-q16\"> </a><a name=\"hcgridhamd-answer-options-vs-q16\"> </a><a name=\"gridhamd-answer-options-vs-q16-en-US\"> </a><ul><li>Include these codes as defined in <a href=\"CodeSystem-gridhamd-answer-options-cs.html\"><code>http://example.org/fhir/CodeSystem/gridhamd-answer-options-cs</code></a><table class=\"none\"><tr><td style=\"white-space:nowrap\"><b>Code</b></td><td><b>Display</b></td></tr><tr><td><a href=\"CodeSystem-gridhamd-answer-options-cs.html#gridhamd-answer-options-cs-Q16.471-1\">Q16/1-1</a></td><td>No weight loss</td></tr><tr><td><a href=\"CodeSystem-gridhamd-answer-options-cs.html#gridhamd-answer-options-cs-Q16.471-2\">Q16/1-2</a></td><td>Probable weight loss</td></tr><tr><td><a href=\"CodeSystem-gridhamd-answer-options-cs.html#gridhamd-answer-options-cs-Q16.471-3\">Q16/1-3</a></td><td>Definite weight loss</td></tr><tr><td><a href=\"CodeSystem-gridhamd-answer-options-cs.html#gridhamd-answer-options-cs-Q16.472-1\">Q16/2-1</a></td><td>Less than 1 lb. (.5 kg) loss per week since last visit</td></tr><tr><td><a href=\"CodeSystem-gridhamd-answer-options-cs.html#gridhamd-answer-options-cs-Q16.472-2\">Q16/2-2</a></td><td>1-2 lb. (.5 – 1 kg) loss per week since last visit</td></tr><tr><td><a href=\"CodeSystem-gridhamd-answer-options-cs.html#gridhamd-answer-options-cs-Q16.472-3\">Q16/2-3</a></td><td>More than 2-lb (&gt; 1 kg) loss per week since last visit</td></tr></table></li></ul></div>"},"url":"http://example.org/fhir/CodeSystem/gridhamd-answer-options-vs16","version":"0.1.0","name":"GRIDHAMDAnswerOptionsVSQ16","title":"GRID-HAMD Answer Options ValueSet","status":"draft","date":"2025-05-14T14:21:32+02:00","publisher":"BIH-CEI","contact":[{"name":"BIH-CEI","telecom":[{"system":"url","value":"http://utn/consentresource.com"}]}],"description":"ValueSet including Q16 of the GRID-HAMD Questionnaire answer options.","compose":{"include":[{"system":"http://example.org/fhir/CodeSystem/gridhamd-answer-options-cs","concept":[{"code":"Q16/1-1","display":"No weight loss"},{"code":"Q16/1-2","display":"Probable weight loss"},{"code":"Q16/1-3","display":"Definite weight loss"},{"code":"Q16/2-1","display":"Less than 1 lb. (.5 kg) loss per week since last visit"},{"code":"Q16/2-2","display":"1-2 lb. (.5 – 1 kg) loss per week since last visit"},{"code":"Q16/2-3","display":"More than 2-lb (> 1 kg) loss per week since last visit"}]}]}}