{"resourceType":"ValueSet","id":"gridhamd-answer-options-vs-q9","text":{"status":"generated","div":"<div xmlns=\"http://www.w3.org/1999/xhtml\"><p class=\"res-header-id\"><b>Generated Narrative: ValueSet gridhamd-answer-options-vs-q9</b></p><a name=\"gridhamd-answer-options-vs-q9\"> </a><a name=\"hcgridhamd-answer-options-vs-q9\"> </a><a name=\"gridhamd-answer-options-vs-q9-en-US\"> </a><ul><li>Include these codes as defined in <a href=\"CodeSystem-gridhamd-answer-options-cs.html\"><code>http://example.org/fhir/CodeSystem/gridhamd-answer-options-cs</code></a><table class=\"none\"><tr><td style=\"white-space:nowrap\"><b>Code</b></td><td><b>Display</b></td></tr><tr><td><a href=\"CodeSystem-gridhamd-answer-options-cs.html#gridhamd-answer-options-cs-Q9-1\">Q9-1</a></td><td>Absent (movements within normal range, e.g., occasionally shifts position in seat)</td></tr><tr><td><a href=\"CodeSystem-gridhamd-answer-options-cs.html#gridhamd-answer-options-cs-Q9-2\">Q9-2</a></td><td>Mild (Doubtful or slight agitation, mild restlessness,e.g., frequently changing position in seat, foottapping, playing with hair, hands, or clothes)</td></tr><tr><td><a href=\"CodeSystem-gridhamd-answer-options-cs.html#gridhamd-answer-options-cs-Q9-3\">Q9-3</a></td><td>Moderate (Moderate to marked restlessness or agitation, e.g., wringing hands, excessive scratching or picking)</td></tr><tr><td><a href=\"CodeSystem-gridhamd-answer-options-cs.html#gridhamd-answer-options-cs-Q9-4\">Q9-4</a></td><td>Severe (Cannot sit still or stay seated even for a short period of time; pacing)</td></tr><tr><td><a href=\"CodeSystem-gridhamd-answer-options-cs.html#gridhamd-answer-options-cs-Q9-5\">Q9-5</a></td><td>Very Severe (Interview cannot be conducted)</td></tr></table></li></ul></div>"},"url":"http://example.org/fhir/CodeSystem/gridhamd-answer-options-vs9","version":"0.1.0","name":"GRIDHAMDAnswerOptionsVSQ9","title":"GRID-HAMD Answer Options ValueSet","status":"draft","date":"2025-06-13T14:46:42+02:00","publisher":"BIH-CEI","contact":[{"name":"BIH-CEI","telecom":[{"system":"url","value":"http://utn/consentresource.com"}]}],"description":"ValueSet including Q9 of the GRID-HAMD Questionnaire answer options.","compose":{"include":[{"system":"http://example.org/fhir/CodeSystem/gridhamd-answer-options-cs","concept":[{"code":"Q9-1","display":"Absent (movements within normal range, e.g., occasionally shifts position in seat)"},{"code":"Q9-2","display":"Mild (Doubtful or slight agitation, mild restlessness,e.g., frequently changing position in seat, foottapping, playing with hair, hands, or clothes)"},{"code":"Q9-3","display":"Moderate (Moderate to marked restlessness or agitation, e.g., wringing hands, excessive scratching or picking)"},{"code":"Q9-4","display":"Severe (Cannot sit still or stay seated even for a short period of time; pacing)"},{"code":"Q9-5","display":"Very Severe (Interview cannot be conducted)"}]}]}}