{"resourceType":"ValueSet","id":"gridhamd-answer-options-vs-q4","text":{"status":"generated","div":"<div xmlns=\"http://www.w3.org/1999/xhtml\"><p class=\"res-header-id\"><b>Generated Narrative: ValueSet gridhamd-answer-options-vs-q4</b></p><a name=\"gridhamd-answer-options-vs-q4\"> </a><a name=\"hcgridhamd-answer-options-vs-q4\"> </a><a name=\"gridhamd-answer-options-vs-q4-en-US\"> </a><ul><li>Include these codes as defined in <a href=\"CodeSystem-gridhamd-answer-options-cs.html\"><code>http://example.org/fhir/CodeSystem/gridhamd-answer-options-cs</code></a><table class=\"none\"><tr><td style=\"white-space:nowrap\"><b>Code</b></td><td><b>Display</b></td></tr><tr><td><a href=\"CodeSystem-gridhamd-answer-options-cs.html#gridhamd-answer-options-cs-Q4-1\">Q4-1</a></td><td>Absent and Absent or clinically insignificant</td></tr><tr><td><a href=\"CodeSystem-gridhamd-answer-options-cs.html#gridhamd-answer-options-cs-Q4-2\">Q4-2</a></td><td>Mild (30 – 59 minutes to fall asleep)  and Absent or clinically insignificant</td></tr><tr><td><a href=\"CodeSystem-gridhamd-answer-options-cs.html#gridhamd-answer-options-cs-Q4-3\">Q4-3</a></td><td>Mild (30 – 59 minutes to fall asleep) and Occasional</td></tr><tr><td><a href=\"CodeSystem-gridhamd-answer-options-cs.html#gridhamd-answer-options-cs-Q4-4\">Q4-4</a></td><td>Mild (30 – 59 minutes to fall asleep) and Much of the time</td></tr><tr><td><a href=\"CodeSystem-gridhamd-answer-options-cs.html#gridhamd-answer-options-cs-Q4-5\">Q4-5</a></td><td>Mild (30 – 59 minutes to fall asleep) and Almost all the time</td></tr><tr><td><a href=\"CodeSystem-gridhamd-answer-options-cs.html#gridhamd-answer-options-cs-Q4-6\">Q4-6</a></td><td>Marked (1 hour or more to fall asleep) and Occasional</td></tr><tr><td><a href=\"CodeSystem-gridhamd-answer-options-cs.html#gridhamd-answer-options-cs-Q4-7\">Q4-7</a></td><td>Marked (1 hour or more to fall asleep) and Much of the time</td></tr><tr><td><a href=\"CodeSystem-gridhamd-answer-options-cs.html#gridhamd-answer-options-cs-Q4-8\">Q4-8</a></td><td>Marked (1 hour or more to fall asleep) and Almost all the time</td></tr></table></li></ul></div>"},"url":"http://example.org/fhir/CodeSystem/gridhamd-answer-options-vs4","version":"0.1.0","name":"GRIDHAMDAnswerOptionsVSQ4","title":"GRID-HAMD Answer Options ValueSet","status":"draft","date":"2025-05-14T14:21:32+02:00","publisher":"BIH-CEI","contact":[{"name":"BIH-CEI","telecom":[{"system":"url","value":"http://utn/consentresource.com"}]}],"description":"ValueSet including Q4 of the GRID-HAMD Questionnaire answer options.","compose":{"include":[{"system":"http://example.org/fhir/CodeSystem/gridhamd-answer-options-cs","concept":[{"code":"Q4-1","display":"Absent and Absent or clinically insignificant"},{"code":"Q4-2","display":"Mild (30 – 59 minutes to fall asleep)  and Absent or clinically insignificant"},{"code":"Q4-3","display":"Mild (30 – 59 minutes to fall asleep) and Occasional"},{"code":"Q4-4","display":"Mild (30 – 59 minutes to fall asleep) and Much of the time"},{"code":"Q4-5","display":"Mild (30 – 59 minutes to fall asleep) and Almost all the time"},{"code":"Q4-6","display":"Marked (1 hour or more to fall asleep) and Occasional"},{"code":"Q4-7","display":"Marked (1 hour or more to fall asleep) and Much of the time"},{"code":"Q4-8","display":"Marked (1 hour or more to fall asleep) and Almost all the time"}]}]}}