{"resourceType":"ValueSet","id":"gridhamd-answer-options-vs-q8","text":{"status":"generated","div":"<div xmlns=\"http://www.w3.org/1999/xhtml\"><p class=\"res-header-id\"><b>Generated Narrative: ValueSet gridhamd-answer-options-vs-q8</b></p><a name=\"gridhamd-answer-options-vs-q8\"> </a><a name=\"hcgridhamd-answer-options-vs-q8\"> </a><ul><li>Include these codes as defined in <a href=\"CodeSystem-gridhamd-answer-options-cs.html\"><code>http://example.org/fhir/CodeSystem/gridhamd-answer-options-cs</code></a><table class=\"none\"><tr><td style=\"white-space:nowrap\"><b>Code</b></td><td><b>Display</b></td></tr><tr><td><a href=\"CodeSystem-gridhamd-answer-options-cs.html#gridhamd-answer-options-cs-Q8-1\">Q8-1</a></td><td>Absent</td></tr><tr><td><a href=\"CodeSystem-gridhamd-answer-options-cs.html#gridhamd-answer-options-cs-Q8-2\">Q8-2</a></td><td>Mild (Rate of speech slightly reduced)</td></tr><tr><td><a href=\"CodeSystem-gridhamd-answer-options-cs.html#gridhamd-answer-options-cs-Q8-3\">Q8-3</a></td><td>Moderate (Rate of speech clearly reduced with noticeable pauses)</td></tr><tr><td><a href=\"CodeSystem-gridhamd-answer-options-cs.html#gridhamd-answer-options-cs-Q8-4\">Q8-4</a></td><td>Severe (Interview clearly prolonged due to long breaks; all movements very slowed)</td></tr><tr><td><a href=\"CodeSystem-gridhamd-answer-options-cs.html#gridhamd-answer-options-cs-Q8-5\">Q8-5</a></td><td>Very Severe (Interview cannot be completed, unresponsive)</td></tr></table></li></ul></div>"},"url":"http://example.org/fhir/CodeSystem/gridhamd-answer-options-vs8","version":"0.1.0","name":"GRIDHAMDAnswerOptionsVSQ8","title":"GRID-HAMD Answer Options ValueSet","status":"draft","date":"2025-06-16T14:33:49+02:00","publisher":"BIH-CEI","contact":[{"name":"BIH-CEI","telecom":[{"system":"url","value":"http://utn/consentresource.com"}]}],"description":"ValueSet including Q8 of the GRID-HAMD Questionnaire answer options.","compose":{"include":[{"system":"http://example.org/fhir/CodeSystem/gridhamd-answer-options-cs","concept":[{"code":"Q8-1","display":"Absent"},{"code":"Q8-2","display":"Mild (Rate of speech slightly reduced)"},{"code":"Q8-3","display":"Moderate (Rate of speech clearly reduced with noticeable pauses)"},{"code":"Q8-4","display":"Severe (Interview clearly prolonged due to long breaks; all movements very slowed)"},{"code":"Q8-5","display":"Very Severe (Interview cannot be completed, unresponsive)"}]}]}}