{"resourceType":"ValueSet","id":"gridhamd-answer-options-vs-q10","text":{"status":"generated","div":"<div xmlns=\"http://www.w3.org/1999/xhtml\"><p class=\"res-header-id\"><b>Generated Narrative: ValueSet gridhamd-answer-options-vs-q10</b></p><a name=\"gridhamd-answer-options-vs-q10\"> </a><a name=\"hcgridhamd-answer-options-vs-q10\"> </a><ul><li>Include these codes as defined in <a href=\"CodeSystem-gridhamd-answer-options-cs.html\"><code>http://example.org/fhir/CodeSystem/gridhamd-answer-options-cs</code></a><table class=\"none\"><tr><td style=\"white-space:nowrap\"><b>Code</b></td><td><b>Display</b></td></tr><tr><td><a href=\"CodeSystem-gridhamd-answer-options-cs.html#gridhamd-answer-options-cs-Q10-1\">Q10-1</a></td><td>Absent and Absent or clinically insignificant</td></tr><tr><td><a href=\"CodeSystem-gridhamd-answer-options-cs.html#gridhamd-answer-options-cs-Q10-2\">Q10-2</a></td><td>Mild (some feelings of worry or irritability) and Absent or clinically insignificant</td></tr><tr><td><a href=\"CodeSystem-gridhamd-answer-options-cs.html#gridhamd-answer-options-cs-Q10-3\">Q10-3</a></td><td>Mild (some feelings of worry or irritability) and Occasional</td></tr><tr><td><a href=\"CodeSystem-gridhamd-answer-options-cs.html#gridhamd-answer-options-cs-Q10-4\">Q10-4</a></td><td>Mild (some feelings of worry or irritability) and Much of the time</td></tr><tr><td><a href=\"CodeSystem-gridhamd-answer-options-cs.html#gridhamd-answer-options-cs-Q10-5\">Q10-5</a></td><td>Mild (some feelings of worry or irritability) and Almost all the time</td></tr><tr><td><a href=\"CodeSystem-gridhamd-answer-options-cs.html#gridhamd-answer-options-cs-Q10-6\">Q10-6</a></td><td>Moderate (excessive worry or irritability; anxiety causes distress; may cause some impairment in functioning) and Occasional</td></tr><tr><td><a href=\"CodeSystem-gridhamd-answer-options-cs.html#gridhamd-answer-options-cs-Q10-7\">Q10-7</a></td><td>Moderate (excessive worry or irritability; anxiety causes distress; may cause some impairment in functioning) and Much of the time</td></tr><tr><td><a href=\"CodeSystem-gridhamd-answer-options-cs.html#gridhamd-answer-options-cs-Q10-8\">Q10-8</a></td><td>Moderate (excessive worry or irritability; anxiety causes distress; may cause some impairment in functioning) and Almost all the time</td></tr><tr><td><a href=\"CodeSystem-gridhamd-answer-options-cs.html#gridhamd-answer-options-cs-Q10-9\">Q10-9</a></td><td>Severe (pervasive worry or dread; fearing the worst; apprehension obvious in demeanor or behavior; significant impairment in functioning; feelings of panic) and Occasional</td></tr><tr><td><a href=\"CodeSystem-gridhamd-answer-options-cs.html#gridhamd-answer-options-cs-Q10-10\">Q10-10</a></td><td>Severe (pervasive worry or dread; fearing the worst; apprehension obvious in demeanor or behavior; significant impairment in functioning; feelings of panic) and Much of the time</td></tr><tr><td><a href=\"CodeSystem-gridhamd-answer-options-cs.html#gridhamd-answer-options-cs-Q10-11\">Q10-11</a></td><td>Severe (pervasive worry or dread; fearing the worst; apprehension obvious in demeanor or behavior; significant impairment in functioning; feelings of panic)  and almost all of the time</td></tr><tr><td><a href=\"CodeSystem-gridhamd-answer-options-cs.html#gridhamd-answer-options-cs-Q10-12\">Q10-12</a></td><td>Very Severe (incapacitating) and Occasional</td></tr><tr><td><a href=\"CodeSystem-gridhamd-answer-options-cs.html#gridhamd-answer-options-cs-Q10-13\">Q10-13</a></td><td>Very Severe (incapacitating) and Much off the time</td></tr><tr><td><a href=\"CodeSystem-gridhamd-answer-options-cs.html#gridhamd-answer-options-cs-Q10-14\">Q10-14</a></td><td>Very Severe (incapacitating) and Almost all of the time</td></tr></table></li></ul></div>"},"url":"http://example.org/fhir/CodeSystem/gridhamd-answer-options-vs10","version":"0.1.0","name":"GRIDHAMDAnswerOptionsVSQ10","title":"GRID-HAMD Answer Options ValueSet","status":"draft","date":"2025-06-16T14:33:49+02:00","publisher":"BIH-CEI","contact":[{"name":"BIH-CEI","telecom":[{"system":"url","value":"http://utn/consentresource.com"}]}],"description":"ValueSet including Q10 of the GRID-HAMD Questionnaire answer options.","compose":{"include":[{"system":"http://example.org/fhir/CodeSystem/gridhamd-answer-options-cs","concept":[{"code":"Q10-1","display":"Absent and Absent or clinically insignificant"},{"code":"Q10-2","display":"Mild (some feelings of worry or irritability) and Absent or clinically insignificant"},{"code":"Q10-3","display":"Mild (some feelings of worry or irritability) and Occasional"},{"code":"Q10-4","display":"Mild (some feelings of worry or irritability) and Much of the time"},{"code":"Q10-5","display":"Mild (some feelings of worry or irritability) and Almost all the time"},{"code":"Q10-6","display":"Moderate (excessive worry or irritability; anxiety causes distress; may cause some impairment in functioning) and Occasional"},{"code":"Q10-7","display":"Moderate (excessive worry or irritability; anxiety causes distress; may cause some impairment in functioning) and Much of the time"},{"code":"Q10-8","display":"Moderate (excessive worry or irritability; anxiety causes distress; may cause some impairment in functioning) and Almost all the time"},{"code":"Q10-9","display":"Severe (pervasive worry or dread; fearing the worst; apprehension obvious in demeanor or behavior; significant impairment in functioning; feelings of panic) and Occasional"},{"code":"Q10-10","display":"Severe (pervasive worry or dread; fearing the worst; apprehension obvious in demeanor or behavior; significant impairment in functioning; feelings of panic) and Much of the time"},{"code":"Q10-11","display":"Severe (pervasive worry or dread; fearing the worst; apprehension obvious in demeanor or behavior; significant impairment in functioning; feelings of panic)  and almost all of the time"},{"code":"Q10-12","display":"Very Severe (incapacitating) and Occasional"},{"code":"Q10-13","display":"Very Severe (incapacitating) and Much off the time"},{"code":"Q10-14","display":"Very Severe (incapacitating) and Almost all of the time"}]}]}}