{
  "resourceType" : "AllergyIntolerance",
  "id" : "Example-UTN-AllergyIntolerance",
  "meta" : {
    "profile" : ["https://gematik.de/fhir/isik/StructureDefinition/ISiKAllergieUnvertraeglichkeit"]
  },
  "text" : {
    "status" : "generated",
    "div" : "<div xmlns=\"http://www.w3.org/1999/xhtml\"><p class=\"res-header-id\"><b>Generated Narrative: AllergyIntolerance Example-UTN-AllergyIntolerance</b></p><a name=\"Example-UTN-AllergyIntolerance\"> </a><a name=\"hcExample-UTN-AllergyIntolerance\"> </a><a name=\"Example-UTN-AllergyIntolerance-en-US\"> </a><div style=\"display: inline-block; background-color: #d9e0e7; padding: 6px; margin: 4px; border: 1px solid #8da1b4; border-radius: 5px; line-height: 60%\"><p style=\"margin-bottom: 0px\"/><p style=\"margin-bottom: 0px\">Profile: <a href=\"https://simplifier.net/resolve?scope=de.gematik.isik-basismodul@4.0.3&amp;canonical=https://gematik.de/fhir/isik/StructureDefinition/ISiKAllergieUnvertraeglichkeit\">ISiKAllergieUnvertraeglichkeit</a></p></div><p><b>clinicalStatus</b>: <span title=\"Codes:{http://terminology.hl7.org/CodeSystem/allergyintolerance-clinical resolved}\">Resolved</span></p><p><b>verificationStatus</b>: <span title=\"Codes:{http://terminology.hl7.org/CodeSystem/allergyintolerance-verification refuted}\">Refuted</span></p><p><b>code</b>: <span title=\"Codes:{http://snomed.info/sct 716186003}\">No known allergy (situation)</span></p><p><b>patient</b>: <a href=\"Patient-utn-patient-2.html\">Anna Müller  Female, DoB: 1985-03-12 ( MR)</a></p><p><b>encounter</b>: <a href=\"Encounter-Example-UTN-Encounter-PRtoPR.html\">Encounter: status = in-progress; class = inpatient encounter (ActCode#IMP); type = intensivstationaer; serviceType = Intensivmedizin; period = 2025-01-14 08:00:00+1000 --&gt; (ongoing)</a></p><p><b>note</b>: Patient has no known allergies</p></div>"
  },
  "clinicalStatus" : {
    "coding" : [{
      "system" : "http://terminology.hl7.org/CodeSystem/allergyintolerance-clinical",
      "code" : "resolved",
      "display" : "Resolved"
    }]
  },
  "verificationStatus" : {
    "coding" : [{
      "system" : "http://terminology.hl7.org/CodeSystem/allergyintolerance-verification",
      "code" : "refuted",
      "display" : "Refuted"
    }]
  },
  "code" : {
    "coding" : [{
      "system" : "http://snomed.info/sct",
      "code" : "716186003",
      "display" : "No known allergy (situation)"
    }]
  },
  "patient" : {
    "reference" : "Patient/utn-patient-2"
  },
  "encounter" : {
    "reference" : "Encounter/Example-UTN-Encounter-PRtoPR"
  },
  "note" : [{
    "text" : "Patient has no known allergies"
  }]
}