{
  "resourceType" : "Communication",
  "id" : "Example-UTN-PRtoPR-Consult",
  "meta" : {
    "profile" : ["http://utn/consentresource.com/StructureDefinition/teleconsult-communication"]
  },
  "text" : {
    "status" : "generated",
    "div" : "<div xmlns=\"http://www.w3.org/1999/xhtml\"><p class=\"res-header-id\"><b>Generated Narrative: Communication Example-UTN-PRtoPR-Consult</b></p><a name=\"Example-UTN-PRtoPR-Consult\"> </a><a name=\"hcExample-UTN-PRtoPR-Consult\"> </a><a name=\"Example-UTN-PRtoPR-Consult-en-US\"> </a><div style=\"display: inline-block; background-color: #d9e0e7; padding: 6px; margin: 4px; border: 1px solid #8da1b4; border-radius: 5px; line-height: 60%\"><p style=\"margin-bottom: 0px\"/><p style=\"margin-bottom: 0px\">Profile: <a href=\"StructureDefinition-teleconsult-communication.html\">Teleconsultation Communication</a></p></div><p><b>status</b>: Completed</p><p><b>medium</b>: <span title=\"Codes:{http://terminology.hl7.org/CodeSystem/v3-ParticipationMode PHONE}\">Telephone</span></p><p><b>subject</b>: <a href=\"https://simplifier.net/resolve?scope=de.medizininformatikinitiative.kerndatensatz.consent@1.0.7&amp;canonical=de.medizininformatikinitiative.kerndatensatz.consent/Example-UTN-Patient-2\">Example-UTN-Patient-2</a></p><p><b>topic</b>: <span title=\"Codes:\">phone-consult</span></p><p><b>encounter</b>: <a href=\"https://simplifier.net/resolve?scope=de.medizininformatikinitiative.kerndatensatz.consent@1.0.7&amp;canonical=de.medizininformatikinitiative.kerndatensatz.consent/Example-UTN-Encounter-PRtoPR\">Example-UTN-Encounter-PRtoPR</a></p><p><b>sent</b>: 2025-06-01 10:30:00+0100</p><p><b>recipient</b>: <a href=\"https://simplifier.net/resolve?scope=de.medizininformatikinitiative.kerndatensatz.consent@1.0.7&amp;canonical=de.medizininformatikinitiative.kerndatensatz.consent/Example-UTN-Practitioner-PR2\">Example-UTN-Practitioner-PR2</a></p><p><b>sender</b>: <a href=\"https://simplifier.net/resolve?scope=de.medizininformatikinitiative.kerndatensatz.consent@1.0.7&amp;canonical=de.medizininformatikinitiative.kerndatensatz.consent/Example-UTN-Practitioner-PR1\">Example-UTN-Practitioner-PR1</a></p><h3>Payloads</h3><table class=\"grid\"><tr><td style=\"display: none\">-</td><td><b>Content[x]</b></td></tr><tr><td style=\"display: none\">*</td><td>ECG report for Mr. John Doe. We suspect early atrial fibrillation and would appreciate your expert opinion.</td></tr></table></div>"
  },
  "status" : "completed",
  "medium" : [{
    "coding" : [{
      "system" : "http://terminology.hl7.org/CodeSystem/v3-ParticipationMode",
      "code" : "PHONE",
      "display" : "Telephone"
    }]
  }],
  "subject" : {
    "reference" : "Example-UTN-Patient-2"
  },
  "topic" : {
    "coding" : [{
      "code" : "phone-consult"
    }]
  },
  "encounter" : {
    "reference" : "Example-UTN-Encounter-PRtoPR"
  },
  "sent" : "2025-06-01T10:30:00+01:00",
  "recipient" : [{
    "reference" : "Example-UTN-Practitioner-PR2"
  }],
  "sender" : {
    "reference" : "Example-UTN-Practitioner-PR1"
  },
  "payload" : [{
    "contentString" : "ECG report for Mr. John Doe. We suspect early atrial fibrillation and would appreciate your expert opinion."
  }]
}