{
  "resourceType" : "Condition",
  "id" : "Example-UTN-Sepsis",
  "text" : {
    "status" : "generated",
    "div" : "<div xmlns=\"http://www.w3.org/1999/xhtml\"><p class=\"res-header-id\"><b>Generated Narrative: Condition Example-UTN-Sepsis</b></p><a name=\"Example-UTN-Sepsis\"> </a><a name=\"hcExample-UTN-Sepsis\"> </a><a name=\"Example-UTN-Sepsis-en-US\"> </a><p><b>clinicalStatus</b>: <span title=\"Codes:{http://terminology.hl7.org/CodeSystem/condition-clinical active}\">Active</span></p><p><b>code</b>: <span title=\"Codes:{http://snomed.info/sct 91302008}\">Sepsis</span></p><p><b>subject</b>: <a href=\"Patient-utn-patient-1.html\">John Doe  Other, DoB: 1970-09-19 ( MR)</a></p><p><b>encounter</b>: <a href=\"Encounter-Example-UTN-Encounter-PRtoPR.html\">Encounter: status = in-progress; class = inpatient encounter (ActCode#IMP); type = intensivstationaer; serviceType = Intensivmedizin; period = 2025-01-14 08:00:00+1000 --&gt; (ongoing)</a></p><p><b>onset</b>: 2025-01-14</p></div>"
  },
  "clinicalStatus" : {
    "coding" : [{
      "system" : "http://terminology.hl7.org/CodeSystem/condition-clinical",
      "code" : "active",
      "display" : "Active"
    }]
  },
  "code" : {
    "coding" : [{
      "system" : "http://snomed.info/sct",
      "code" : "91302008",
      "display" : "Sepsis"
    }],
    "text" : "Sepsis"
  },
  "subject" : {
    "reference" : "Patient/utn-patient-1"
  },
  "encounter" : {
    "reference" : "Encounter/Example-UTN-Encounter-PRtoPR"
  },
  "onsetDateTime" : "2025-01-14"
}