{
  "resourceType" : "DiagnosticReport",
  "id" : "Example-UTN-DiagnosticReport",
  "meta" : {
    "profile" : ["http://utn/consentresource.com/StructureDefinition/utn-diagnostik-report"]
  },
  "text" : {
    "status" : "generated",
    "div" : "<div xmlns=\"http://www.w3.org/1999/xhtml\"><p class=\"res-header-id\"><b>Generated Narrative: DiagnosticReport Example-UTN-DiagnosticReport</b></p><a name=\"Example-UTN-DiagnosticReport\"> </a><a name=\"hcExample-UTN-DiagnosticReport\"> </a><a name=\"Example-UTN-DiagnosticReport-en-US\"> </a><div style=\"display: inline-block; background-color: #d9e0e7; padding: 6px; margin: 4px; border: 1px solid #8da1b4; border-radius: 5px; line-height: 60%\"><p style=\"margin-bottom: 0px\"/><p style=\"margin-bottom: 0px\">Profile: <a href=\"StructureDefinition-utn-diagnostik-report.html\">UTNDiagnostikReport</a></p></div><h2><span title=\"Codes:{http://loinc.org 20596-5}\">Intensive care unit (ICU)</span> (<span title=\"Codes:{http://terminology.hl7.org/CodeSystem/v2-0074 ICU}\">Bedside ICU Monitoring</span>) </h2><table class=\"grid\"><tr><td>Subject</td><td>John Doe  Other, DoB: 1970-09-19 ( MR)</td></tr><tr><td>When For</td><td>2025-03-19 10:30:00+0000</td></tr><tr><td>Reported</td><td>2025-03-19 11:00:00+0000</td></tr><tr><td>Performer</td><td> <a href=\"https://simplifier.net/resolve?scope=de.medizininformatikinitiative.kerndatensatz.consent@1.0.7&amp;canonical=de.medizininformatikinitiative.kerndatensatz.consent/Example-UTNPractitioner\">Example-UTNPractitioner</a></td></tr></table><p><b>Report Details</b></p><table class=\"grid\"><tr><td><b>Code</b></td><td><b>Value</b></td><td><b>Reference Range</b></td><td><b>Flags</b></td><td><b>When For</b></td><td><b>Reported</b></td></tr><tr><td><a href=\"Observation-Example-UTNAtemfrequenz.html\"><span title=\"Codes:{http://loinc.org 9279-1}, {http://snomed.info/sct 86290005}, {urn:iso:std:iso:11073:10101 151562}\">Atemfrequenz</span></a></td><td>26 Atemzüge pro Minute<span style=\"background: LightGoldenRodYellow\"> (Details: UCUM  code/min = '/min')</span></td><td/><td>draft</td><td>2019-07-02</td><td/></tr><tr><td><a href=\"Observation-Example-UTNHerzfrequenz.html\"><span title=\"Codes:{http://loinc.org 8867-4}, {urn:iso:std:iso:11073:10101 147842}, {http://snomed.info/sct 364075005}\">Herzfrequenz</span></a></td><td>63 per minute<span style=\"background: LightGoldenRodYellow\"> (Details: UCUM  code/min = '/min')</span></td><td/><td>Final</td><td>2020-10-11</td><td/></tr><tr><td><a href=\"Observation-Example-UTNKoerpergewicht.html\"><span title=\"Codes:{http://loinc.org 29463-7}\">Körpergewicht</span></a></td><td>79 kilogram<span style=\"background: LightGoldenRodYellow\"> (Details: UCUM  codekg = 'kg')</span></td><td/><td>Final</td><td>2020-10-11</td><td/></tr><tr><td><a href=\"Observation-Example-UTNKoerpertemperatur.html\"><span title=\"Codes:{http://loinc.org 8310-5}, {urn:iso:std:iso:11073:10101 150364}, {http://snomed.info/sct 386725007}\">Körpertemperatur</span></a></td><td>36.8 °C<span style=\"background: LightGoldenRodYellow\"> (Details: UCUM  codeCel = 'Cel')</span></td><td/><td>Final</td><td>2020-10-11</td><td/></tr><tr><td><a href=\"Observation-Example-UTNKreatinin.html\"><span title=\"Codes:{http://loinc.org 59826-8}\">Kreatinin</span></a></td><td>72 µmol/l<span style=\"background: LightGoldenRodYellow\"> (Details: UCUM  codeumol/L = 'umol/L')</span></td><td><span title=\"Codes:{http://terminology.hl7.org/CodeSystem/referencerange-meaning normal}\">Normal Range</span>: 72 - 127</td><td>Final, <span title=\"Codes:{http://terminology.hl7.org/CodeSystem/v3-ObservationInterpretation N}\">Normal</span></td><td>2018-11-20 12:05:00+0100</td><td>2018-03-11 10:28:00+0100</td></tr><tr><td><a href=\"Observation-Example-UTN-Arterieller-Blutdruck.html\"><span title=\"Codes:{http://loinc.org 85354-9}, {http://snomed.info/sct 364090009}\">Blood pressure panel</span></a></td><td/><td/><td>Final</td><td>2025-02-17 10:30:00+0000</td><td/></tr></table><p>No abnormal findings detected in ICU Monitoring.</p></div>"
  },
  "status" : "final",
  "category" : [{
    "coding" : [{
      "system" : "http://terminology.hl7.org/CodeSystem/v2-0074",
      "code" : "ICU",
      "display" : "Bedside ICU Monitoring"
    }]
  }],
  "code" : {
    "coding" : [{
      "system" : "http://loinc.org",
      "code" : "20596-5",
      "display" : "Intensive care unit (ICU)"
    }]
  },
  "subject" : {
    "reference" : "Patient/utn-patient-1"
  },
  "effectiveDateTime" : "2025-03-19T10:30:00Z",
  "issued" : "2025-03-19T11:00:00Z",
  "performer" : [{
    "reference" : "Example-UTNPractitioner"
  }],
  "result" : [{
    "reference" : "Observation/Example-UTNAtemfrequenz"
  },
  {
    "reference" : "Observation/Example-UTNHerzfrequenz"
  },
  {
    "reference" : "Observation/Example-UTNKoerpergewicht"
  },
  {
    "reference" : "Observation/Example-UTNKoerpertemperatur"
  },
  {
    "reference" : "Observation/Example-UTNKreatinin"
  },
  {
    "reference" : "Observation/Example-UTN-Arterieller-Blutdruck"
  }],
  "conclusion" : "No abnormal findings detected in ICU Monitoring."
}