{
  "resourceType" : "HealthcareService",
  "id" : "teleconsultation-service-wuerzburg",
  "meta" : {
    "profile" : ["http://utn/consentresource.com/StructureDefinition/healthcare-service"]
  },
  "text" : {
    "status" : "generated",
    "div" : "<div xmlns=\"http://www.w3.org/1999/xhtml\"><p class=\"res-header-id\"><b>Generated Narrative: HealthcareService teleconsultation-service-wuerzburg</b></p><a name=\"teleconsultation-service-wuerzburg\"> </a><a name=\"hcteleconsultation-service-wuerzburg\"> </a><div style=\"display: inline-block; background-color: #d9e0e7; padding: 6px; margin: 4px; border: 1px solid #8da1b4; border-radius: 5px; line-height: 60%\"><p style=\"margin-bottom: 0px\"/><p style=\"margin-bottom: 0px\">Profile: <a href=\"StructureDefinition-healthcare-service.html\">UTN Healthcare Service with Devices</a></p></div><p><b>identifier</b>: <code>http://ukw.de/services</code>/teleconsult-ukw-001</p><p><b>active</b>: true</p><p><b>providedBy</b>: <a href=\"https://simplifier.net/resolve?scope=de.medizininformatikinitiative.kerndatensatz.consent@1.0.7&amp;canonical=de.medizininformatikinitiative.kerndatensatz.consent/Organization/UniklinikWuerzburg\">Universitätsklinikum Würzburg</a></p><p><b>category</b>: <span title=\"Codes:{http://terminology.hl7.org/CodeSystem/service-category 8}\">Counselling</span></p><p><b>location</b>: <a href=\"https://simplifier.net/resolve?scope=de.medizininformatikinitiative.kerndatensatz.consent@1.0.7&amp;canonical=de.medizininformatikinitiative.kerndatensatz.consent/Location/UKWMain\">Uniklinik Würzburg Main Building</a></p><p><b>name</b>: Uniklinik Würzburg Teleconsultation Service</p><p><b>telecom</b>: <a href=\"tel:+49-931-201-0\">+49-931-201-0</a>, <a href=\"mailto:teleconsult@ukw.de\">teleconsult@ukw.de</a></p></div>"
  },
  "identifier" : [{
    "system" : "http://ukw.de/services",
    "value" : "teleconsult-ukw-001"
  }],
  "active" : true,
  "providedBy" : {
    "reference" : "Organization/UniklinikWuerzburg",
    "display" : "Universitätsklinikum Würzburg"
  },
  "category" : [{
    "coding" : [{
      "system" : "http://terminology.hl7.org/CodeSystem/service-category",
      "code" : "8",
      "display" : "Counselling"
    }]
  }],
  "location" : [{
    "reference" : "Location/UKWMain",
    "display" : "Uniklinik Würzburg Main Building"
  }],
  "name" : "Uniklinik Würzburg Teleconsultation Service",
  "telecom" : [{
    "system" : "phone",
    "value" : "+49-931-201-0",
    "use" : "work"
  },
  {
    "system" : "email",
    "value" : "teleconsult@ukw.de",
    "use" : "work"
  }]
}