{
  "resourceType" : "HealthcareService",
  "id" : "teleconsultation-service-charite",
  "meta" : {
    "profile" : ["http://utn/consentresource.com/StructureDefinition/healthcare-service"]
  },
  "text" : {
    "status" : "generated",
    "div" : "<div xmlns=\"http://www.w3.org/1999/xhtml\"><p class=\"res-header-id\"><b>Generated Narrative: HealthcareService teleconsultation-service-charite</b></p><a name=\"teleconsultation-service-charite\"> </a><a name=\"hcteleconsultation-service-charite\"> </a><a name=\"teleconsultation-service-charite-en-US\"> </a><div style=\"display: inline-block; background-color: #d9e0e7; padding: 6px; margin: 4px; border: 1px solid #8da1b4; border-radius: 5px; line-height: 60%\"><p style=\"margin-bottom: 0px\"/><p style=\"margin-bottom: 0px\">Profile: <a href=\"StructureDefinition-healthcare-service.html\">UTN Healthcare Service with Devices</a></p></div><p><b>identifier</b>: <code>http://charite.de/services</code>/teleconsult-charite-001</p><p><b>active</b>: true</p><p><b>providedBy</b>: <a href=\"https://simplifier.net/resolve?scope=de.medizininformatikinitiative.kerndatensatz.consent@1.0.7&amp;canonical=de.medizininformatikinitiative.kerndatensatz.consent/Organization/Charite\">Charité – Universitätsmedizin Berlin</a></p><p><b>category</b>: <span title=\"Codes:{http://terminology.hl7.org/CodeSystem/service-category 8}\">Counselling</span></p><p><b>location</b>: <a href=\"https://simplifier.net/resolve?scope=de.medizininformatikinitiative.kerndatensatz.consent@1.0.7&amp;canonical=de.medizininformatikinitiative.kerndatensatz.consent/Location/ChariteCampusMitte\">Charité Campus Mitte</a></p><p><b>name</b>: Charité Teleconsultation Service</p><p><b>telecom</b>: <a href=\"tel:+49-30-450-50\">+49-30-450-50</a>, <a href=\"mailto:teleconsult@charite.de\">teleconsult@charite.de</a></p></div>"
  },
  "identifier" : [{
    "system" : "http://charite.de/services",
    "value" : "teleconsult-charite-001"
  }],
  "active" : true,
  "providedBy" : {
    "reference" : "Organization/Charite",
    "display" : "Charité – Universitätsmedizin Berlin"
  },
  "category" : [{
    "coding" : [{
      "system" : "http://terminology.hl7.org/CodeSystem/service-category",
      "code" : "8",
      "display" : "Counselling"
    }]
  }],
  "location" : [{
    "reference" : "Location/ChariteCampusMitte",
    "display" : "Charité Campus Mitte"
  }],
  "name" : "Charité Teleconsultation Service",
  "telecom" : [{
    "system" : "phone",
    "value" : "+49-30-450-50",
    "use" : "work"
  },
  {
    "system" : "email",
    "value" : "teleconsult@charite.de",
    "use" : "work"
  }]
}