{
  "resourceType" : "Observation",
  "id" : "Example-UTNAtemfrequenz",
  "meta" : {
    "profile" : ["http://utn/consentresource.com/StructureDefinition/utn-isik-atemfrequenz"]
  },
  "text" : {
    "status" : "generated",
    "div" : "<div xmlns=\"http://www.w3.org/1999/xhtml\"><p class=\"res-header-id\"><b>Generated Narrative: Observation Example-UTNAtemfrequenz</b></p><a name=\"Example-UTNAtemfrequenz\"> </a><a name=\"hcExample-UTNAtemfrequenz\"> </a><div style=\"display: inline-block; background-color: #d9e0e7; padding: 6px; margin: 4px; border: 1px solid #8da1b4; border-radius: 5px; line-height: 60%\"><p style=\"margin-bottom: 0px\"/><p style=\"margin-bottom: 0px\">Profile: <a href=\"StructureDefinition-utn-isik-atemfrequenz.html\">UTN Observation Atemfrequenz Profile</a></p></div><p><b>status</b>: draft</p><p><b>category</b>: <span title=\"Codes:{http://terminology.hl7.org/CodeSystem/observation-category vital-signs}\">Vital Signs</span>, <span title=\"Codes:{http://terminology.hl7.org/CodeSystem/observation-category vital-signs}\">Vital Signs</span></p><p><b>code</b>: <span title=\"Codes:{http://loinc.org 9279-1}, {http://snomed.info/sct 86290005}, {urn:iso:std:iso:11073:10101 151562}\">Atemfrequenz</span></p><p><b>subject</b>: <a href=\"https://simplifier.net/resolve?scope=de.medizininformatikinitiative.kerndatensatz.consent@1.0.7&amp;canonical=de.medizininformatikinitiative.kerndatensatz.consent/Patient/PatientinMusterfrau\">Patient/PatientinMusterfrau</a></p><p><b>effective</b>: 2019-07-02</p><p><b>performer</b>: <a href=\"https://simplifier.net/resolve?scope=de.medizininformatikinitiative.kerndatensatz.consent@1.0.7&amp;canonical=de.medizininformatikinitiative.kerndatensatz.consent/Practitioner/1\">Practitioner/1</a></p><p><b>value</b>: 26 Atemzüge pro Minute<span style=\"background: LightGoldenRodYellow\"> (Details: UCUM  code/min = '/min')</span></p></div>"
  },
  "status" : "draft",
  "category" : [{
    "coding" : [{
      "system" : "http://terminology.hl7.org/CodeSystem/observation-category",
      "code" : "vital-signs",
      "display" : "Vital Signs"
    }]
  },
  {
    "coding" : [{
      "system" : "http://terminology.hl7.org/CodeSystem/observation-category",
      "code" : "vital-signs"
    }]
  }],
  "code" : {
    "coding" : [{
      "system" : "http://loinc.org",
      "code" : "9279-1",
      "display" : "Respiratory rate"
    },
    {
      "system" : "http://snomed.info/sct",
      "code" : "86290005",
      "display" : "Respiratory rate (observable entity)"
    },
    {
      "system" : "urn:iso:std:iso:11073:10101",
      "code" : "151562",
      "display" : "MDC_RESP_RATE"
    }],
    "text" : "Atemfrequenz"
  },
  "subject" : {
    "reference" : "Patient/PatientinMusterfrau"
  },
  "effectiveDateTime" : "2019-07-02",
  "performer" : [{
    "reference" : "Practitioner/1"
  }],
  "valueQuantity" : {
    "value" : 26,
    "unit" : "Atemzüge pro Minute",
    "system" : "http://unitsofmeasure.org",
    "code" : "/min"
  }
}