{
  "resourceType" : "Observation",
  "id" : "Example-UTNKreatinin",
  "meta" : {
    "profile" : ["http://utn/consentresource.com/StructureDefinition/mii-kreatinin",
    "https://www.medizininformatik-initiative.de/fhir/core/modul-labor/StructureDefinition/ObservationLab"]
  },
  "text" : {
    "status" : "generated",
    "div" : "<div xmlns=\"http://www.w3.org/1999/xhtml\"><p class=\"res-header-id\"><b>Generated Narrative: Observation Example-UTNKreatinin</b></p><a name=\"Example-UTNKreatinin\"> </a><a name=\"hcExample-UTNKreatinin\"> </a><a name=\"Example-UTNKreatinin-en-US\"> </a><div style=\"display: inline-block; background-color: #d9e0e7; padding: 6px; margin: 4px; border: 1px solid #8da1b4; border-radius: 5px; line-height: 60%\"><p style=\"margin-bottom: 0px\"/><p style=\"margin-bottom: 0px\">Profiles: <a href=\"StructureDefinition-mii-kreatinin.html\">UTN Laboruntersuchung-Kreatinin</a>, <a href=\"https://simplifier.net/resolve?scope=de.medizininformatikinitiative.kerndatensatz.laborbefund@2025.0.2&amp;canonical=https://www.medizininformatik-initiative.de/fhir/core/modul-labor/StructureDefinition/ObservationLab\">MII PR Labor Laboruntersuchung</a></p></div><p><b>identifier</b>: Observation Instance Identifier/59826-8_1234567890</p><p><b>status</b>: Final</p><p><b>category</b>: <span title=\"Codes:{http://loinc.org 26436-6}, {http://terminology.hl7.org/CodeSystem/observation-category laboratory}, {http://exmple.org/fhir/sid/Laborgruppe Niere/Elektrolyte}, {http://loinc.org 26436-6}, {http://terminology.hl7.org/CodeSystem/observation-category laboratory}\">Laboratory studies (set)</span></p><p><b>code</b>: <span title=\"Codes:{http://loinc.org 59826-8}\">Kreatinin</span></p><p><b>subject</b>: <a href=\"https://simplifier.net/resolve?scope=de.medizininformatikinitiative.kerndatensatz.consent@1.0.7&amp;canonical=de.medizininformatikinitiative.kerndatensatz.consent/Patient/111\">Patient/111</a></p><p><b>encounter</b>: <a href=\"https://simplifier.net/resolve?scope=de.medizininformatikinitiative.kerndatensatz.consent@1.0.7&amp;canonical=de.medizininformatikinitiative.kerndatensatz.consent/Encounter/555\">Encounter/555</a></p><p><b>effective</b>: 2018-11-20 12:05:00+0100</p><p><b>issued</b>: 2018-03-11 10:28:00+0100</p><p><b>performer</b>: <a href=\"https://simplifier.net/resolve?scope=de.medizininformatikinitiative.kerndatensatz.consent@1.0.7&amp;canonical=de.medizininformatikinitiative.kerndatensatz.consent/Organization/7772\">Zentrallabor des IKCL</a></p><p><b>value</b>: 72 µmol/l<span style=\"background: LightGoldenRodYellow\"> (Details: UCUM  codeumol/L = 'umol/L')</span></p><p><b>interpretation</b>: <span title=\"Codes:{http://terminology.hl7.org/CodeSystem/v3-ObservationInterpretation N}\">Normal</span></p><h3>ReferenceRanges</h3><table class=\"grid\"><tr><td style=\"display: none\">-</td><td><b>Low</b></td><td><b>High</b></td><td><b>Type</b></td></tr><tr><td style=\"display: none\">*</td><td>72</td><td>127</td><td><span title=\"Codes:{http://terminology.hl7.org/CodeSystem/referencerange-meaning normal}\">Normal Range</span></td></tr></table></div>"
  },
  "identifier" : [{
    "type" : {
      "coding" : [{
        "system" : "http://terminology.hl7.org/CodeSystem/v2-0203",
        "code" : "OBI"
      }]
    },
    "system" : "https://exmaple.org/fhir/sid/test-lab-results",
    "value" : "59826-8_1234567890",
    "assigner" : {
      "identifier" : {
        "system" : "https://www.medizininformatik-initiative.de/fhir/core/CodeSystem/core-location-identifier",
        "value" : "DIZ-ID"
      }
    }
  }],
  "status" : "final",
  "category" : [{
    "coding" : [{
      "system" : "http://loinc.org",
      "code" : "26436-6",
      "display" : "Laboratory studies (set)"
    },
    {
      "system" : "http://terminology.hl7.org/CodeSystem/observation-category",
      "code" : "laboratory",
      "display" : "Laboratory"
    },
    {
      "system" : "http://exmple.org/fhir/sid/Laborgruppe",
      "code" : "Niere/Elektrolyte"
    },
    {
      "system" : "http://loinc.org",
      "code" : "26436-6"
    },
    {
      "system" : "http://terminology.hl7.org/CodeSystem/observation-category",
      "code" : "laboratory"
    }]
  }],
  "code" : {
    "coding" : [{
      "system" : "http://loinc.org",
      "code" : "59826-8",
      "display" : "Creatinine [Moles/volume] in Blood"
    }],
    "text" : "Kreatinin"
  },
  "subject" : {
    "reference" : "Patient/111"
  },
  "encounter" : {
    "reference" : "Encounter/555"
  },
  "effectiveDateTime" : "2018-11-20T12:05:00+01:00",
  "_effectiveDateTime" : {
    "extension" : [{
      "url" : "https://www.medizininformatik-initiative.de/fhir/core/modul-labor/StructureDefinition/QuelleKlinischesBezugsdatum",
      "valueCoding" : {
        "system" : "http://snomed.info/sct",
        "version" : "http://snomed.info/sct/900000000000207008/version/20230731",
        "code" : "399445004",
        "display" : "Specimen collection date (observable entity)"
      }
    }]
  },
  "issued" : "2018-03-11T10:28:00+01:00",
  "performer" : [{
    "reference" : "Organization/7772",
    "display" : "Zentrallabor des IKCL"
  }],
  "valueQuantity" : {
    "extension" : [{
      "url" : "http://hl7.org/fhir/StructureDefinition/iso21090-PQ-translation",
      "valueQuantity" : {
        "value" : 0.81,
        "unit" : "mg/dL",
        "system" : "http://unitsofmeasure.org",
        "code" : "mg/dL"
      }
    }],
    "value" : 72,
    "_value" : {
      "extension" : [{
        "url" : "http://hl7.org/fhir/StructureDefinition/quantity-precision",
        "valueInteger" : 1
      }]
    },
    "unit" : "µmol/l",
    "system" : "http://unitsofmeasure.org",
    "code" : "umol/L"
  },
  "interpretation" : [{
    "coding" : [{
      "system" : "http://terminology.hl7.org/CodeSystem/v3-ObservationInterpretation",
      "code" : "N"
    }]
  }],
  "referenceRange" : [{
    "low" : {
      "value" : 72
    },
    "high" : {
      "value" : 127
    },
    "type" : {
      "coding" : [{
        "system" : "http://terminology.hl7.org/CodeSystem/referencerange-meaning",
        "code" : "normal",
        "display" : "Normal Range"
      }]
    }
  }]
}