{
  "resourceType" : "PractitionerRole",
  "id" : "Example-UTNPractitionerRole",
  "meta" : {
    "profile" : ["http://utn/consentresource.com/StructureDefinition/utn-PR-Base-PractitionerRole",
    "https://fhir.kbv.de/StructureDefinition/KBV_PR_Base_PractitionerRole"]
  },
  "text" : {
    "status" : "generated",
    "div" : "<div xmlns=\"http://www.w3.org/1999/xhtml\"><p class=\"res-header-id\"><b>Generated Narrative: PractitionerRole Example-UTNPractitionerRole</b></p><a name=\"Example-UTNPractitionerRole\"> </a><a name=\"hcExample-UTNPractitionerRole\"> </a><a name=\"Example-UTNPractitionerRole-en-US\"> </a><div style=\"display: inline-block; background-color: #d9e0e7; padding: 6px; margin: 4px; border: 1px solid #8da1b4; border-radius: 5px; line-height: 60%\"><p style=\"margin-bottom: 0px\"/><p style=\"margin-bottom: 0px\">Profiles: <a href=\"StructureDefinition-utn-PR-Base-PractitionerRole.html\">UTN Practitioner Role</a>, <a href=\"https://simplifier.net/resolve?scope=kbv.basis@1.7.0&amp;canonical=https://fhir.kbv.de/StructureDefinition/KBV_PR_Base_PractitionerRole\">KBV_PR_Base_PractitionerRole</a></p></div><p><b>practitioner</b>: <a href=\"https://simplifier.net/resolve?scope=de.medizininformatikinitiative.kerndatensatz.consent@1.0.7&amp;canonical=de.medizininformatikinitiative.kerndatensatz.consent/Practitioner/20597e0e-cb2a-45b3-95f0-dc3dbdb617c3\">Practitioner/20597e0e-cb2a-45b3-95f0-dc3dbdb617c3</a></p><p><b>organization</b>: Identifier: <code>http://fhir.de/NamingSystem/asv/teamnummer</code>/001234566</p><p><b>code</b>: <span title=\"Codes:{https://fhir.kbv.de/CodeSystem/KBV_CS_Base_Role_Care AD}\">Ärztliche(r) DirektorIn</span></p><p><b>specialty</b>: <span title=\"Codes:{https://fhir.kbv.de/CodeSystem/KBV_CS_SFHIR_BAR2_ARZTNRFACHGRUPPE 01}\">Allgemeinmedizin</span></p></div>"
  },
  "practitioner" : {
    "reference" : "Practitioner/20597e0e-cb2a-45b3-95f0-dc3dbdb617c3"
  },
  "organization" : {
    "identifier" : {
      "system" : "http://fhir.de/NamingSystem/asv/teamnummer",
      "value" : "001234566"
    }
  },
  "code" : [{
    "coding" : [{
      "system" : "https://fhir.kbv.de/CodeSystem/KBV_CS_Base_Role_Care",
      "code" : "AD",
      "display" : "Ärztliche(r) DirektorIn"
    }]
  }],
  "specialty" : [{
    "coding" : [{
      "system" : "https://fhir.kbv.de/CodeSystem/KBV_CS_SFHIR_BAR2_ARZTNRFACHGRUPPE",
      "code" : "01",
      "display" : "Allgemeinmedizin"
    }]
  }]
}