{
  "resourceType" : "Procedure",
  "id" : "Example-UTN-VVECMO",
  "meta" : {
    "profile" : ["https://www.utn-num.de/fhir/StructureDefinition/utn-icu-extrakorporales-verfahren",
    "https://www.medizininformatik-initiative.de/fhir/ext/modul-icu/StructureDefinition/extrakorporales-verfahren"]
  },
  "text" : {
    "status" : "generated",
    "div" : "<div xmlns=\"http://www.w3.org/1999/xhtml\"><p class=\"res-header-id\"><b>Generated Narrative: Procedure Example-UTN-VVECMO</b></p><a name=\"Example-UTN-VVECMO\"> </a><a name=\"hcExample-UTN-VVECMO\"> </a><div style=\"display: inline-block; background-color: #d9e0e7; padding: 6px; margin: 4px; border: 1px solid #8da1b4; border-radius: 5px; line-height: 60%\"><p style=\"margin-bottom: 0px\"/><p style=\"margin-bottom: 0px\">Profiles: <a href=\"StructureDefinition-utn-icu-extrakorporales-verfahren.html\">MII PR ICU Extrakorporales Verfahren</a>, <a href=\"https://simplifier.net/resolve?scope=de.medizininformatikinitiative.kerndatensatz.icu@2025.0.4&amp;canonical=https://www.medizininformatik-initiative.de/fhir/ext/modul-icu/StructureDefinition/extrakorporales-verfahren\">SD MII ICU Extrakorporales Verfahren</a></p></div><p><b>status</b>: Completed</p><p><b>category</b>: <span title=\"Codes:\">277132007</span></p><p><b>code</b>: <span title=\"Codes:{http://snomed.info/sct 786453001}\">Venovenous extracorporeal membrane oxygenation (procedure)</span></p><p><b>subject</b>: <a href=\"Patient-utn-patient-2.html\">Anna Müller  Female, DoB: 1985-03-12 ( MR)</a></p><p><b>encounter</b>: <a href=\"Encounter-Example-UTN-Encounter-PRtoPR.html\">Encounter: status = in-progress; class = inpatient encounter (ActCode#IMP); type = intensivstationaer; serviceType = Intensivmedizin; period = 2025-01-14 08:00:00+1000 --&gt; (ongoing)</a></p><p><b>performed</b>: 2025-01-14 16:48:00+1000 --&gt; (ongoing)</p></div>"
  },
  "status" : "completed",
  "category" : {
    "coding" : [{
      "code" : "277132007"
    }]
  },
  "code" : {
    "coding" : [{
      "system" : "http://snomed.info/sct",
      "version" : "http://snomed.info/sct/900000000000207008/version/20241101",
      "code" : "786453001",
      "display" : "Venovenous extracorporeal membrane oxygenation (procedure)"
    }]
  },
  "subject" : {
    "reference" : "Patient/utn-patient-2"
  },
  "encounter" : {
    "reference" : "Encounter/Example-UTN-Encounter-PRtoPR"
  },
  "performedPeriod" : {
    "start" : "2025-01-14T16:48:00+10:00"
  }
}